
> cvg-operational-harness@1.0.0 test:coverage
> vitest run --coverage --no-file-parallelism --maxWorkers=2


[1m[30m[46m RUN [49m[39m[22m [36mv4.1.11 [39m[90m/tmp/cvg-aud0591-20260930/repo[39m
      [2mCoverage enabled with [22m[33mv8[39m

 [32m✓[39m apps/api/src/__tests__/postgres-persistence-mode.test.ts [2m([22m[2m71 tests[22m[2m)[22m[33m 28586[2mms[22m[39m
     [33m[2m✓[22m[39m commits and rolls back the tenant-scoped runtime finalizer atomically [33m 865[2mms[22m[39m
     [33m[2m✓[22m[39m validates tenant-scoped startup with separate migration and runtime roles [33m 1143[2mms[22m[39m
     [33m[2m✓[22m[39m rejects missing rate-limit table or index before PostgreSQL startup [33m 889[2mms[22m[39m
     [33m[2m✓[22m[39m blocks serving boot after fencing constraint moved to another table [33m 948[2mms[22m[39m
     [33m[2m✓[22m[39m blocks serving boot after fencing CHECK replaced by true [33m 959[2mms[22m[39m
     [33m[2m✓[22m[39m blocks serving boot after generation CHECK becomes permissive [33m 989[2mms[22m[39m
     [33m[2m✓[22m[39m blocks serving boot after fencing CHECK is NOT VALID [33m 963[2mms[22m[39m
     [33m[2m✓[22m[39m blocks serving boot after event key CHECK becomes permissive [33m 1031[2mms[22m[39m
     [33m[2m✓[22m[39m blocks serving boot after status CHECK becomes permissive [33m 1060[2mms[22m[39m
     [33m[2m✓[22m[39m blocks serving boot after created_at becomes nullable [33m 953[2mms[22m[39m
     [33m[2m✓[22m[39m blocks serving boot after created_at default disappears [33m 949[2mms[22m[39m
     [33m[2m✓[22m[39m blocks serving boot after lease_generation becomes nullable [33m 885[2mms[22m[39m
     [33m[2m✓[22m[39m blocks serving boot after lease_generation default disappears [33m 947[2mms[22m[39m
     [33m[2m✓[22m[39m blocks serving boot after lease token type changes [33m 895[2mms[22m[39m
     [33m[2m✓[22m[39m blocks serving boot after unexpected NOT NULL column blocks reservations [33m 957[2mms[22m[39m
     [33m[2m✓[22m[39m blocks serving boot after PK becomes deferrable [33m 935[2mms[22m[39m
     [33m[2m✓[22m[39m blocks serving boot after table becomes unlogged [33m 938[2mms[22m[39m
     [33m[2m✓[22m[39m blocks serving boot after table inherits another table [33m 958[2mms[22m[39m
     [33m[2m✓[22m[39m blocks serving boot after expiry index is on the wrong column [33m 1011[2mms[22m[39m
     [33m[2m✓[22m[39m blocks serving boot after expiry index has a predicate [33m 1005[2mms[22m[39m
     [33m[2m✓[22m[39m blocks serving boot after expiry index is unique [33m 1010[2mms[22m[39m
     [33m[2m✓[22m[39m blocks serving boot after extra unique index changes replay writes [33m 975[2mms[22m[39m
     [33m[2m✓[22m[39m blocks serving boot after expiry index name exists on another table [33m 975[2mms[22m[39m
     [33m[2m✓[22m[39m blocks serving boot after user trigger suppresses reservation [33m 914[2mms[22m[39m
     [33m[2m✓[22m[39m blocks serving boot after rewrite rule suppresses reservation [33m 907[2mms[22m[39m
     [33m[2m✓[22m[39m blocks serving boot after cross-schema FK references replay state [33m 921[2mms[22m[39m
     [33m[2m✓[22m[39m blocks serving boot after RLS policy is installed [33m 923[2mms[22m[39m
     [33m[2m✓[22m[39m blocks an invalid expiry index left by a failed concurrent build [33m 911[2mms[22m[39m
     [33m[2m✓[22m[39m blocks a CHECK bound to an application function [33m 884[2mms[22m[39m
 [32m✓[39m apps/api/src/__tests__/approval-decision-atomicity-postgres.test.ts [2m([22m[2m8 tests[22m[2m)[22m[33m 6516[2mms[22m[39m
     [33m[2m✓[22m[39m applies migration 0021 exactly-once guard [33m 774[2mms[22m[39m
     [33m[2m✓[22m[39m blocks migration 0021 when legacy duplicate decision keys exist [33m 768[2mms[22m[39m
     [33m[2m✓[22m[39m rejects a valid-looking index with the wrong definition [33m 744[2mms[22m[39m
     [33m[2m✓[22m[39m rejects an invalid and not-ready unique index [33m 762[2mms[22m[39m
     [33m[2m✓[22m[39m converges concurrent applications of migration 0021 [33m 761[2mms[22m[39m
     [33m[2m✓[22m[39m retries converge with exactly one audit event after an injected crash [33m 922[2mms[22m[39m
     [33m[2m✓[22m[39m identical concurrent decisions keep one winner and one audit event [33m 839[2mms[22m[39m
     [33m[2m✓[22m[39m worker recovery preserves the decision envelope after audit failure [33m 945[2mms[22m[39m
 [32m✓[39m apps/api/src/__tests__/rate-limit-distributed-postgres.test.ts [2m([22m[2m9 tests[22m[2m)[22m[33m 5412[2mms[22m[39m
     [33m[2m✓[22m[39m shares one budget across instances and restarts [33m 864[2mms[22m[39m
     [33m[2m✓[22m[39m resets the budget when the window expires [33m 1206[2mms[22m[39m
     [33m[2m✓[22m[39m serializes concurrent first checks for one logical budget [33m 830[2mms[22m[39m
     [33m[2m✓[22m[39m fails closed at active capacity without evicting an existing budget [33m 798[2mms[22m[39m
     [33m[2m✓[22m[39m enforces the shared budget at the HTTP boundary [33m 1706[2mms[22m[39m
 [32m✓[39m apps/worker/src/__tests__/operational-harness-homolog.integration.test.ts [2m([22m[2m3 tests[22m[2m)[22m[33m 6303[2mms[22m[39m
     [33m[2m✓[22m[39m reclaims a SIGKILLed claim in a second process with one terminal outcome [33m 3917[2mms[22m[39m
     [33m[2m✓[22m[39m refuses to start without arming, database or outside homolog scope [33m 924[2mms[22m[39m
     [33m[2m✓[22m[39m drains cleanly on SIGTERM with no work pending [33m 1460[2mms[22m[39m
 [32m✓[39m apps/api/src/__tests__/operator-session-postgres.test.ts [2m([22m[2m18 tests[22m[2m)[22m[33m 5764[2mms[22m[39m
     [33m[2m✓[22m[39m enforces the two-second database operation bound [33m 2090[2mms[22m[39m
     [33m[2m✓[22m[39m denies consumption after expiry while waiting on a row lock [33m 1498[2mms[22m[39m
     [33m[2m✓[22m[39m detects OIDC state schema and privilege drift before serving [33m 366[2mms[22m[39m
 [32m✓[39m packages/persistence/src/__tests__/platform-postgres-smoke.test.ts [2m([22m[2m5 tests[22m[2m)[22m[33m 3984[2mms[22m[39m
     [33m[2m✓[22m[39m persists an immutable published version and a tenant-scoped trace [33m 855[2mms[22m[39m
     [33m[2m✓[22m[39m persists versioned suites and redacted A/B run metadata under tenant RLS [33m 781[2mms[22m[39m
     [33m[2m✓[22m[39m persists tenant-scoped plugin metadata with immutable identity and guarded status [33m 770[2mms[22m[39m
     [33m[2m✓[22m[39m persists tenant-scoped knowledge source metadata without content or lifecycle bypass [33m 792[2mms[22m[39m
     [33m[2m✓[22m[39m persists a validated release-candidate evidence ledger without mutating the version [33m 784[2mms[22m[39m
 [32m✓[39m apps/worker/src/__tests__/operational-harness-capability-postgres.integration.test.ts [2m([22m[2m4 tests[22m[2m)[22m[33m 3542[2mms[22m[39m
     [33m[2m✓[22m[39m replays a confirmed capability effect after a fresh pool/composition and isolates tenants [33m 863[2mms[22m[39m
     [33m[2m✓[22m[39m persists an uncertain capability effect and rejects retry after fresh composition [33m 878[2mms[22m[39m
     [33m[2m✓[22m[39m executes the capability through the durable PostgreSQL worker path for isolated tenants [33m 880[2mms[22m[39m
     [33m[2m✓[22m[39m recovers a durable approval and executes the capability after fresh worker composition [33m 919[2mms[22m[39m
{"event":"worker.started","level":"info","timestamp":"2026-09-30T03:50:19.480Z","workerId":"worker-pg-continuous-192-a","concurrency":2,"pollIntervalMs":5,"idleMaxBackoffMs":5000,"errorBackoffMs":500,"errorMaxBackoffMs":30000,"leaseMs":1000,"heartbeatIntervalMs":333,"drainMs":5000,"backlogProbe":true,"sweeps":false,"externalEffects":false,"durable":true}
{"event":"worker.outbox.summary","level":"info","timestamp":"2026-09-30T03:50:19.481Z","workerId":"worker-pg-continuous-192-a","reason":"start","claimed":0,"processed":0,"failed":0,"deadLettered":0,"handoffs":0,"errors":0,"claimFailures":0,"leaseLost":0,"heartbeats":0,"idlePolls":0,"released":0,"lag":null,"inFlight":0}
{"event":"worker.metric","name":"worker_outbox_lag","value":0,"attributes":{"operation":"outbox"},"timestamp":"2026-09-30T03:50:19.514Z"}
{"event":"worker.idle_backoff","level":"debug","timestamp":"2026-09-30T03:50:19.515Z","workerId":"worker-pg-continuous-192-a","backoffMs":5,"lag":0}
{"event":"worker.idle_backoff","level":"debug","timestamp":"2026-09-30T03:50:19.524Z","workerId":"worker-pg-continuous-192-a","backoffMs":10,"lag":0}
{"event":"worker.idle_backoff","level":"debug","timestamp":"2026-09-30T03:50:19.538Z","workerId":"worker-pg-continuous-192-a","backoffMs":20,"lag":0}
{"event":"worker.metric","name":"worker_outbox_processed_total","value":1,"attributes":{"status":"processed"},"timestamp":"2026-09-30T03:50:19.539Z"}
{"event":"worker.outbox.processed","level":"info","timestamp":"2026-09-30T03:50:19.539Z","eventId":"outbox_614f7da7-51cc-4e75-9af5-763601891d10","workerId":"worker-pg-continuous-192-a","status":"processed","attempt":1,"leaseLost":false,"operation":"outbox"}
{"event":"worker.idle_backoff","level":"debug","timestamp":"2026-09-30T03:50:19.564Z","workerId":"worker-pg-continuous-192-a","backoffMs":40,"lag":0}
{"event":"worker.outbox.summary","level":"info","timestamp":"2026-09-30T03:50:19.564Z","workerId":"worker-pg-continuous-192-a","reason":"stop","claimed":1,"processed":1,"failed":0,"deadLettered":0,"handoffs":0,"errors":0,"claimFailures":0,"leaseLost":0,"heartbeats":0,"idlePolls":4,"released":0,"lag":0,"inFlight":0}
{"event":"worker.stopped","level":"info","timestamp":"2026-09-30T03:50:19.564Z","workerId":"worker-pg-continuous-192-a","drained":true,"released":0,"releaseFailed":0,"processed":1,"failed":0,"deadLettered":0,"lag":0}
{"event":"worker.started","level":"info","timestamp":"2026-09-30T03:50:19.575Z","workerId":"worker-pg-continuous-192-b","concurrency":2,"pollIntervalMs":5,"idleMaxBackoffMs":5000,"errorBackoffMs":500,"errorMaxBackoffMs":30000,"leaseMs":1000,"heartbeatIntervalMs":333,"drainMs":5000,"backlogProbe":true,"sweeps":false,"externalEffects":false,"durable":true}
{"event":"worker.outbox.summary","level":"info","timestamp":"2026-09-30T03:50:19.575Z","workerId":"worker-pg-continuous-192-b","reason":"start","claimed":0,"processed":0,"failed":0,"deadLettered":0,"handoffs":0,"errors":0,"claimFailures":0,"leaseLost":0,"heartbeats":0,"idlePolls":0,"released":0,"lag":null,"inFlight":0}
{"event":"worker.metric","name":"worker_outbox_lag","value":0,"attributes":{"operation":"outbox"},"timestamp":"2026-09-30T03:50:19.599Z"}
{"event":"worker.metric","name":"worker_outbox_dead_lettered_total","value":1,"attributes":{"status":"dead_letter"},"timestamp":"2026-09-30T03:50:19.611Z"}
{"event":"worker.outbox.dead_letter","level":"info","timestamp":"2026-09-30T03:50:19.611Z","eventId":"outbox_56e0de00-b02e-4fc8-9ce4-f6ae0b1fe747","workerId":"worker-pg-continuous-192-b","status":"dead_letter","attempt":1,"leaseLost":false,"error":"[redacted-outbox-error]","operation":"outbox"}
{"event":"worker.idle_backoff","level":"debug","timestamp":"2026-09-30T03:50:19.619Z","workerId":"worker-pg-continuous-192-b","backoffMs":5,"lag":0}
{"event":"worker.metric","name":"worker_outbox_processed_total","value":1,"attributes":{"status":"processed"},"timestamp":"2026-09-30T03:50:19.623Z"}
{"event":"worker.outbox.processed","level":"info","timestamp":"2026-09-30T03:50:19.623Z","eventId":"outbox_f4e89bbf-af03-48aa-9a94-8f16e17889fa","workerId":"worker-pg-continuous-192-b","status":"processed","attempt":1,"leaseLost":false,"operation":"outbox"}
{"event":"worker.idle_backoff","level":"debug","timestamp":"2026-09-30T03:50:19.630Z","workerId":"worker-pg-continuous-192-b","backoffMs":10,"lag":0}
{"event":"worker.outbox.summary","level":"info","timestamp":"2026-09-30T03:50:19.630Z","workerId":"worker-pg-continuous-192-b","reason":"stop","claimed":2,"processed":1,"failed":0,"deadLettered":1,"handoffs":0,"errors":0,"claimFailures":0,"leaseLost":0,"heartbeats":0,"idlePolls":2,"released":0,"lag":0,"inFlight":0}
{"event":"worker.stopped","level":"info","timestamp":"2026-09-30T03:50:19.630Z","workerId":"worker-pg-continuous-192-b","drained":true,"released":0,"releaseFailed":0,"processed":1,"failed":0,"deadLettered":1,"lag":0}
{"event":"worker.started","level":"info","timestamp":"2026-09-30T03:50:20.775Z","workerId":"worker-pg-continuous-192-d","concurrency":2,"pollIntervalMs":5,"idleMaxBackoffMs":5000,"errorBackoffMs":500,"errorMaxBackoffMs":30000,"leaseMs":1000,"heartbeatIntervalMs":333,"drainMs":5000,"backlogProbe":true,"sweeps":false,"externalEffects":false,"durable":true}
{"event":"worker.outbox.summary","level":"info","timestamp":"2026-09-30T03:50:20.776Z","workerId":"worker-pg-continuous-192-d","reason":"start","claimed":0,"processed":0,"failed":0,"deadLettered":0,"handoffs":0,"errors":0,"claimFailures":0,"leaseLost":0,"heartbeats":0,"idlePolls":0,"released":0,"lag":null,"inFlight":0}
{"event":"worker.metric","name":"worker_outbox_lag","value":0,"attributes":{"operation":"outbox"},"timestamp":"2026-09-30T03:50:20.798Z"}
{"event":"worker.metric","name":"worker_outbox_processed_total","value":1,"attributes":{"status":"processed"},"timestamp":"2026-09-30T03:50:20.811Z"}
{"event":"worker.outbox.processed","level":"info","timestamp":"2026-09-30T03:50:20.811Z","eventId":"outbox_32b7ffc6-4420-4a8d-9506-8ae53cc81337","workerId":"worker-pg-continuous-192-d","status":"processed","attempt":1,"leaseLost":false,"operation":"outbox"}
{"event":"worker.metric","name":"worker_outbox_processed_total","value":1,"attributes":{"status":"processed"},"timestamp":"2026-09-30T03:50:20.814Z"}
{"event":"worker.outbox.processed","level":"info","timestamp":"2026-09-30T03:50:20.814Z","eventId":"outbox_2c0941a8-6aef-463c-9251-d00538d78a51","workerId":"worker-pg-continuous-192-d","status":"processed","attempt":1,"leaseLost":false,"operation":"outbox"}
{"event":"worker.idle_backoff","level":"debug","timestamp":"2026-09-30T03:50:20.817Z","workerId":"worker-pg-continuous-192-d","backoffMs":5,"lag":0}
{"event":"worker.idle_backoff","level":"debug","timestamp":"2026-09-30T03:50:20.825Z","workerId":"worker-pg-continuous-192-d","backoffMs":10,"lag":0}
{"event":"worker.outbox.summary","level":"info","timestamp":"2026-09-30T03:50:20.826Z","workerId":"worker-pg-continuous-192-d","reason":"stop","claimed":2,"processed":2,"failed":0,"deadLettered":0,"handoffs":0,"errors":0,"claimFailures":0,"leaseLost":0,"heartbeats":0,"idlePolls":2,"released":0,"lag":0,"inFlight":0}
{"event":"worker.stopped","level":"info","timestamp":"2026-09-30T03:50:20.826Z","workerId":"worker-pg-continuous-192-d","drained":true,"released":0,"releaseFailed":0,"processed":2,"failed":0,"deadLettered":0,"lag":0}
{"event":"worker.started","level":"info","timestamp":"2026-09-30T03:50:20.830Z","workerId":"worker-pg-continuous-192-e","concurrency":1,"pollIntervalMs":5,"idleMaxBackoffMs":5000,"errorBackoffMs":500,"errorMaxBackoffMs":30000,"leaseMs":1000,"heartbeatIntervalMs":333,"drainMs":5000,"backlogProbe":true,"sweeps":false,"externalEffects":false,"durable":true}
{"event":"worker.outbox.summary","level":"info","timestamp":"2026-09-30T03:50:20.830Z","workerId":"worker-pg-continuous-192-e","reason":"start","claimed":0,"processed":0,"failed":0,"deadLettered":0,"handoffs":0,"errors":0,"claimFailures":0,"leaseLost":0,"heartbeats":0,"idlePolls":0,"released":0,"lag":null,"inFlight":0}
{"event":"worker.metric","name":"worker_outbox_lag","value":0,"attributes":{"operation":"outbox"},"timestamp":"2026-09-30T03:50:20.847Z"}
{"event":"worker.shutdown_release","level":"warn","timestamp":"2026-09-30T03:50:20.891Z","eventId":"outbox_d5d17ff0-f185-425c-9b05-7a3862034d01","workerId":"worker-pg-continuous-192-e","operation":"outbox"}
{"event":"worker.metric","name":"worker_outbox_shutdown_releases_total","value":1,"attributes":{"outcome":"released"},"timestamp":"2026-09-30T03:50:20.892Z"}
{"event":"worker.outbox.summary","level":"info","timestamp":"2026-09-30T03:50:20.892Z","workerId":"worker-pg-continuous-192-e","reason":"stop","claimed":1,"processed":0,"failed":0,"deadLettered":0,"handoffs":0,"errors":0,"claimFailures":0,"leaseLost":0,"heartbeats":0,"idlePolls":0,"released":1,"lag":0,"inFlight":1}
{"event":"worker.stopped","level":"info","timestamp":"2026-09-30T03:50:20.892Z","workerId":"worker-pg-continuous-192-e","drained":false,"released":1,"releaseFailed":0,"processed":0,"failed":0,"deadLettered":0,"lag":0}
{"event":"worker.event_error","level":"error","timestamp":"2026-09-30T03:50:20.896Z","eventId":"outbox_d5d17ff0-f185-425c-9b05-7a3862034d01","workerId":"worker-pg-continuous-192-e","attempt":1,"error":"outbox_error:conflict","operation":"outbox"}
{"event":"worker.metric","name":"worker_outbox_errors_total","value":1,"attributes":{"outcome":"error"},"timestamp":"2026-09-30T03:50:20.896Z"}
{"event":"worker.started","level":"info","timestamp":"2026-09-30T03:50:20.899Z","workerId":"worker-pg-continuous-192-f","concurrency":2,"pollIntervalMs":5,"idleMaxBackoffMs":5000,"errorBackoffMs":500,"errorMaxBackoffMs":30000,"leaseMs":1000,"heartbeatIntervalMs":333,"drainMs":5000,"backlogProbe":true,"sweeps":false,"externalEffects":false,"durable":true}
{"event":"worker.outbox.summary","level":"info","timestamp":"2026-09-30T03:50:20.899Z","workerId":"worker-pg-continuous-192-f","reason":"start","claimed":0,"processed":0,"failed":0,"deadLettered":0,"handoffs":0,"errors":0,"claimFailures":0,"leaseLost":0,"heartbeats":0,"idlePolls":0,"released":0,"lag":null,"inFlight":0}
{"event":"worker.metric","name":"worker_outbox_lag","value":0,"attributes":{"operation":"outbox"},"timestamp":"2026-09-30T03:50:20.913Z"}
{"event":"worker.idle_backoff","level":"debug","timestamp":"2026-09-30T03:50:20.914Z","workerId":"worker-pg-continuous-192-f","backoffMs":5,"lag":0}
{"event":"worker.idle_backoff","level":"debug","timestamp":"2026-09-30T03:50:20.922Z","workerId":"worker-pg-continuous-192-f","backoffMs":10,"lag":0}
{"event":"worker.idle_backoff","level":"debug","timestamp":"2026-09-30T03:50:20.934Z","workerId":"worker-pg-continuous-192-f","backoffMs":20,"lag":0}
{"event":"worker.idle_backoff","level":"debug","timestamp":"2026-09-30T03:50:20.957Z","workerId":"worker-pg-continuous-192-f","backoffMs":40,"lag":0}
{"event":"worker.idle_backoff","level":"debug","timestamp":"2026-09-30T03:50:21.001Z","workerId":"worker-pg-continuous-192-f","backoffMs":80,"lag":0}
{"event":"worker.idle_backoff","level":"debug","timestamp":"2026-09-30T03:50:21.083Z","workerId":"worker-pg-continuous-192-f","backoffMs":160,"lag":0}
{"event":"worker.idle_backoff","level":"debug","timestamp":"2026-09-30T03:50:21.246Z","workerId":"worker-pg-continuous-192-f","backoffMs":320,"lag":0}
{"event":"worker.idle_backoff","level":"debug","timestamp":"2026-09-30T03:50:21.569Z","workerId":"worker-pg-continuous-192-f","backoffMs":640,"lag":0}
{"event":"worker.outbox.summary","level":"info","timestamp":"2026-09-30T03:50:21.900Z","workerId":"worker-pg-continuous-192-f","reason":"interval","claimed":0,"processed":0,"failed":0,"deadLettered":0,"handoffs":0,"errors":0,"claimFailures":0,"leaseLost":0,"heartbeats":0,"idlePolls":8,"released":0,"lag":0,"inFlight":0}
{"event":"worker.metric","name":"worker_outbox_lag","value":0,"attributes":{"operation":"outbox"},"timestamp":"2026-09-30T03:50:22.227Z"}
{"event":"worker.idle_backoff","level":"debug","timestamp":"2026-09-30T03:50:22.227Z","workerId":"worker-pg-continuous-192-f","backoffMs":5,"lag":0}
{"event":"worker.idle_backoff","level":"debug","timestamp":"2026-09-30T03:50:22.235Z","workerId":"worker-pg-continuous-192-f","backoffMs":10,"lag":0}
{"event":"worker.metric","name":"worker_outbox_processed_total","value":1,"attributes":{"status":"processed"},"timestamp":"2026-09-30T03:50:22.243Z"}
{"event":"worker.outbox.processed","level":"info","timestamp":"2026-09-30T03:50:22.243Z","eventId":"outbox_d5d17ff0-f185-425c-9b05-7a3862034d01","workerId":"worker-pg-continuous-192-f","status":"processed","attempt":2,"leaseLost":false,"operation":"outbox"}
{"event":"worker.idle_backoff","level":"debug","timestamp":"2026-09-30T03:50:22.250Z","workerId":"worker-pg-continuous-192-f","backoffMs":20,"lag":0}
{"event":"worker.outbox.summary","level":"info","timestamp":"2026-09-30T03:50:22.260Z","workerId":"worker-pg-continuous-192-f","reason":"stop","claimed":1,"processed":1,"failed":0,"deadLettered":0,"handoffs":0,"errors":0,"claimFailures":0,"leaseLost":0,"heartbeats":0,"idlePolls":11,"released":0,"lag":0,"inFlight":0}
{"event":"worker.stopped","level":"info","timestamp":"2026-09-30T03:50:22.260Z","workerId":"worker-pg-continuous-192-f","drained":true,"released":0,"releaseFailed":0,"processed":1,"failed":0,"deadLettered":0,"lag":0}
 [32m✓[39m apps/worker/src/__tests__/continuous-worker-postgres.integration.test.ts [2m([22m[2m2 tests[22m[2m)[22m[33m 3698[2mms[22m[39m
     [33m[2m✓[22m[39m consumes events across a simulated restart and dead-letters a poison event [33m 1084[2mms[22m[39m
     [33m[2m✓[22m[39m observes queue lag, completes in-flight work on shutdown and releases bounded leases [33m 2612[2mms[22m[39m
 [32m✓[39m apps/worker/src/__tests__/continuous-worker-entrypoint.integration.test.ts [2m([22m[2m2 tests[22m[2m)[22m[33m 3451[2mms[22m[39m
     [33m[2m✓[22m[39m consumes events around a restart and drains on a real SIGTERM without loss or duplication [33m 2098[2mms[22m[39m
     [33m[2m✓[22m[39m runs the role preflight before the first claim and leaves the queue untouched on rejection [33m 1350[2mms[22m[39m
 [32m✓[39m apps/api/src/__tests__/tenant-schema-inventory-postgres.test.ts [2m([22m[2m4 tests[22m[2m)[22m[33m 3383[2mms[22m[39m
     [33m[2m✓[22m[39m every tenant_id table in the catalog is inventoried and verified [33m 881[2mms[22m[39m
     [33m[2m✓[22m[39m fails when a tenant-scoped table is removed [33m 790[2mms[22m[39m
     [33m[2m✓[22m[39m fails when migration 0022 is not applied [33m 793[2mms[22m[39m
     [33m[2m✓[22m[39m fails a least-privilege role without grants on new tables [33m 917[2mms[22m[39m
 [32m✓[39m apps/api/src/__tests__/readiness.test.ts [2m([22m[2m11 tests[22m[2m)[22m[33m 2908[2mms[22m[39m
     [33m[2m✓[22m[39m returns 503 when destruction rejects the timed out query [33m 913[2mms[22m[39m
     [33m[2m✓[22m[39m bounds pending pool admission and destroys a late client exactly once [33m 918[2mms[22m[39m
     [33m[2m✓[22m[39m ignores late query success and recovers after the outstanding operation settles [33m 911[2mms[22m[39m
 [32m✓[39m packages/persistence/src/__tests__/outbox-durability.test.ts [2m([22m[2m6 tests[22m[2m)[22m[33m 2593[2mms[22m[39m
     [33m[2m✓[22m[39m backfills a legacy processed row while RLS is already forced [33m 485[2mms[22m[39m
     [33m[2m✓[22m[39m redacts legacy rows without making routable pending work disappear [33m 472[2mms[22m[39m
     [33m[2m✓[22m[39m claims once across two connections, journals at-least-once ack, retries and requeues in-place [33m 821[2mms[22m[39m
     [33m[2m✓[22m[39m commits inbound message and durable intent together [33m 807[2mms[22m[39m
 [32m✓[39m packages/persistence/src/__tests__/outbox-content-binding-postgres.test.ts [2m([22m[2m3 tests[22m[2m)[22m[33m 2437[2mms[22m[39m
     [33m[2m✓[22m[39m returns the same record for an identical replay across instances [33m 845[2mms[22m[39m
     [33m[2m✓[22m[39m rejects divergent type/payload/version without mutating the winner [33m 798[2mms[22m[39m
     [33m[2m✓[22m[39m lets one concurrent divergent writer win and rejects the other [33m 792[2mms[22m[39m
 [32m✓[39m legacy/packages/secretary-journeys/src/__tests__/journeys-postgres.test.ts [2m([22m[2m24 tests[22m[2m)[22m[33m 1949[2mms[22m[39m
     [33m[2m✓[22m[39m applies 0014 additively over a 0013 database and preserves prior data [33m 868[2mms[22m[39m
 [32m✓[39m apps/api/src/__tests__/journeys-api-postgres.test.ts [2m([22m[2m10 tests[22m[2m)[22m[33m 2043[2mms[22m[39m
     [33m[2m✓[22m[39m applies migration 0014 during postgres startup before serving journeys [33m 827[2mms[22m[39m
 [32m✓[39m packages/persistence/src/__tests__/tenant-isolation.test.ts [2m([22m[2m14 tests[22m[2m)[22m[33m 1832[2mms[22m[39m
     [33m[2m✓[22m[39m enforces cross-tenant isolation with a non-BYPASSRLS role and resets pooled context [33m 876[2mms[22m[39m
     [33m[2m✓[22m[39m quarantines legacy tenant mismatches before enabling RLS [33m 927[2mms[22m[39m
 [32m✓[39m packages/persistence/src/__tests__/runtime-approval-store-postgres.test.ts [2m([22m[2m11 tests[22m[2m)[22m[33m 1840[2mms[22m[39m
     [33m[2m✓[22m[39m applies 0015 additively over 0014 with the checksum guard [33m 827[2mms[22m[39m
 [32m✓[39m packages/persistence/src/__tests__/platform-approval-postgres.test.ts [2m([22m[2m2 tests[22m[2m)[22m[33m 1827[2mms[22m[39m
     [33m[2m✓[22m[39m persists bindings and consumes approvals atomically exactly once [33m 992[2mms[22m[39m
     [33m[2m✓[22m[39m enforces tenant visibility for the durable approval table under FORCE RLS [33m 833[2mms[22m[39m
 [32m✓[39m apps/worker/src/__tests__/operational-harness-process-restart.integration.test.ts [2m([22m[2m1 test[22m[2m)[22m[33m 1799[2mms[22m[39m
     [33m[2m✓[22m[39m reclaims a child-process claim after fault and completes with competing worker authority [33m 1797[2mms[22m[39m
 [32m✓[39m apps/api/src/__tests__/trusted-replay-distributed-postgres.test.ts [2m([22m[2m2 tests[22m[2m)[22m[33m 1909[2mms[22m[39m
     [33m[2m✓[22m[39m rejects the same token on a second process and after restart [33m 1056[2mms[22m[39m
     [33m[2m✓[22m[39m fails closed when the replay store is unavailable [33m 852[2mms[22m[39m
 [32m✓[39m packages/conversation/src/__tests__/postgres-conversation.integration.test.ts [2m([22m[2m1 test[22m[2m)[22m[33m 1875[2mms[22m[39m
     [33m[2m✓[22m[39m replays durable turns, coalesces claims, and isolates tenants on a disposable database [33m 1874[2mms[22m[39m
 [32m✓[39m tests/ci-bar-e2e-finalizer.test.js [2m([22m[2m4 tests[22m[2m)[22m[33m 1446[2mms[22m[39m
     [33m[2m✓[22m[39m checks both required snapshot hashes [33m 367[2mms[22m[39m
     [33m[2m✓[22m[39m rejects empty, incomplete and extra E2E hash maps [33m 537[2mms[22m[39m
     [33m[2m✓[22m[39m rejects log tampering and a coherent replacement of both report UUIDs [33m 364[2mms[22m[39m
 [32m✓[39m apps/worker/src/__tests__/kernel-composition-postgres.integration.test.ts [2m([22m[2m10 tests[22m[2m)[22m[33m 1304[2mms[22m[39m
 [32m✓[39m apps/worker/src/__tests__/postgres-role-preflight.test.ts [2m([22m[2m13 tests[22m[2m)[22m[33m 1180[2mms[22m[39m
 [32m✓[39m apps/worker/src/__tests__/postgres-outbox-bridge.integration.test.ts [2m([22m[2m2 tests[22m[2m)[22m[33m 1201[2mms[22m[39m
     [33m[2m✓[22m[39m consumes the event written by the API through a separate worker pool [33m 1198[2mms[22m[39m
 [32m✓[39m apps/worker/src/__tests__/operational-harness-iterative-postgres.integration.test.ts [2m([22m[2m1 test[22m[2m)[22m[33m 1152[2mms[22m[39m
     [33m[2m✓[22m[39m persists steps/checkpoints, isolates tenants, and resumes WAITING_USER on a fresh pool [33m 1150[2mms[22m[39m
 [32m✓[39m apps/web/src/features/platform/multi-agent-creation.test.tsx [2m([22m[2m6 tests[22m[2m)[22m[33m 1525[2mms[22m[39m
     [33m[2m✓[22m[39m creates Agent A and Agent B in one tenant-scoped session with isolated drafts [33m 685[2mms[22m[39m
 [32m✓[39m apps/api/src/__tests__/identity-composition-wiring.test.ts [2m([22m[2m11 tests[22m[2m)[22m[33m 789[2mms[22m[39m
     [33m[2m✓[22m[39m fails the real entrypoint closed in production without a configured resolver [33m 583[2mms[22m[39m
 [32m✓[39m legacy/packages/secretary-journeys/src/__tests__/journey-task-atomicity.test.ts [2m([22m[2m8 tests[22m[2m)[22m[33m 922[2mms[22m[39m
 [32m✓[39m apps/web/src/__tests__/app.test.tsx [2m([22m[2m15 tests[22m[2m)[22m[33m 1464[2mms[22m[39m
 [32m✓[39m packages/persistence/src/__tests__/operational-execution-postgres.test.ts [2m([22m[2m4 tests[22m[2m)[22m[33m 904[2mms[22m[39m
 [32m✓[39m apps/worker/src/__tests__/operational-harness-synthetic-effect-postgres.integration.test.ts [2m([22m[2m1 test[22m[2m)[22m[33m 995[2mms[22m[39m
     [33m[2m✓[22m[39m persists HTTP acceptance, one journaled synthetic effect, replay, and status [33m 993[2mms[22m[39m
 [32m✓[39m packages/persistence/src/__tests__/effect-journal-postgres.test.ts [2m([22m[2m10 tests[22m[2m)[22m[33m 908[2mms[22m[39m
 [32m✓[39m packages/persistence/src/__tests__/session-version-pinning-postgres.test.ts [2m([22m[2m2 tests[22m[2m)[22m[33m 864[2mms[22m[39m
     [33m[2m✓[22m[39m binds sessions atomically under the tenant-aware migration and never replaces the pin [33m 860[2mms[22m[39m
 [32m✓[39m apps/api/src/__tests__/homolog-correlation-postgres.test.ts [2m([22m[2m1 test[22m[2m)[22m[33m 1045[2mms[22m[39m
     [33m[2m✓[22m[39m binds the response correlation to one PII-free audit event [33m 1043[2mms[22m[39m
 [32m✓[39m packages/persistence/src/__tests__/attendance-approval-postgres.test.ts [2m([22m[2m1 test[22m[2m)[22m[33m 924[2mms[22m[39m
     [33m[2m✓[22m[39m forces two connections past the same pending read and rolls back failed audit [33m 922[2mms[22m[39m
 [32m✓[39m apps/worker/src/__tests__/homolog-health-postgres.test.ts [2m([22m[2m5 tests[22m[2m)[22m[33m 895[2mms[22m[39m
     [33m[2m✓[22m[39m reports healthy dependencies with queue depth [33m 885[2mms[22m[39m
 [32m✓[39m packages/persistence/src/__tests__/channel-effect-journal-postgres.test.ts [2m([22m[2m12 tests[22m[2m)[22m[33m 1058[2mms[22m[39m
 [32m✓[39m apps/worker/src/__tests__/homolog-worker-lifecycle.test.ts [2m([22m[2m4 tests[22m[2m)[22m[33m 1029[2mms[22m[39m
     [33m[2m✓[22m[39m fails the real process before ready when PostgreSQL is unavailable [33m 515[2mms[22m[39m
     [33m[2m✓[22m[39m emits controlled-memory readiness before the drain result [33m 507[2mms[22m[39m
 [32m✓[39m apps/web/src/__tests__/platform-panel.test.tsx [2m([22m[2m6 tests[22m[2m)[22m[33m 1341[2mms[22m[39m
     [33m[2m✓[22m[39m lists and transitions metadata-only plugin catalog entries with tenant scope [33m 536[2mms[22m[39m
{"event":"worker.started","level":"info","timestamp":"2026-09-30T03:51:44.644Z","workerId":"worker-restart-190-a","concurrency":2,"pollIntervalMs":5,"idleMaxBackoffMs":5000,"errorBackoffMs":500,"errorMaxBackoffMs":30000,"leaseMs":1000,"heartbeatIntervalMs":333,"drainMs":10000,"backlogProbe":true,"sweeps":false,"externalEffects":false,"durable":true}
{"event":"worker.outbox.summary","level":"info","timestamp":"2026-09-30T03:51:44.645Z","workerId":"worker-restart-190-a","reason":"start","claimed":0,"processed":0,"failed":0,"deadLettered":0,"handoffs":0,"errors":0,"claimFailures":0,"leaseLost":0,"heartbeats":0,"idlePolls":0,"released":0,"lag":null,"inFlight":0}
{"event":"worker.metric","name":"worker_outbox_lag","value":0,"attributes":{"operation":"outbox"},"timestamp":"2026-09-30T03:51:44.645Z"}
{"event":"worker.metric","name":"worker_outbox_processed_total","value":1,"attributes":{"status":"processed"},"timestamp":"2026-09-30T03:51:44.646Z"}
{"event":"worker.outbox.processed","level":"info","timestamp":"2026-09-30T03:51:44.646Z","eventId":"outbox_9502773b-84fd-4fc3-8b08-39f55fc10b85","workerId":"worker-restart-190-a","status":"processed","attempt":1,"leaseLost":false,"operation":"outbox"}
{"event":"worker.idle_backoff","level":"debug","timestamp":"2026-09-30T03:51:44.646Z","workerId":"worker-restart-190-a","backoffMs":5,"lag":0}
{"event":"worker.outbox.summary","level":"info","timestamp":"2026-09-30T03:51:44.651Z","workerId":"worker-restart-190-a","reason":"stop","claimed":1,"processed":1,"failed":0,"deadLettered":0,"handoffs":0,"errors":0,"claimFailures":0,"leaseLost":0,"heartbeats":0,"idlePolls":1,"released":0,"lag":0,"inFlight":0}
{"event":"worker.stopped","level":"info","timestamp":"2026-09-30T03:51:44.651Z","workerId":"worker-restart-190-a","drained":true,"released":0,"releaseFailed":0,"processed":1,"failed":0,"deadLettered":0,"lag":0}
{"event":"worker.started","level":"info","timestamp":"2026-09-30T03:51:44.651Z","workerId":"worker-restart-190-b","concurrency":2,"pollIntervalMs":5,"idleMaxBackoffMs":5000,"errorBackoffMs":500,"errorMaxBackoffMs":30000,"leaseMs":1000,"heartbeatIntervalMs":333,"drainMs":10000,"backlogProbe":true,"sweeps":false,"externalEffects":false,"durable":true}
{"event":"worker.outbox.summary","level":"info","timestamp":"2026-09-30T03:51:44.651Z","workerId":"worker-restart-190-b","reason":"start","claimed":0,"processed":0,"failed":0,"deadLettered":0,"handoffs":0,"errors":0,"claimFailures":0,"leaseLost":0,"heartbeats":0,"idlePolls":0,"released":0,"lag":null,"inFlight":0}
{"event":"worker.metric","name":"worker_outbox_lag","value":0,"attributes":{"operation":"outbox"},"timestamp":"2026-09-30T03:51:44.652Z"}
{"event":"worker.metric","name":"worker_outbox_processed_total","value":1,"attributes":{"status":"processed"},"timestamp":"2026-09-30T03:51:44.652Z"}
{"event":"worker.outbox.processed","level":"info","timestamp":"2026-09-30T03:51:44.652Z","eventId":"outbox_adc6eb39-abd7-40c8-b55a-2e836328e59e","workerId":"worker-restart-190-b","status":"processed","attempt":1,"leaseLost":false,"operation":"outbox"}
{"event":"worker.idle_backoff","level":"debug","timestamp":"2026-09-30T03:51:44.652Z","workerId":"worker-restart-190-b","backoffMs":5,"lag":0}
{"event":"worker.outbox.summary","level":"info","timestamp":"2026-09-30T03:51:44.657Z","workerId":"worker-restart-190-b","reason":"stop","claimed":1,"processed":1,"failed":0,"deadLettered":0,"handoffs":0,"errors":0,"claimFailures":0,"leaseLost":0,"heartbeats":0,"idlePolls":1,"released":0,"lag":0,"inFlight":0}
{"event":"worker.stopped","level":"info","timestamp":"2026-09-30T03:51:44.657Z","workerId":"worker-restart-190-b","drained":true,"released":0,"releaseFailed":0,"processed":1,"failed":0,"deadLettered":0,"lag":0}
{"event":"worker.started","level":"info","timestamp":"2026-09-30T03:51:44.675Z","workerId":"worker-retry-190","concurrency":2,"pollIntervalMs":5,"idleMaxBackoffMs":5000,"errorBackoffMs":500,"errorMaxBackoffMs":30000,"leaseMs":1000,"heartbeatIntervalMs":333,"drainMs":10000,"backlogProbe":true,"sweeps":false,"externalEffects":false,"durable":true}
{"event":"worker.outbox.summary","level":"info","timestamp":"2026-09-30T03:51:44.675Z","workerId":"worker-retry-190","reason":"start","claimed":0,"processed":0,"failed":0,"deadLettered":0,"handoffs":0,"errors":0,"claimFailures":0,"leaseLost":0,"heartbeats":0,"idlePolls":0,"released":0,"lag":null,"inFlight":0}
{"event":"worker.metric","name":"worker_outbox_lag","value":0,"attributes":{"operation":"outbox"},"timestamp":"2026-09-30T03:51:44.676Z"}
{"event":"worker.metric","name":"worker_outbox_failed_total","value":1,"attributes":{"status":"failed"},"timestamp":"2026-09-30T03:51:44.676Z"}
{"event":"worker.outbox.failed","level":"info","timestamp":"2026-09-30T03:51:44.676Z","eventId":"outbox_092a9a7a-75d2-4607-b63f-5f0fc91dbd88","workerId":"worker-retry-190","status":"failed","attempt":1,"leaseLost":false,"error":"[redacted-outbox-error]","operation":"outbox"}
{"event":"worker.idle_backoff","level":"debug","timestamp":"2026-09-30T03:51:44.676Z","workerId":"worker-retry-190","backoffMs":5,"lag":0}
{"event":"worker.idle_backoff","level":"debug","timestamp":"2026-09-30T03:51:44.682Z","workerId":"worker-retry-190","backoffMs":5,"lag":0}
{"event":"worker.metric","name":"worker_outbox_processed_total","value":1,"attributes":{"status":"processed"},"timestamp":"2026-09-30T03:51:44.682Z"}
{"event":"worker.outbox.processed","level":"info","timestamp":"2026-09-30T03:51:44.682Z","eventId":"outbox_092a9a7a-75d2-4607-b63f-5f0fc91dbd88","workerId":"worker-retry-190","status":"processed","attempt":2,"leaseLost":false,"operation":"outbox"}
{"event":"worker.outbox.summary","level":"info","timestamp":"2026-09-30T03:51:44.685Z","workerId":"worker-retry-190","reason":"stop","claimed":2,"processed":1,"failed":1,"deadLettered":0,"handoffs":0,"errors":0,"claimFailures":0,"leaseLost":0,"heartbeats":0,"idlePolls":2,"released":0,"lag":0,"inFlight":0}
{"event":"worker.stopped","level":"info","timestamp":"2026-09-30T03:51:44.686Z","workerId":"worker-retry-190","drained":true,"released":0,"releaseFailed":0,"processed":1,"failed":1,"deadLettered":0,"lag":0}
{"event":"worker.started","level":"info","timestamp":"2026-09-30T03:51:44.686Z","workerId":"worker-poison-190","concurrency":1,"pollIntervalMs":5,"idleMaxBackoffMs":5000,"errorBackoffMs":500,"errorMaxBackoffMs":30000,"leaseMs":1000,"heartbeatIntervalMs":333,"drainMs":10000,"backlogProbe":true,"sweeps":false,"externalEffects":false,"durable":true}
{"event":"worker.outbox.summary","level":"info","timestamp":"2026-09-30T03:51:44.686Z","workerId":"worker-poison-190","reason":"start","claimed":0,"processed":0,"failed":0,"deadLettered":0,"handoffs":0,"errors":0,"claimFailures":0,"leaseLost":0,"heartbeats":0,"idlePolls":0,"released":0,"lag":null,"inFlight":0}
{"event":"worker.metric","name":"worker_outbox_lag","value":1,"attributes":{"operation":"outbox"},"timestamp":"2026-09-30T03:51:44.687Z"}
{"event":"worker.metric","name":"worker_outbox_dead_lettered_total","value":1,"attributes":{"status":"dead_letter"},"timestamp":"2026-09-30T03:51:44.687Z"}
{"event":"worker.outbox.dead_letter","level":"info","timestamp":"2026-09-30T03:51:44.687Z","eventId":"outbox_7ba6d3bb-545e-478f-a9dd-4e12ca2f4531","workerId":"worker-poison-190","status":"dead_letter","attempt":1,"leaseLost":false,"error":"[redacted-outbox-error]","operation":"outbox"}
{"event":"worker.metric","name":"worker_outbox_processed_total","value":1,"attributes":{"status":"processed"},"timestamp":"2026-09-30T03:51:44.693Z"}
{"event":"worker.outbox.processed","level":"info","timestamp":"2026-09-30T03:51:44.693Z","eventId":"outbox_70f6040f-e2fc-40f9-9518-c6ed64d06db0","workerId":"worker-poison-190","status":"processed","attempt":1,"leaseLost":false,"operation":"outbox"}
{"event":"worker.outbox.summary","level":"info","timestamp":"2026-09-30T03:51:44.697Z","workerId":"worker-poison-190","reason":"stop","claimed":2,"processed":1,"failed":0,"deadLettered":1,"handoffs":0,"errors":0,"claimFailures":0,"leaseLost":0,"heartbeats":0,"idlePolls":0,"released":0,"lag":1,"inFlight":0}
{"event":"worker.stopped","level":"info","timestamp":"2026-09-30T03:51:44.697Z","workerId":"worker-poison-190","drained":true,"released":0,"releaseFailed":0,"processed":1,"failed":0,"deadLettered":1,"lag":1}
{"event":"worker.started","level":"info","timestamp":"2026-09-30T03:51:44.698Z","workerId":"worker-requeue-190-a","concurrency":1,"pollIntervalMs":5,"idleMaxBackoffMs":5000,"errorBackoffMs":500,"errorMaxBackoffMs":30000,"leaseMs":1000,"heartbeatIntervalMs":333,"drainMs":10000,"backlogProbe":true,"sweeps":false,"externalEffects":false,"durable":true}
{"event":"worker.outbox.summary","level":"info","timestamp":"2026-09-30T03:51:44.698Z","workerId":"worker-requeue-190-a","reason":"start","claimed":0,"processed":0,"failed":0,"deadLettered":0,"handoffs":0,"errors":0,"claimFailures":0,"leaseLost":0,"heartbeats":0,"idlePolls":0,"released":0,"lag":null,"inFlight":0}
{"event":"worker.metric","name":"worker_outbox_lag","value":0,"attributes":{"operation":"outbox"},"timestamp":"2026-09-30T03:51:44.698Z"}
{"event":"worker.metric","name":"worker_outbox_dead_lettered_total","value":1,"attributes":{"status":"dead_letter"},"timestamp":"2026-09-30T03:51:44.698Z"}
{"event":"worker.outbox.dead_letter","level":"info","timestamp":"2026-09-30T03:51:44.699Z","eventId":"outbox_a52b9a92-a5eb-47cb-b14e-7b04ff95a965","workerId":"worker-requeue-190-a","status":"dead_letter","attempt":1,"leaseLost":false,"error":"[redacted-outbox-error]","operation":"outbox"}
{"event":"worker.outbox.summary","level":"info","timestamp":"2026-09-30T03:51:44.704Z","workerId":"worker-requeue-190-a","reason":"stop","claimed":1,"processed":0,"failed":0,"deadLettered":1,"handoffs":0,"errors":0,"claimFailures":0,"leaseLost":0,"heartbeats":0,"idlePolls":0,"released":0,"lag":0,"inFlight":0}
{"event":"worker.stopped","level":"info","timestamp":"2026-09-30T03:51:44.704Z","workerId":"worker-requeue-190-a","drained":true,"released":0,"releaseFailed":0,"processed":0,"failed":0,"deadLettered":1,"lag":0}
{"event":"worker.started","level":"info","timestamp":"2026-09-30T03:51:44.705Z","workerId":"worker-requeue-190-b","concurrency":1,"pollIntervalMs":5,"idleMaxBackoffMs":5000,"errorBackoffMs":500,"errorMaxBackoffMs":30000,"leaseMs":1000,"heartbeatIntervalMs":333,"drainMs":10000,"backlogProbe":true,"sweeps":false,"externalEffects":false,"durable":true}
{"event":"worker.outbox.summary","level":"info","timestamp":"2026-09-30T03:51:44.705Z","workerId":"worker-requeue-190-b","reason":"start","claimed":0,"processed":0,"failed":0,"deadLettered":0,"handoffs":0,"errors":0,"claimFailures":0,"leaseLost":0,"heartbeats":0,"idlePolls":0,"released":0,"lag":null,"inFlight":0}
{"event":"worker.metric","name":"worker_outbox_lag","value":0,"attributes":{"operation":"outbox"},"timestamp":"2026-09-30T03:51:44.705Z"}
{"event":"worker.metric","name":"worker_outbox_processed_total","value":1,"attributes":{"status":"processed"},"timestamp":"2026-09-30T03:51:44.705Z"}
{"event":"worker.outbox.processed","level":"info","timestamp":"2026-09-30T03:51:44.706Z","eventId":"outbox_a52b9a92-a5eb-47cb-b14e-7b04ff95a965","workerId":"worker-requeue-190-b","status":"processed","attempt":1,"leaseLost":false,"operation":"outbox"}
{"event":"worker.outbox.summary","level":"info","timestamp":"2026-09-30T03:51:44.711Z","workerId":"worker-requeue-190-b","reason":"stop","claimed":1,"processed":1,"failed":0,"deadLettered":0,"handoffs":0,"errors":0,"claimFailures":0,"leaseLost":0,"heartbeats":0,"idlePolls":0,"released":0,"lag":0,"inFlight":0}
{"event":"worker.stopped","level":"info","timestamp":"2026-09-30T03:51:44.711Z","workerId":"worker-requeue-190-b","drained":true,"released":0,"releaseFailed":0,"processed":1,"failed":0,"deadLettered":0,"lag":0}
{"event":"worker.started","level":"info","timestamp":"2026-09-30T03:51:44.735Z","workerId":"worker-sigterm-190","concurrency":2,"pollIntervalMs":5,"idleMaxBackoffMs":5000,"errorBackoffMs":500,"errorMaxBackoffMs":30000,"leaseMs":1000,"heartbeatIntervalMs":333,"drainMs":10000,"backlogProbe":true,"sweeps":false,"externalEffects":false,"durable":true}
{"event":"worker.outbox.summary","level":"info","timestamp":"2026-09-30T03:51:44.735Z","workerId":"worker-sigterm-190","reason":"start","claimed":0,"processed":0,"failed":0,"deadLettered":0,"handoffs":0,"errors":0,"claimFailures":0,"leaseLost":0,"heartbeats":0,"idlePolls":0,"released":0,"lag":null,"inFlight":0}
{"event":"worker.metric","name":"worker_outbox_lag","value":0,"attributes":{"operation":"outbox"},"timestamp":"2026-09-30T03:51:44.735Z"}
{"event":"worker.idle_backoff","level":"debug","timestamp":"2026-09-30T03:51:44.735Z","workerId":"worker-sigterm-190","backoffMs":5,"lag":0}
{"event":"worker.metric","name":"worker_outbox_processed_total","value":1,"attributes":{"status":"processed"},"timestamp":"2026-09-30T03:51:44.761Z"}
{"event":"worker.outbox.processed","level":"info","timestamp":"2026-09-30T03:51:44.761Z","eventId":"outbox_828e673f-7321-44ab-a620-6b2bd66f2481","workerId":"worker-sigterm-190","status":"processed","attempt":1,"leaseLost":false,"operation":"outbox"}
{"event":"worker.outbox.summary","level":"info","timestamp":"2026-09-30T03:51:44.762Z","workerId":"worker-sigterm-190","reason":"stop","claimed":1,"processed":1,"failed":0,"deadLettered":0,"handoffs":0,"errors":0,"claimFailures":0,"leaseLost":0,"heartbeats":0,"idlePolls":1,"released":0,"lag":0,"inFlight":0}
{"event":"worker.stopped","level":"info","timestamp":"2026-09-30T03:51:44.762Z","workerId":"worker-sigterm-190","drained":true,"released":0,"releaseFailed":0,"processed":1,"failed":0,"deadLettered":0,"lag":0}
{"event":"worker.started","level":"info","timestamp":"2026-09-30T03:51:44.762Z","workerId":"worker-release-190-a","concurrency":2,"pollIntervalMs":5,"idleMaxBackoffMs":5000,"errorBackoffMs":500,"errorMaxBackoffMs":30000,"leaseMs":1000,"heartbeatIntervalMs":333,"drainMs":10000,"backlogProbe":true,"sweeps":false,"externalEffects":false,"durable":true}
{"event":"worker.outbox.summary","level":"info","timestamp":"2026-09-30T03:51:44.763Z","workerId":"worker-release-190-a","reason":"start","claimed":0,"processed":0,"failed":0,"deadLettered":0,"handoffs":0,"errors":0,"claimFailures":0,"leaseLost":0,"heartbeats":0,"idlePolls":0,"released":0,"lag":null,"inFlight":0}
{"event":"worker.metric","name":"worker_outbox_lag","value":0,"attributes":{"operation":"outbox"},"timestamp":"2026-09-30T03:51:44.763Z"}
{"event":"worker.idle_backoff","level":"debug","timestamp":"2026-09-30T03:51:44.763Z","workerId":"worker-release-190-a","backoffMs":5,"lag":0}
{"event":"worker.shutdown_release","level":"warn","timestamp":"2026-09-30T03:51:44.798Z","eventId":"outbox_3c4d25e8-99c0-4967-b1a5-1dd6c40dd98a","workerId":"worker-release-190-a","operation":"outbox"}
{"event":"worker.metric","name":"worker_outbox_shutdown_releases_total","value":1,"attributes":{"outcome":"released"},"timestamp":"2026-09-30T03:51:44.798Z"}
{"event":"worker.outbox.summary","level":"info","timestamp":"2026-09-30T03:51:44.799Z","workerId":"worker-release-190-a","reason":"stop","claimed":1,"processed":0,"failed":0,"deadLettered":0,"handoffs":0,"errors":0,"claimFailures":0,"leaseLost":0,"heartbeats":0,"idlePolls":1,"released":1,"lag":0,"inFlight":1}
{"event":"worker.stopped","level":"info","timestamp":"2026-09-30T03:51:44.799Z","workerId":"worker-release-190-a","drained":false,"released":1,"releaseFailed":0,"processed":0,"failed":0,"deadLettered":0,"lag":0}
{"event":"worker.started","level":"info","timestamp":"2026-09-30T03:51:44.799Z","workerId":"worker-release-190-b","concurrency":2,"pollIntervalMs":5,"idleMaxBackoffMs":5000,"errorBackoffMs":500,"errorMaxBackoffMs":30000,"leaseMs":1000,"heartbeatIntervalMs":333,"drainMs":10000,"backlogProbe":true,"sweeps":false,"externalEffects":false,"durable":true}
{"event":"worker.outbox.summary","level":"info","timestamp":"2026-09-30T03:51:44.799Z","workerId":"worker-release-190-b","reason":"start","claimed":0,"processed":0,"failed":0,"deadLettered":0,"handoffs":0,"errors":0,"claimFailures":0,"leaseLost":0,"heartbeats":0,"idlePolls":0,"released":0,"lag":null,"inFlight":0}
{"event":"worker.metric","name":"worker_outbox_lag","value":0,"attributes":{"operation":"outbox"},"timestamp":"2026-09-30T03:51:44.799Z"}
{"event":"worker.idle_backoff","level":"debug","timestamp":"2026-09-30T03:51:44.799Z","workerId":"worker-release-190-b","backoffMs":5,"lag":0}
{"event":"worker.idle_backoff","level":"debug","timestamp":"2026-09-30T03:51:44.805Z","workerId":"worker-release-190-b","backoffMs":5,"lag":0}
{"event":"worker.metric","name":"worker_outbox_processed_total","value":1,"attributes":{"status":"processed"},"timestamp":"2026-09-30T03:51:44.805Z"}
{"event":"worker.outbox.processed","level":"info","timestamp":"2026-09-30T03:51:44.805Z","eventId":"outbox_3c4d25e8-99c0-4967-b1a5-1dd6c40dd98a","workerId":"worker-release-190-b","status":"processed","attempt":2,"leaseLost":false,"operation":"outbox"}
{"event":"worker.outbox.summary","level":"info","timestamp":"2026-09-30T03:51:44.810Z","workerId":"worker-release-190-b","reason":"stop","claimed":1,"processed":1,"failed":0,"deadLettered":0,"handoffs":0,"errors":0,"claimFailures":0,"leaseLost":0,"heartbeats":0,"idlePolls":2,"released":0,"lag":0,"inFlight":0}
{"event":"worker.stopped","level":"info","timestamp":"2026-09-30T03:51:44.810Z","workerId":"worker-release-190-b","drained":true,"released":0,"releaseFailed":0,"processed":1,"failed":0,"deadLettered":0,"lag":0}
{"event":"worker.event_error","level":"error","timestamp":"2026-09-30T03:51:44.810Z","eventId":"outbox_3c4d25e8-99c0-4967-b1a5-1dd6c40dd98a","workerId":"worker-release-190-a","attempt":1,"error":"outbox_error:conflict","operation":"outbox"}
{"event":"worker.metric","name":"worker_outbox_errors_total","value":1,"attributes":{"outcome":"error"},"timestamp":"2026-09-30T03:51:44.810Z"}
{"event":"worker.started","level":"info","timestamp":"2026-09-30T03:51:44.830Z","workerId":"worker-heartbeat-renew-190","concurrency":2,"pollIntervalMs":5,"idleMaxBackoffMs":5000,"errorBackoffMs":500,"errorMaxBackoffMs":30000,"leaseMs":1000,"heartbeatIntervalMs":10,"drainMs":10000,"backlogProbe":true,"sweeps":false,"externalEffects":false,"durable":true}
{"event":"worker.outbox.summary","level":"info","timestamp":"2026-09-30T03:51:44.830Z","workerId":"worker-heartbeat-renew-190","reason":"start","claimed":0,"processed":0,"failed":0,"deadLettered":0,"handoffs":0,"errors":0,"claimFailures":0,"leaseLost":0,"heartbeats":0,"idlePolls":0,"released":0,"lag":null,"inFlight":0}
{"event":"worker.metric","name":"worker_outbox_lag","value":0,"attributes":{"operation":"outbox"},"timestamp":"2026-09-30T03:51:44.831Z"}
{"event":"worker.idle_backoff","level":"debug","timestamp":"2026-09-30T03:51:44.831Z","workerId":"worker-heartbeat-renew-190","backoffMs":5,"lag":0}
{"event":"worker.idle_backoff","level":"debug","timestamp":"2026-09-30T03:51:44.837Z","workerId":"worker-heartbeat-renew-190","backoffMs":10,"lag":0}
{"event":"worker.metric","name":"worker_outbox_heartbeats_total","value":1,"attributes":{"outcome":"renewed"},"timestamp":"2026-09-30T03:51:44.841Z"}
{"event":"worker.metric","name":"worker_outbox_processed_total","value":1,"attributes":{"status":"processed"},"timestamp":"2026-09-30T03:51:44.842Z"}
{"event":"worker.outbox.processed","level":"info","timestamp":"2026-09-30T03:51:44.842Z","eventId":"outbox_6ac66c2f-3909-4066-b36c-de42d299b50b","workerId":"worker-heartbeat-renew-190","status":"processed","attempt":1,"leaseLost":false,"operation":"outbox"}
{"event":"worker.idle_backoff","level":"debug","timestamp":"2026-09-30T03:51:44.846Z","workerId":"worker-heartbeat-renew-190","backoffMs":20,"lag":0}
{"event":"worker.outbox.summary","level":"info","timestamp":"2026-09-30T03:51:44.846Z","workerId":"worker-heartbeat-renew-190","reason":"stop","claimed":1,"processed":1,"failed":0,"deadLettered":0,"handoffs":0,"errors":0,"claimFailures":0,"leaseLost":0,"heartbeats":1,"idlePolls":3,"released":0,"lag":0,"inFlight":0}
{"event":"worker.stopped","level":"info","timestamp":"2026-09-30T03:51:44.846Z","workerId":"worker-heartbeat-renew-190","drained":true,"released":0,"releaseFailed":0,"processed":1,"failed":0,"deadLettered":0,"lag":0}
{"event":"worker.started","level":"info","timestamp":"2026-09-30T03:51:44.871Z","workerId":"worker-handoff-190","concurrency":2,"pollIntervalMs":5,"idleMaxBackoffMs":5000,"errorBackoffMs":500,"errorMaxBackoffMs":30000,"leaseMs":1000,"heartbeatIntervalMs":333,"drainMs":10000,"backlogProbe":true,"sweeps":false,"externalEffects":false,"durable":true}
{"event":"worker.outbox.summary","level":"info","timestamp":"2026-09-30T03:51:44.871Z","workerId":"worker-handoff-190","reason":"start","claimed":0,"processed":0,"failed":0,"deadLettered":0,"handoffs":0,"errors":0,"claimFailures":0,"leaseLost":0,"heartbeats":0,"idlePolls":0,"released":0,"lag":null,"inFlight":0}
{"event":"worker.metric","name":"worker_outbox_lag","value":0,"attributes":{"operation":"outbox"},"timestamp":"2026-09-30T03:51:44.874Z"}
{"event":"worker.outbox.handoff","level":"warn","timestamp":"2026-09-30T03:51:44.875Z","eventId":"outbox_cd43cb68-b23d-404c-8373-6ae349900487","workerId":"worker-handoff-190","status":"handoff","operation":"outbox"}
{"event":"worker.metric","name":"worker_outbox_handoffs_total","value":1,"attributes":{"outcome":"handoff"},"timestamp":"2026-09-30T03:51:44.875Z"}
{"event":"worker.idle_backoff","level":"debug","timestamp":"2026-09-30T03:51:44.875Z","workerId":"worker-handoff-190","backoffMs":5,"lag":0}
{"event":"worker.outbox.summary","level":"info","timestamp":"2026-09-30T03:51:44.877Z","workerId":"worker-handoff-190","reason":"stop","claimed":1,"processed":0,"failed":0,"deadLettered":0,"handoffs":1,"errors":0,"claimFailures":0,"leaseLost":0,"heartbeats":0,"idlePolls":1,"released":0,"lag":0,"inFlight":0}
{"event":"worker.stopped","level":"info","timestamp":"2026-09-30T03:51:44.877Z","workerId":"worker-handoff-190","drained":true,"released":0,"releaseFailed":0,"processed":0,"failed":0,"deadLettered":0,"lag":0}
{"event":"worker.started","level":"info","timestamp":"2026-09-30T03:51:44.906Z","workerId":"worker-stop-190","concurrency":2,"pollIntervalMs":5,"idleMaxBackoffMs":5000,"errorBackoffMs":500,"errorMaxBackoffMs":30000,"leaseMs":1000,"heartbeatIntervalMs":333,"drainMs":10000,"backlogProbe":true,"sweeps":false,"externalEffects":false,"durable":true}
{"event":"worker.outbox.summary","level":"info","timestamp":"2026-09-30T03:51:44.906Z","workerId":"worker-stop-190","reason":"start","claimed":0,"processed":0,"failed":0,"deadLettered":0,"handoffs":0,"errors":0,"claimFailures":0,"leaseLost":0,"heartbeats":0,"idlePolls":0,"released":0,"lag":null,"inFlight":0}
{"event":"worker.metric","name":"worker_outbox_lag","value":0,"attributes":{"operation":"outbox"},"timestamp":"2026-09-30T03:51:44.907Z"}
{"event":"worker.idle_backoff","level":"debug","timestamp":"2026-09-30T03:51:44.907Z","workerId":"worker-stop-190","backoffMs":5,"lag":0}
{"event":"worker.outbox.summary","level":"info","timestamp":"2026-09-30T03:51:44.907Z","workerId":"worker-stop-190","reason":"stop","claimed":0,"processed":0,"failed":0,"deadLettered":0,"handoffs":0,"errors":0,"claimFailures":0,"leaseLost":0,"heartbeats":0,"idlePolls":1,"released":0,"lag":0,"inFlight":0}
{"event":"worker.stopped","level":"info","timestamp":"2026-09-30T03:51:44.907Z","workerId":"worker-stop-190","drained":true,"released":0,"releaseFailed":0,"processed":0,"failed":0,"deadLettered":0,"lag":0}
 [32m✓[39m apps/worker/src/__tests__/continuous-worker.test.ts [2m([22m[2m25 tests[22m[2m)[22m[33m 861[2mms[22m[39m
     [33m[2m✓[22m[39m exits non-zero when the real entrypoint starts without required config [33m 511[2mms[22m[39m
 [32m✓[39m apps/web/src/__tests__/journeys-identity-race.test.tsx [2m([22m[2m13 tests[22m[2m)[22m[33m 1297[2mms[22m[39m
 [32m✓[39m packages/model-gateway/src/__tests__/gateway.test.ts [2m([22m[2m16 tests[22m[2m)[22m[33m 625[2mms[22m[39m
     [33m[2m✓[22m[39m enforces a real deadline and retries only bounded times [33m 603[2mms[22m[39m
 [32m✓[39m apps/web/src/features/platform/platform.test.tsx [2m([22m[2m3 tests[22m[2m)[22m[33m 638[2mms[22m[39m
     [33m[2m✓[22m[39m creates a declarative draft without exposing provider secrets [33m 361[2mms[22m[39m
 [32m✓[39m tests/worker-controlled-smoke.test.js [2m([22m[2m1 test[22m[2m)[22m[33m 598[2mms[22m[39m
     [33m[2m✓[22m[39m proves the configured local composition claims and acknowledges one event [33m 596[2mms[22m[39m
 [32m✓[39m tests/worker-startup-smoke.test.js [2m([22m[2m1 test[22m[2m)[22m[33m 585[2mms[22m[39m
     [33m[2m✓[22m[39m proves the real entrypoint fails closed without a queue adapter [33m 583[2mms[22m[39m
 [32m✓[39m packages/conversation/src/__tests__/service.integration.test.ts [2m([22m[2m22 tests[22m[2m)[22m[33m 564[2mms[22m[39m
     [33m[2m✓[22m[39m keeps an in-flight duplicate retryable until the governed outcome is durable [33m 405[2mms[22m[39m
 [32m✓[39m apps/web/src/features/platform/release-candidate-ledger.test.tsx [2m([22m[2m1 test[22m[2m)[22m[33m 695[2mms[22m[39m
     [33m[2m✓[22m[39m records and validates controlled evidence without mutating the version [33m 693[2mms[22m[39m
 [32m✓[39m apps/worker/src/__tests__/startup-error-redaction.test.ts [2m([22m[2m4 tests[22m[2m)[22m[33m 454[2mms[22m[39m
     [33m[2m✓[22m[39m exits non-zero with the original event and code when a real entrypoint run fails [33m 447[2mms[22m[39m
 [32m✓[39m apps/web/src/features/platform/handoff-policy-control-center.test.tsx [2m([22m[2m2 tests[22m[2m)[22m[33m 484[2mms[22m[39m
     [33m[2m✓[22m[39m edits thresholds, destinations and priority through a new version [33m 364[2mms[22m[39m
 [32m✓[39m apps/web/src/__tests__/trusted-session-app.test.tsx [2m([22m[2m5 tests[22m[2m)[22m[33m 440[2mms[22m[39m
 [32m✓[39m apps/web/src/features/platform/knowledge-source-catalog.test.tsx [2m([22m[2m1 test[22m[2m)[22m[33m 525[2mms[22m[39m
     [33m[2m✓[22m[39m loads, creates and approves metadata without editing an agent snapshot [33m 523[2mms[22m[39m
 [32m✓[39m apps/api/src/__tests__/webhook-security.test.ts [2m([22m[2m20 tests[22m[2m)[22m[33m 350[2mms[22m[39m
 [32m✓[39m apps/web/src/features/journeys/journeys.test.tsx [2m([22m[2m1 test[22m[2m)[22m[33m 445[2mms[22m[39m
     [33m[2m✓[22m[39m walks identify, draft, link and approval-blocked scheduling steps [33m 444[2mms[22m[39m
 [32m✓[39m apps/api/src/__tests__/platform-control-plane.test.ts [2m([22m[2m9 tests[22m[2m)[22m[33m 375[2mms[22m[39m
 [32m✓[39m tests/ci-bar-provenance.test.js [2m([22m[2m12 tests[22m[2m)[22m[33m 363[2mms[22m[39m
 [32m✓[39m apps/web/src/__tests__/attendance-approval-conflict.test.tsx [2m([22m[2m2 tests[22m[2m)[22m[33m 345[2mms[22m[39m
 [32m✓[39m apps/web/src/features/platform/prompt-profile-control-center.test.tsx [2m([22m[2m1 test[22m[2m)[22m[33m 309[2mms[22m[39m
     [33m[2m✓[22m[39m clones edited blocks/templates and preserves the kernel block [33m 308[2mms[22m[39m
 [32m✓[39m tests/docs-check-links.test.js [2m([22m[2m9 tests[22m[2m)[22m[33m 319[2mms[22m[39m
 [32m✓[39m apps/api/src/__tests__/platform-admin-routes-coverage.test.ts [2m([22m[2m7 tests[22m[2m)[22m[33m 313[2mms[22m[39m
 [32m✓[39m packages/harness/src/__tests__/execution-spine.test.ts [2m([22m[2m22 tests[22m[2m)[22m[32m 294[2mms[22m[39m
 [32m✓[39m apps/api/src/__tests__/server-boundary-envelope.test.ts [2m([22m[2m12 tests[22m[2m)[22m[32m 293[2mms[22m[39m
 [32m✓[39m apps/api/src/__tests__/execution-spine.test.ts [2m([22m[2m6 tests[22m[2m)[22m[32m 293[2mms[22m[39m
 [32m✓[39m apps/api/src/__tests__/identity-trusted-resolver.test.ts [2m([22m[2m7 tests[22m[2m)[22m[32m 209[2mms[22m[39m
 [32m✓[39m apps/api/src/__tests__/homolog-observability.test.ts [2m([22m[2m5 tests[22m[2m)[22m[32m 251[2mms[22m[39m
 [32m✓[39m apps/api/src/__tests__/inbound-runtime-edges.test.ts [2m([22m[2m5 tests[22m[2m)[22m[32m 252[2mms[22m[39m
 [32m✓[39m apps/web/src/__tests__/audit-checkpoint-app.test.tsx [2m([22m[2m1 test[22m[2m)[22m[33m 324[2mms[22m[39m
     [33m[2m✓[22m[39m seals the loaded evidence page and archives it with CAS [33m 323[2mms[22m[39m
 [32m✓[39m apps/api/src/__tests__/production-boundary.test.ts [2m([22m[2m9 tests[22m[2m)[22m[32m 226[2mms[22m[39m
 [32m✓[39m apps/api/src/__tests__/published-runtime-integration.test.ts [2m([22m[2m6 tests[22m[2m)[22m[32m 282[2mms[22m[39m
 [32m✓[39m packages/persistence/src/__tests__/postgres-migration-smoke.test.ts [2m([22m[2m10 tests[22m[2m)[22m[32m 214[2mms[22m[39m
 [32m✓[39m apps/api/src/__tests__/publish-evidence-authority.test.ts [2m([22m[2m3 tests[22m[2m)[22m[32m 246[2mms[22m[39m
 [32m✓[39m apps/api/src/__tests__/operator-identity-rbac.test.ts [2m([22m[2m6 tests[22m[2m)[22m[32m 211[2mms[22m[39m
 [32m✓[39m apps/api/src/__tests__/journey-routes-coverage.test.ts [2m([22m[2m4 tests[22m[2m)[22m[32m 219[2mms[22m[39m
 [32m✓[39m apps/api/src/__tests__/rate-limit.test.ts [2m([22m[2m6 tests[22m[2m)[22m[33m 342[2mms[22m[39m
     [33m[2m✓[22m[39m returns a stable 429 envelope after the API window is exhausted [33m 333[2mms[22m[39m
 [32m✓[39m apps/api/src/__tests__/build-server-from-env-boundary.test.ts [2m([22m[2m7 tests[22m[2m)[22m[32m 230[2mms[22m[39m
 [32m✓[39m apps/worker/src/__tests__/operational-harness-iterative.test.ts [2m([22m[2m5 tests[22m[2m)[22m[32m 213[2mms[22m[39m
 [32m✓[39m apps/api/src/__tests__/operator-session.test.ts [2m([22m[2m7 tests[22m[2m)[22m[32m 201[2mms[22m[39m
 [32m✓[39m apps/api/src/http-target-boundary.test.ts [2m([22m[2m8 tests[22m[2m)[22m[32m 193[2mms[22m[39m
 [32m✓[39m apps/api/src/internal-task-field-boundary.test.ts [2m([22m[2m7 tests[22m[2m)[22m[32m 191[2mms[22m[39m
 [32m✓[39m apps/api/src/__tests__/secretary-bootstrap.test.ts [2m([22m[2m2 tests[22m[2m)[22m[32m 163[2mms[22m[39m
 [32m✓[39m apps/api/src/http-security.test.ts [2m([22m[2m10 tests[22m[2m)[22m[32m 202[2mms[22m[39m
 [32m✓[39m packages/chaos/src/__tests__/chaos.test.ts [2m([22m[2m15 tests[22m[2m)[22m[32m 181[2mms[22m[39m
 [32m✓[39m apps/api/src/__tests__/capability-approval-api.test.ts [2m([22m[2m4 tests[22m[2m)[22m[32m 197[2mms[22m[39m
 [32m✓[39m apps/api/src/__tests__/attendance-approval-atomic.test.ts [2m([22m[2m6 tests[22m[2m)[22m[32m 197[2mms[22m[39m
 [32m✓[39m apps/api/src/__tests__/operator-session-public-routes.test.ts [2m([22m[2m8 tests[22m[2m)[22m[32m 211[2mms[22m[39m
 [32m✓[39m apps/api/src/__tests__/approval-decision-atomicity.test.ts [2m([22m[2m7 tests[22m[2m)[22m[32m 192[2mms[22m[39m
 [32m✓[39m apps/api/src/response-correlation.test.ts [2m([22m[2m6 tests[22m[2m)[22m[32m 168[2mms[22m[39m
 [32m✓[39m apps/api/src/__tests__/observability.test.ts [2m([22m[2m2 tests[22m[2m)[22m[32m 149[2mms[22m[39m
 [32m✓[39m apps/api/src/__tests__/audit-evidence.test.ts [2m([22m[2m4 tests[22m[2m)[22m[32m 180[2mms[22m[39m
 [32m✓[39m apps/api/src/__tests__/tenant-inbound-isolation.test.ts [2m([22m[2m4 tests[22m[2m)[22m[32m 182[2mms[22m[39m
 [32m✓[39m apps/api/src/rem-risk-boundary.test.ts [2m([22m[2m2 tests[22m[2m)[22m[32m 174[2mms[22m[39m
 [32m✓[39m apps/api/src/audit-filter-duplicate-boundary.test.ts [2m([22m[2m6 tests[22m[2m)[22m[32m 171[2mms[22m[39m
 [32m✓[39m packages/agent-runtime/src/__tests__/runtime-execution-recovery.test.ts [2m([22m[2m76 tests[22m[2m)[22m[32m 198[2mms[22m[39m
 [32m✓[39m packages/model-gateway/src/__tests__/local-http-providers.test.ts [2m([22m[2m12 tests[22m[2m)[22m[32m 147[2mms[22m[39m
 [32m✓[39m apps/api/src/http-request-boundary.test.ts [2m([22m[2m8 tests[22m[2m)[22m[32m 155[2mms[22m[39m
 [32m✓[39m apps/api/src/__tests__/knowledge-input-boundary.test.ts [2m([22m[2m2 tests[22m[2m)[22m[32m 159[2mms[22m[39m
 [32m✓[39m apps/api/src/__tests__/release-candidate-ledger.test.ts [2m([22m[2m2 tests[22m[2m)[22m[32m 155[2mms[22m[39m
 [32m✓[39m packages/channel-gateway/src/__tests__/channel-effect-malformed-version.test.ts [2m([22m[2m6 tests[22m[2m)[22m[32m 141[2mms[22m[39m
 [32m✓[39m apps/api/src/__tests__/execution-input-trajectory-api.test.ts [2m([22m[2m2 tests[22m[2m)[22m[32m 141[2mms[22m[39m
 [32m✓[39m apps/web/src/features/tasks/tasks.test.tsx [2m([22m[2m1 test[22m[2m)[22m[32m 139[2mms[22m[39m
 [32m✓[39m apps/api/src/__tests__/health.test.ts [2m([22m[2m2 tests[22m[2m)[22m[32m 177[2mms[22m[39m
 [32m✓[39m apps/api/src/pagination-boundary.test.ts [2m([22m[2m5 tests[22m[2m)[22m[32m 163[2mms[22m[39m
 [32m✓[39m apps/api/src/__tests__/http-security-edge-branches.test.ts [2m([22m[2m4 tests[22m[2m)[22m[32m 171[2mms[22m[39m
 [32m✓[39m apps/api/src/__tests__/audit-evidence-checkpoint-boundary.test.ts [2m([22m[2m2 tests[22m[2m)[22m[32m 164[2mms[22m[39m
 [32m✓[39m apps/api/src/approval-request-field-boundary.test.ts [2m([22m[2m5 tests[22m[2m)[22m[32m 174[2mms[22m[39m
 [32m✓[39m apps/api/src/__tests__/test-suite-catalog.test.ts [2m([22m[2m1 test[22m[2m)[22m[32m 189[2mms[22m[39m
 [32m✓[39m apps/worker/src/__tests__/operational-harness-synthetic-effect.test.ts [2m([22m[2m2 tests[22m[2m)[22m[32m 135[2mms[22m[39m
 [32m✓[39m apps/api/src/metrics-exposure.test.ts [2m([22m[2m2 tests[22m[2m)[22m[32m 162[2mms[22m[39m
 [32m✓[39m packages/platform/src/__tests__/critical-safety-preflight.test.ts [2m([22m[2m9 tests[22m[2m)[22m[32m 154[2mms[22m[39m
 [32m✓[39m apps/api/src/__tests__/task-lifecycle.test.ts [2m([22m[2m3 tests[22m[2m)[22m[32m 163[2mms[22m[39m
 [32m✓[39m apps/api/src/__tests__/durable-inbound.test.ts [2m([22m[2m3 tests[22m[2m)[22m[32m 181[2mms[22m[39m
 [32m✓[39m apps/api/src/__tests__/audit-evidence-checkpoint.test.ts [2m([22m[2m2 tests[22m[2m)[22m[32m 165[2mms[22m[39m
 [32m✓[39m apps/api/src/__tests__/conversation-list.test.ts [2m([22m[2m2 tests[22m[2m)[22m[32m 150[2mms[22m[39m
 [32m✓[39m apps/api/src/approval-decision-note-field-boundary.test.ts [2m([22m[2m3 tests[22m[2m)[22m[32m 146[2mms[22m[39m
 [32m✓[39m apps/web/src/features/platform/trace-viewer.test.tsx [2m([22m[2m2 tests[22m[2m)[22m[32m 169[2mms[22m[39m
 [32m✓[39m apps/web/src/features/audit/audit-checkpoint.test.tsx [2m([22m[2m1 test[22m[2m)[22m[32m 147[2mms[22m[39m
 [32m✓[39m apps/api/src/prompt-profile-error-boundary.test.ts [2m([22m[2m4 tests[22m[2m)[22m[32m 144[2mms[22m[39m
{"event":"worker.sweep_tick","level":"info","timestamp":"2026-09-30T03:53:18.486Z","now":"2026-09-13T00:00:00.000Z","journalReleased":1,"approvalsReleased":2,"approvalsUncertain":1,"durationMs":0,"operation":"sweep"}
{"event":"worker.metric","name":"worker_sweep_journal_released_total","value":1,"attributes":{"operation":"sweep"},"timestamp":"2026-09-30T03:53:18.487Z"}
{"event":"worker.metric","name":"worker_sweep_approvals_released_total","value":2,"attributes":{"status":"released"},"timestamp":"2026-09-30T03:53:18.487Z"}
{"event":"worker.metric","name":"worker_sweep_approvals_uncertain_total","value":1,"attributes":{"status":"uncertain"},"timestamp":"2026-09-30T03:53:18.487Z"}
{"event":"worker.started","level":"info","timestamp":"2026-09-30T03:53:18.489Z","workerId":"worker-sweeps-191","concurrency":2,"pollIntervalMs":5,"idleMaxBackoffMs":5000,"errorBackoffMs":500,"errorMaxBackoffMs":30000,"leaseMs":1000,"heartbeatIntervalMs":333,"drainMs":10000,"backlogProbe":true,"sweeps":true,"externalEffects":false,"durable":true}
{"event":"worker.sweep_started","level":"info","timestamp":"2026-09-30T03:53:18.489Z","intervalMs":10,"operation":"sweep"}
{"event":"worker.outbox.summary","level":"info","timestamp":"2026-09-30T03:53:18.490Z","workerId":"worker-sweeps-191","reason":"start","claimed":0,"processed":0,"failed":0,"deadLettered":0,"handoffs":0,"errors":0,"claimFailures":0,"leaseLost":0,"heartbeats":0,"idlePolls":0,"released":0,"lag":null,"inFlight":0}
{"event":"worker.metric","name":"worker_outbox_lag","value":0,"attributes":{"operation":"outbox"},"timestamp":"2026-09-30T03:53:18.490Z"}
{"event":"worker.idle_backoff","level":"debug","timestamp":"2026-09-30T03:53:18.490Z","workerId":"worker-sweeps-191","backoffMs":5,"lag":0}
{"event":"worker.idle_backoff","level":"debug","timestamp":"2026-09-30T03:53:18.496Z","workerId":"worker-sweeps-191","backoffMs":10,"lag":0}
{"event":"worker.sweep_tick","level":"info","timestamp":"2026-09-30T03:53:18.499Z","now":"2026-09-30T03:53:18.499Z","journalReleased":0,"approvalsReleased":0,"approvalsUncertain":0,"durationMs":0,"operation":"sweep"}
{"event":"worker.metric","name":"worker_sweep_journal_released_total","value":0,"attributes":{"operation":"sweep"},"timestamp":"2026-09-30T03:53:18.500Z"}
{"event":"worker.metric","name":"worker_sweep_approvals_released_total","value":0,"attributes":{"status":"released"},"timestamp":"2026-09-30T03:53:18.500Z"}
{"event":"worker.metric","name":"worker_sweep_approvals_uncertain_total","value":0,"attributes":{"status":"uncertain"},"timestamp":"2026-09-30T03:53:18.500Z"}
{"event":"worker.sweep_stopped","level":"info","timestamp":"2026-09-30T03:53:18.501Z","operation":"sweep"}
{"event":"worker.outbox.summary","level":"info","timestamp":"2026-09-30T03:53:18.501Z","workerId":"worker-sweeps-191","reason":"stop","claimed":0,"processed":0,"failed":0,"deadLettered":0,"handoffs":0,"errors":0,"claimFailures":0,"leaseLost":0,"heartbeats":0,"idlePolls":2,"released":0,"lag":0,"inFlight":0}
{"event":"worker.stopped","level":"info","timestamp":"2026-09-30T03:53:18.501Z","workerId":"worker-sweeps-191","drained":true,"released":0,"releaseFailed":0,"processed":0,"failed":0,"deadLettered":0,"lag":0}
 [32m✓[39m apps/worker/src/__tests__/worker-sweeps.test.ts [2m([22m[2m5 tests[22m[2m)[22m[32m 122[2mms[22m[39m
 [32m✓[39m packages/agent-runtime/src/__tests__/runtime-kernel-coverage.test.ts [2m([22m[2m41 tests[22m[2m)[22m[32m 92[2mms[22m[39m
 [32m✓[39m apps/api/src/__tests__/approval-actions.test.ts [2m([22m[2m1 test[22m[2m)[22m[32m 133[2mms[22m[39m
 [32m✓[39m apps/api/src/__tests__/journeys-api.test.ts [2m([22m[2m1 test[22m[2m)[22m[32m 127[2mms[22m[39m
 [32m✓[39m apps/web/src/features/approvals/approvals.test.tsx [2m([22m[2m1 test[22m[2m)[22m[32m 151[2mms[22m[39m
 [32m✓[39m apps/api/src/__tests__/correlation.test.ts [2m([22m[2m1 test[22m[2m)[22m[32m 137[2mms[22m[39m
 [32m✓[39m tests/e2e/critical-flows.test.ts [2m([22m[2m1 test[22m[2m)[22m[32m 137[2mms[22m[39m
 [32m✓[39m packages/platform/src/__tests__/platform-foundation.test.ts [2m([22m[2m20 tests[22m[2m)[22m[32m 124[2mms[22m[39m
 [32m✓[39m apps/api/src/__tests__/small-module-boundaries.test.ts [2m([22m[2m8 tests[22m[2m)[22m[32m 126[2mms[22m[39m
 [32m✓[39m apps/api/src/__tests__/plugin-catalog.test.ts [2m([22m[2m1 test[22m[2m)[22m[32m 130[2mms[22m[39m
 [32m✓[39m packages/harness/src/__tests__/iterative-runtime.test.ts [2m([22m[2m47 tests[22m[2m)[22m[32m 109[2mms[22m[39m
 [32m✓[39m apps/api/src/__tests__/audit-route.integration.test.ts [2m([22m[2m1 test[22m[2m)[22m[32m 127[2mms[22m[39m
 [32m✓[39m apps/api/src/request-metrics.test.ts [2m([22m[2m3 tests[22m[2m)[22m[32m 126[2mms[22m[39m
 [32m✓[39m apps/api/src/__tests__/knowledge-source-catalog.test.ts [2m([22m[2m1 test[22m[2m)[22m[32m 136[2mms[22m[39m
 [32m✓[39m packages/channel-gateway/src/__tests__/channel-effect-journal-edges.test.ts [2m([22m[2m9 tests[22m[2m)[22m[32m 107[2mms[22m[39m
 [32m✓[39m tests/ci-workflow-contract.test.js [2m([22m[2m4 tests[22m[2m)[22m[32m 93[2mms[22m[39m
 [32m✓[39m packages/platform/src/__tests__/safety-assessment.test.ts [2m([22m[2m29 tests[22m[2m)[22m[32m 105[2mms[22m[39m
 [32m✓[39m apps/api/src/__tests__/operator-session-hook.test.ts [2m([22m[2m1 test[22m[2m)[22m[32m 95[2mms[22m[39m
 [32m✓[39m packages/harness/src/__tests__/runtime.test.ts [2m([22m[2m12 tests[22m[2m)[22m[32m 77[2mms[22m[39m
 [32m✓[39m packages/channel-gateway/src/__tests__/channel-coverage-gateway-journal-paths.test.ts [2m([22m[2m16 tests[22m[2m)[22m[32m 69[2mms[22m[39m
 [32m✓[39m packages/agent-runtime/src/__tests__/runtime-journal.test.ts [2m([22m[2m18 tests[22m[2m)[22m[32m 88[2mms[22m[39m
 [32m✓[39m packages/channel-gateway/src/__tests__/channel-coverage-journal-hardening.test.ts [2m([22m[2m12 tests[22m[2m)[22m[32m 73[2mms[22m[39m
 [32m✓[39m packages/shared/src/__tests__/shared-branches-hardening.test.ts [2m([22m[2m15 tests[22m[2m)[22m[32m 75[2mms[22m[39m
 [32m✓[39m apps/worker/src/__tests__/postgres-controlled-hardening.test.ts [2m([22m[2m8 tests[22m[2m)[22m[32m 71[2mms[22m[39m
 [32m✓[39m apps/web/src/api/resilient-client.test.ts [2m([22m[2m10 tests[22m[2m)[22m[32m 60[2mms[22m[39m
 [32m✓[39m tests/workspace-dependency-audit.test.js [2m([22m[2m13 tests[22m[2m)[22m[32m 72[2mms[22m[39m
 [32m✓[39m packages/chaos/src/__tests__/chaos-postgres.test.ts [2m([22m[2m2 tests[22m[2m)[22m[32m 67[2mms[22m[39m
 [32m✓[39m tests/phase4a/conversation-adversarial.test.ts [2m([22m[2m11 tests[22m[2m)[22m[32m 71[2mms[22m[39m
 [32m✓[39m packages/shared/src/__tests__/lifecycle.test.ts [2m([22m[2m4 tests[22m[2m)[22m[32m 61[2mms[22m[39m
 [32m✓[39m packages/channel-gateway/src/__tests__/channel-effect-reconciliation-actor.test.ts [2m([22m[2m6 tests[22m[2m)[22m[32m 19[2mms[22m[39m
 [32m✓[39m packages/channel-gateway/src/__tests__/channel-coverage-gateway-hardening.test.ts [2m([22m[2m10 tests[22m[2m)[22m[32m 53[2mms[22m[39m
 [32m✓[39m packages/agent-runtime/src/__tests__/effect-journal.test.ts [2m([22m[2m41 tests[22m[2m)[22m[32m 57[2mms[22m[39m
 [32m✓[39m apps/worker/src/__tests__/postgres-controlled.test.ts [2m([22m[2m5 tests[22m[2m)[22m[32m 52[2mms[22m[39m
 [32m✓[39m packages/agent-runtime/src/__tests__/runtime-limits.test.ts [2m([22m[2m16 tests[22m[2m)[22m[32m 61[2mms[22m[39m
 [32m✓[39m legacy/packages/secretary-profile/src/__tests__/execution-contract-matrix.test.ts [2m([22m[2m10 tests[22m[2m)[22m[32m 53[2mms[22m[39m
 [32m✓[39m packages/channel-gateway/src/__tests__/channel-effect-journal.test.ts [2m([22m[2m11 tests[22m[2m)[22m[32m 60[2mms[22m[39m
 [32m✓[39m tests/rem21-findings.test.js [2m([22m[2m11 tests[22m[2m)[22m[32m 62[2mms[22m[39m
 [32m✓[39m apps/worker/src/__tests__/worker.test.ts [2m([22m[2m1 test[22m[2m)[22m[32m 49[2mms[22m[39m
 [32m✓[39m tests/node-version-preflight.test.js [2m([22m[2m6 tests[22m[2m)[22m[32m 30[2mms[22m[39m
 [32m✓[39m packages/agent-core/src/__tests__/published-agent-runtime.test.ts [2m([22m[2m9 tests[22m[2m)[22m[32m 50[2mms[22m[39m
 [32m✓[39m packages/agent-runtime/src/__tests__/runtime-binding.test.ts [2m([22m[2m17 tests[22m[2m)[22m[32m 51[2mms[22m[39m
 [32m✓[39m apps/worker/src/__tests__/published-worker-runtime.test.ts [2m([22m[2m10 tests[22m[2m)[22m[32m 47[2mms[22m[39m
 [32m✓[39m packages/platform/src/__tests__/knowledge-resolver.test.ts [2m([22m[2m1 test[22m[2m)[22m[32m 25[2mms[22m[39m
 [32m✓[39m packages/agent-runtime/src/__tests__/runtime-legacy-rearm.test.ts [2m([22m[2m8 tests[22m[2m)[22m[32m 46[2mms[22m[39m
 [32m✓[39m packages/platform/src/__tests__/output-policy.test.ts [2m([22m[2m35 tests[22m[2m)[22m[32m 44[2mms[22m[39m
 [32m✓[39m packages/platform/src/__tests__/prompt-profile.test.ts [2m([22m[2m8 tests[22m[2m)[22m[32m 43[2mms[22m[39m
 [32m✓[39m legacy/packages/secretary-profile/src/__tests__/secretary-preset.test.ts [2m([22m[2m2 tests[22m[2m)[22m[32m 44[2mms[22m[39m
 [32m✓[39m packages/platform/src/__tests__/plugin-gateway-hardening.test.ts [2m([22m[2m12 tests[22m[2m)[22m[32m 47[2mms[22m[39m
 [32m✓[39m packages/platform/src/__tests__/plugin-registry-versioning.test.ts [2m([22m[2m3 tests[22m[2m)[22m[32m 24[2mms[22m[39m
 [32m✓[39m tests/phase4a/security-boundary.test.ts [2m([22m[2m13 tests[22m[2m)[22m[32m 41[2mms[22m[39m
 [32m✓[39m apps/web/src/features/conversations/conversations.test.tsx [2m([22m[2m1 test[22m[2m)[22m[32m 37[2mms[22m[39m
 [32m✓[39m packages/persistence/src/__tests__/restore-integrity.test.ts [2m([22m[2m12 tests[22m[2m)[22m[32m 38[2mms[22m[39m
 [32m✓[39m packages/persistence/src/__tests__/platform-control-plane-repository.test.ts [2m([22m[2m9 tests[22m[2m)[22m[32m 43[2mms[22m[39m
 [32m✓[39m packages/approval-engine/src/__tests__/approval-coverage-closure.test.ts [2m([22m[2m14 tests[22m[2m)[22m[32m 23[2mms[22m[39m
 [32m✓[39m tests/phase4a/service-desk-journey.test.ts [2m([22m[2m1 test[22m[2m)[22m[32m 33[2mms[22m[39m
 [32m✓[39m packages/agent-runtime/src/__tests__/runtime-sweep-operation-key.test.ts [2m([22m[2m7 tests[22m[2m)[22m[32m 40[2mms[22m[39m
 [32m✓[39m packages/agent-runtime/src/__tests__/agent-runtime.test.ts [2m([22m[2m9 tests[22m[2m)[22m[32m 41[2mms[22m[39m
 [32m✓[39m packages/platform/src/__tests__/test-lab-events.test.ts [2m([22m[2m5 tests[22m[2m)[22m[32m 38[2mms[22m[39m
 [32m✓[39m packages/harness/src/__tests__/agent-loop-evals.test.ts [2m([22m[2m2 tests[22m[2m)[22m[32m 21[2mms[22m[39m
 [32m✓[39m packages/conversation/src/__tests__/conversation.test.ts [2m([22m[2m11 tests[22m[2m)[22m[32m 31[2mms[22m[39m
 [32m✓[39m packages/platform/src/__tests__/controlled-tool-registry.test.ts [2m([22m[2m5 tests[22m[2m)[22m[32m 40[2mms[22m[39m
 [32m✓[39m apps/web/src/features/conversations/timeline.test.tsx [2m([22m[2m1 test[22m[2m)[22m[32m 34[2mms[22m[39m
 [32m✓[39m packages/channel-gateway/src/__tests__/channel-gateway.test.ts [2m([22m[2m15 tests[22m[2m)[22m[32m 38[2mms[22m[39m
 [32m✓[39m packages/persistence/src/__tests__/repository-error-paths.test.ts [2m([22m[2m6 tests[22m[2m)[22m[32m 20[2mms[22m[39m
 [32m✓[39m tests/phase4-public-consumer.test.ts [2m([22m[2m2 tests[22m[2m)[22m[32m 36[2mms[22m[39m
 [32m✓[39m packages/shared/src/__tests__/ssrf-egress.test.ts [2m([22m[2m16 tests[22m[2m)[22m[32m 34[2mms[22m[39m
 [32m✓[39m apps/web/src/features/audit/audit-view.test.tsx [2m([22m[2m1 test[22m[2m)[22m[32m 41[2mms[22m[39m
 [32m✓[39m apps/worker/src/__tests__/published-worker-knowledge-boundary.test.ts [2m([22m[2m5 tests[22m[2m)[22m[32m 42[2mms[22m[39m
 [32m✓[39m packages/harness/src/__tests__/capability-boundary.test.ts [2m([22m[2m20 tests[22m[2m)[22m[32m 40[2mms[22m[39m
 [32m✓[39m packages/platform/src/__tests__/event-bus-hardening.test.ts [2m([22m[2m7 tests[22m[2m)[22m[32m 19[2mms[22m[39m
 [32m✓[39m packages/platform/src/__tests__/handoff-policy.test.ts [2m([22m[2m3 tests[22m[2m)[22m[32m 36[2mms[22m[39m
 [32m✓[39m packages/agent-runtime/src/__tests__/effect-journal-edges.test.ts [2m([22m[2m19 tests[22m[2m)[22m[32m 21[2mms[22m[39m
 [32m✓[39m packages/model-gateway/src/__tests__/gateway-hardening.test.ts [2m([22m[2m36 tests[22m[2m)[22m[32m 28[2mms[22m[39m
 [32m✓[39m packages/platform/src/__tests__/trace-governance.test.ts [2m([22m[2m14 tests[22m[2m)[22m[32m 20[2mms[22m[39m
 [32m✓[39m packages/observability/src/__tests__/observability.test.ts [2m([22m[2m12 tests[22m[2m)[22m[32m 26[2mms[22m[39m
 [32m✓[39m packages/platform/src/__tests__/test-suite-catalog.test.ts [2m([22m[2m2 tests[22m[2m)[22m[32m 34[2mms[22m[39m
 [32m✓[39m packages/platform/src/__tests__/tool-invocation-boundary.test.ts [2m([22m[2m14 tests[22m[2m)[22m[32m 33[2mms[22m[39m
 [32m✓[39m packages/approval-engine/src/__tests__/approval-critical-coverage.test.ts [2m([22m[2m36 tests[22m[2m)[22m[32m 26[2mms[22m[39m
 [32m✓[39m packages/agent-runtime/src/__tests__/capability-action-binding.test.ts [2m([22m[2m3 tests[22m[2m)[22m[32m 22[2mms[22m[39m
 [32m✓[39m tests/architecture/legacy-boundary.test.ts [2m([22m[2m4 tests[22m[2m)[22m[32m 24[2mms[22m[39m
 [32m✓[39m packages/policy-engine/src/__tests__/policy-profile.test.ts [2m([22m[2m13 tests[22m[2m)[22m[32m 21[2mms[22m[39m
 [32m✓[39m packages/platform/src/__tests__/approval-authority.test.ts [2m([22m[2m6 tests[22m[2m)[22m[32m 17[2mms[22m[39m
 [32m✓[39m packages/platform/src/__tests__/release-candidate-ledger.test.ts [2m([22m[2m5 tests[22m[2m)[22m[32m 20[2mms[22m[39m
 [32m✓[39m packages/conversation/src/__tests__/state.test.ts [2m([22m[2m15 tests[22m[2m)[22m[32m 19[2mms[22m[39m
 [32m✓[39m apps/api/src/__tests__/trusted-operator-identity.test.ts [2m([22m[2m13 tests[22m[2m)[22m[32m 16[2mms[22m[39m
 [32m✓[39m packages/persistence/src/__tests__/audit-evidence-checkpoint.test.ts [2m([22m[2m3 tests[22m[2m)[22m[32m 19[2mms[22m[39m
 [32m✓[39m packages/platform/src/__tests__/capability-approval-gateway.test.ts [2m([22m[2m4 tests[22m[2m)[22m[32m 22[2mms[22m[39m
 [32m✓[39m packages/platform/src/__tests__/platform-misc-hardening.test.ts [2m([22m[2m6 tests[22m[2m)[22m[32m 18[2mms[22m[39m
 [32m✓[39m packages/model-gateway/src/__tests__/providers.test.ts [2m([22m[2m15 tests[22m[2m)[22m[32m 20[2mms[22m[39m
 [32m✓[39m packages/persistence/src/__tests__/outbox-edge.test.ts [2m([22m[2m22 tests[22m[2m)[22m[32m 24[2mms[22m[39m
 [32m✓[39m packages/channel-gateway/src/__tests__/channel-effect-hash-version.test.ts [2m([22m[2m9 tests[22m[2m)[22m[32m 26[2mms[22m[39m
 [32m✓[39m packages/platform/src/__tests__/knowledge-input-boundary.test.ts [2m([22m[2m3 tests[22m[2m)[22m[32m 26[2mms[22m[39m
 [32m✓[39m legacy/packages/secretary-evals/src/__tests__/secretary-evals.test.ts [2m([22m[2m9 tests[22m[2m)[22m[32m 21[2mms[22m[39m
 [32m✓[39m tests/workspace-dependency-manifest.test.js [2m([22m[2m1 test[22m[2m)[22m[32m 20[2mms[22m[39m
 [32m✓[39m packages/rag/src/__tests__/institutional-rag-hardening.test.ts [2m([22m[2m8 tests[22m[2m)[22m[32m 15[2mms[22m[39m
 [32m✓[39m packages/platform/src/__tests__/publish-evidence-authority.test.ts [2m([22m[2m4 tests[22m[2m)[22m[32m 18[2mms[22m[39m
 [32m✓[39m packages/approval-engine/src/__tests__/approval-lifecycle.test.ts [2m([22m[2m19 tests[22m[2m)[22m[32m 20[2mms[22m[39m
 [32m✓[39m packages/observability/src/__tests__/observability-coverage.test.ts [2m([22m[2m5 tests[22m[2m)[22m[32m 20[2mms[22m[39m
 [32m✓[39m tests/architecture/dependency-direction.test.ts [2m([22m[2m4 tests[22m[2m)[22m[32m 14[2mms[22m[39m
 [32m✓[39m packages/persistence/src/__tests__/conversation-repository.test.ts [2m([22m[2m13 tests[22m[2m)[22m[32m 16[2mms[22m[39m
 [32m✓[39m packages/persistence/src/__tests__/runtime-approval-store.unit.test.ts [2m([22m[2m4 tests[22m[2m)[22m[32m 24[2mms[22m[39m
 [32m✓[39m packages/conversation/src/__tests__/postgres-store.unit.test.ts [2m([22m[2m8 tests[22m[2m)[22m[32m 22[2mms[22m[39m
 [32m✓[39m packages/platform/src/__tests__/event-bus.test.ts [2m([22m[2m8 tests[22m[2m)[22m[32m 16[2mms[22m[39m
 [32m✓[39m tests/phase4a/golden-corpus.test.ts [2m([22m[2m2 tests[22m[2m)[22m[32m 19[2mms[22m[39m
 [32m✓[39m packages/agent-evals/src/__tests__/agent-evals.test.ts [2m([22m[2m10 tests[22m[2m)[22m[32m 21[2mms[22m[39m
 [32m✓[39m tests/phase4a/knowledge-assistant-journey.test.ts [2m([22m[2m2 tests[22m[2m)[22m[32m 16[2mms[22m[39m
 [32m✓[39m packages/channel-gateway/src/__tests__/channel-coverage-inbound-adapters.test.ts [2m([22m[2m12 tests[22m[2m)[22m[32m 18[2mms[22m[39m
 [32m✓[39m apps/api/src/__tests__/webhook-replay-preflight-unit.test.ts [2m([22m[2m48 tests[22m[2m)[22m[32m 14[2mms[22m[39m
 [32m✓[39m packages/persistence/src/__tests__/audit-evidence-checkpoint-postgres.test.ts [2m([22m[2m2 tests[22m[2m)[22m[32m 17[2mms[22m[39m
 [32m✓[39m packages/persistence/src/__tests__/outbox.test.ts [2m([22m[2m6 tests[22m[2m)[22m[32m 15[2mms[22m[39m
 [32m✓[39m packages/persistence/src/__tests__/platform-approval-repository.test.ts [2m([22m[2m3 tests[22m[2m)[22m[32m 18[2mms[22m[39m
 [32m✓[39m packages/persistence/src/__tests__/runtime-trace-correlation.test.ts [2m([22m[2m3 tests[22m[2m)[22m[32m 15[2mms[22m[39m
 [32m✓[39m apps/worker/src/__tests__/controlled-worker-hardening.test.ts [2m([22m[2m7 tests[22m[2m)[22m[32m 15[2mms[22m[39m
 [32m✓[39m packages/platform/src/__tests__/malformed-model-output.test.ts [2m([22m[2m1 test[22m[2m)[22m[32m 18[2mms[22m[39m
 [32m✓[39m packages/platform/src/__tests__/plugin-catalog.test.ts [2m([22m[2m1 test[22m[2m)[22m[32m 15[2mms[22m[39m
 [32m✓[39m packages/approval-engine/src/__tests__/approval-engine.test.ts [2m([22m[2m10 tests[22m[2m)[22m[32m 13[2mms[22m[39m
 [32m✓[39m packages/harness/src/__tests__/runtime-selection.test.ts [2m([22m[2m4 tests[22m[2m)[22m[32m 13[2mms[22m[39m
 [32m✓[39m packages/approval-engine/src/__tests__/approval-lifecycle-edges.test.ts [2m([22m[2m10 tests[22m[2m)[22m[32m 15[2mms[22m[39m
 [32m✓[39m packages/shared/src/__tests__/shared-contracts.test.ts [2m([22m[2m11 tests[22m[2m)[22m[32m 14[2mms[22m[39m
 [32m✓[39m apps/api/src/startup-failure.test.ts [2m([22m[2m8 tests[22m[2m)[22m[32m 11[2mms[22m[39m
 [32m✓[39m tests/docs-readiness.test.js [2m([22m[2m7 tests[22m[2m)[22m[32m 14[2mms[22m[39m
 [32m✓[39m packages/channel-gateway/src/__tests__/channel-coverage.test.ts [2m([22m[2m6 tests[22m[2m)[22m[32m 15[2mms[22m[39m
 [32m✓[39m legacy/packages/secretary-profile/src/__tests__/policy-engine.test.ts [2m([22m[2m14 tests[22m[2m)[22m[32m 13[2mms[22m[39m
 [32m✓[39m legacy/packages/secretary-profile/src/__tests__/capability-scope.test.ts [2m([22m[2m15 tests[22m[2m)[22m[32m 10[2mms[22m[39m
 [32m✓[39m packages/channel-gateway/src/__tests__/channel-effect-race.test.ts [2m([22m[2m2 tests[22m[2m)[22m[32m 16[2mms[22m[39m
 [32m✓[39m packages/platform/src/__tests__/controlled-preset-hardening.test.ts [2m([22m[2m3 tests[22m[2m)[22m[32m 14[2mms[22m[39m
 [32m✓[39m tests/skip-governance.test.js [2m([22m[2m9 tests[22m[2m)[22m[32m 12[2mms[22m[39m
 [32m✓[39m packages/approval-engine/src/__tests__/approval-lifecycle-fencing.test.ts [2m([22m[2m6 tests[22m[2m)[22m[32m 14[2mms[22m[39m
 [32m✓[39m apps/worker/src/__tests__/operational-harness-worker.test.ts [2m([22m[2m8 tests[22m[2m)[22m[32m 14[2mms[22m[39m
 [32m✓[39m packages/persistence/src/__tests__/outbox-memory.test.ts [2m([22m[2m4 tests[22m[2m)[22m[32m 13[2mms[22m[39m
 [32m✓[39m apps/api/src/__tests__/oidc-login-transaction.test.ts [2m([22m[2m8 tests[22m[2m)[22m[32m 12[2mms[22m[39m
 [32m✓[39m packages/model-gateway/src/__tests__/edge-coverage.test.ts [2m([22m[2m15 tests[22m[2m)[22m[32m 12[2mms[22m[39m
 [32m✓[39m packages/approval-engine/src/__tests__/approval-operation-key.test.ts [2m([22m[2m7 tests[22m[2m)[22m[32m 13[2mms[22m[39m
 [32m✓[39m tests/e2e-report-binding.test.js [2m([22m[2m8 tests[22m[2m)[22m[32m 13[2mms[22m[39m
 [32m✓[39m packages/persistence/src/__tests__/persistence-schema.test.ts [2m([22m[2m7 tests[22m[2m)[22m[32m 13[2mms[22m[39m
 [32m✓[39m packages/persistence/src/__tests__/plugin-catalog-repository.test.ts [2m([22m[2m1 test[22m[2m)[22m[32m 11[2mms[22m[39m
 [32m✓[39m packages/persistence/src/__tests__/attendance-approval-atomic.test.ts [2m([22m[2m6 tests[22m[2m)[22m[32m 13[2mms[22m[39m
 [32m✓[39m packages/persistence/src/__tests__/release-candidate-repository.test.ts [2m([22m[2m3 tests[22m[2m)[22m[32m 12[2mms[22m[39m
 [32m✓[39m tests/ci-bar-contract.test.js [2m([22m[2m4 tests[22m[2m)[22m[32m 12[2mms[22m[39m
 [32m✓[39m packages/agent-core/src/__tests__/receive-inbound-message.test.ts [2m([22m[2m6 tests[22m[2m)[22m[32m 13[2mms[22m[39m
 [32m✓[39m packages/platform/src/__tests__/model-provider-boundary.test.ts [2m([22m[2m4 tests[22m[2m)[22m[32m 13[2mms[22m[39m
 [32m✓[39m apps/web/src/features/platform/prompt-profile.test.ts [2m([22m[2m5 tests[22m[2m)[22m[32m 11[2mms[22m[39m
 [32m✓[39m packages/policy-engine/src/__tests__/reference-engine.test.ts [2m([22m[2m11 tests[22m[2m)[22m[32m 10[2mms[22m[39m
 [32m✓[39m legacy/packages/secretary-profile/src/__tests__/policy-coverage.test.ts [2m([22m[2m6 tests[22m[2m)[22m[32m 11[2mms[22m[39m
 [32m✓[39m legacy/packages/secretary-journeys/src/__tests__/journeys.test.ts [2m([22m[2m2 tests[22m[2m)[22m[32m 11[2mms[22m[39m
 [32m✓[39m apps/api/src/__tests__/identity-key-ring-rotation.test.ts [2m([22m[2m8 tests[22m[2m)[22m[32m 10[2mms[22m[39m
 [32m✓[39m packages/persistence/src/__tests__/restore.test.ts [2m([22m[2m5 tests[22m[2m)[22m[32m 10[2mms[22m[39m
 [32m✓[39m legacy/packages/secretary-profile/src/__tests__/policy-engine-branch-hardening.test.ts [2m([22m[2m9 tests[22m[2m)[22m[32m 10[2mms[22m[39m
 [32m✓[39m tests/rem21-018-config.test.ts [2m([22m[2m6 tests[22m[2m)[22m[32m 10[2mms[22m[39m
 [32m✓[39m apps/api/src/__tests__/oidc-identity.test.ts [2m([22m[2m22 tests[22m[2m)[22m[32m 10[2mms[22m[39m
 [32m✓[39m packages/platform/src/__tests__/knowledge-source-catalog.test.ts [2m([22m[2m2 tests[22m[2m)[22m[32m 9[2mms[22m[39m
 [32m✓[39m tests/mutation-guard.test.js [2m([22m[2m3 tests[22m[2m)[22m[32m 11[2mms[22m[39m
 [32m✓[39m packages/shared/src/__tests__/audit-governance-hardening.test.ts [2m([22m[2m11 tests[22m[2m)[22m[32m 9[2mms[22m[39m
 [32m✓[39m packages/harness/src/__tests__/completion.test.ts [2m([22m[2m7 tests[22m[2m)[22m[32m 9[2mms[22m[39m
 [32m✓[39m packages/agent-runtime/src/__tests__/proposal-errors.test.ts [2m([22m[2m10 tests[22m[2m)[22m[32m 11[2mms[22m[39m
 [32m✓[39m packages/observability/src/__tests__/operational-observability.test.ts [2m([22m[2m3 tests[22m[2m)[22m[32m 10[2mms[22m[39m
 [32m✓[39m apps/worker/src/__tests__/outbox-recovery.test.ts [2m([22m[2m3 tests[22m[2m)[22m[32m 10[2mms[22m[39m
 [32m✓[39m packages/chaos/src/__tests__/faults-coverage.test.ts [2m([22m[2m3 tests[22m[2m)[22m[32m 10[2mms[22m[39m
 [32m✓[39m apps/web/src/api/audit-evidence-checkpoint-client.test.ts [2m([22m[2m3 tests[22m[2m)[22m[32m 10[2mms[22m[39m
 [32m✓[39m packages/platform/src/__tests__/tool-invocation-boundary-hardening.test.ts [2m([22m[2m9 tests[22m[2m)[22m[32m 9[2mms[22m[39m
 [32m✓[39m packages/approval-engine/src/__tests__/approval-coverage.test.ts [2m([22m[2m3 tests[22m[2m)[22m[32m 9[2mms[22m[39m
 [32m✓[39m apps/worker/src/__tests__/controlled-worker.test.ts [2m([22m[2m2 tests[22m[2m)[22m[32m 9[2mms[22m[39m
 [32m✓[39m packages/persistence/src/__tests__/outbox-content-binding.test.ts [2m([22m[2m6 tests[22m[2m)[22m[32m 8[2mms[22m[39m
 [32m✓[39m apps/web/src/api/release-candidate-client.test.ts [2m([22m[2m3 tests[22m[2m)[22m[32m 9[2mms[22m[39m
 [32m✓[39m packages/conversation/src/__tests__/bridge.test.ts [2m([22m[2m6 tests[22m[2m)[22m[32m 10[2mms[22m[39m
 [32m✓[39m packages/persistence/src/__tests__/operational-approval-adapter.test.ts [2m([22m[2m2 tests[22m[2m)[22m[32m 9[2mms[22m[39m
 [32m✓[39m packages/shared/src/__tests__/ssrf.test.ts [2m([22m[2m34 tests[22m[2m)[22m[32m 7[2mms[22m[39m
 [32m✓[39m tests/basic-agent.test.ts [2m([22m[2m8 tests[22m[2m)[22m[32m 8[2mms[22m[39m
 [32m✓[39m packages/platform/src/__tests__/retention-ledger.test.ts [2m([22m[2m2 tests[22m[2m)[22m[32m 7[2mms[22m[39m
 [32m✓[39m tests/repository-structure.test.js [2m([22m[2m2 tests[22m[2m)[22m[32m 8[2mms[22m[39m
 [32m✓[39m tests/phase4a/public-harness-integration.test.ts [2m([22m[2m1 test[22m[2m)[22m[32m 8[2mms[22m[39m
 [32m✓[39m packages/harness/src/__tests__/effect-journal.test.ts [2m([22m[2m3 tests[22m[2m)[22m[32m 8[2mms[22m[39m
 [32m✓[39m packages/approval-engine/src/__tests__/approval-idempotent-decision.test.ts [2m([22m[2m4 tests[22m[2m)[22m[32m 8[2mms[22m[39m
 [32m✓[39m apps/worker/src/__tests__/worker-observability.test.ts [2m([22m[2m3 tests[22m[2m)[22m[32m 8[2mms[22m[39m
 [32m✓[39m packages/persistence/src/__tests__/audit-repository.test.ts [2m([22m[2m2 tests[22m[2m)[22m[32m 7[2mms[22m[39m
 [32m✓[39m packages/orchestrator/src/__tests__/hybrid-orchestrator.test.ts [2m([22m[2m6 tests[22m[2m)[22m[32m 7[2mms[22m[39m
 [32m✓[39m packages/adapters/src/__tests__/model-adapter.test.ts [2m([22m[2m3 tests[22m[2m)[22m[32m 7[2mms[22m[39m
 [32m✓[39m packages/persistence/src/__tests__/session-version-pinning.test.ts [2m([22m[2m2 tests[22m[2m)[22m[32m 8[2mms[22m[39m
 [32m✓[39m packages/shared/src/__tests__/http-security-env.test.ts [2m([22m[2m4 tests[22m[2m)[22m[32m 7[2mms[22m[39m
 [32m✓[39m apps/worker/src/__tests__/readiness.test.ts [2m([22m[2m3 tests[22m[2m)[22m[32m 6[2mms[22m[39m
 [32m✓[39m packages/persistence/src/__tests__/audit-decision-dedupe.test.ts [2m([22m[2m3 tests[22m[2m)[22m[32m 6[2mms[22m[39m
 [32m✓[39m tests/phase4a-gate-identity.test.ts [2m([22m[2m6 tests[22m[2m)[22m[32m 5[2mms[22m[39m
 [32m✓[39m tests/runtime-image-contract.test.js [2m([22m[2m2 tests[22m[2m)[22m[32m 5[2mms[22m[39m
 [32m✓[39m packages/shared/src/__tests__/canonical.test.ts [2m([22m[2m9 tests[22m[2m)[22m[32m 6[2mms[22m[39m
 [32m✓[39m packages/agent-core/src/__tests__/conversation-session.integration.test.ts [2m([22m[2m1 test[22m[2m)[22m[32m 7[2mms[22m[39m
 [32m✓[39m packages/platform/src/__tests__/model-provider.test.ts [2m([22m[2m3 tests[22m[2m)[22m[32m 6[2mms[22m[39m
 [32m✓[39m packages/adapters/src/__tests__/controlled-delivery.test.ts [2m([22m[2m2 tests[22m[2m)[22m[32m 6[2mms[22m[39m
 [32m✓[39m packages/harness/src/__tests__/context-engine.test.ts [2m([22m[2m4 tests[22m[2m)[22m[32m 6[2mms[22m[39m
 [32m✓[39m packages/shared/src/__tests__/ids-hardening.test.ts [2m([22m[2m3 tests[22m[2m)[22m[32m 7[2mms[22m[39m
 [32m✓[39m packages/rag/src/__tests__/institutional-rag.test.ts [2m([22m[2m3 tests[22m[2m)[22m[32m 6[2mms[22m[39m
 [32m✓[39m tests/rem21-014-browser-proof.test.js [2m([22m[2m7 tests[22m[2m)[22m[32m 5[2mms[22m[39m
 [32m✓[39m apps/web/src/api/client.test.ts [2m([22m[2m1 test[22m[2m)[22m[32m 7[2mms[22m[39m
 [32m✓[39m tests/construction-readiness.test.js [2m([22m[2m4 tests[22m[2m)[22m[32m 5[2mms[22m[39m
 [32m✓[39m tests/coverage-gate.test.js [2m([22m[2m3 tests[22m[2m)[22m[32m 5[2mms[22m[39m
 [32m✓[39m packages/platform/src/__tests__/qualification.test.ts [2m([22m[2m3 tests[22m[2m)[22m[32m 5[2mms[22m[39m
 [32m✓[39m packages/adapters/src/__tests__/fake-whatsapp-adapter.test.ts [2m([22m[2m2 tests[22m[2m)[22m[32m 6[2mms[22m[39m
 [32m✓[39m packages/policy/src/__tests__/policy-engine.test.ts [2m([22m[2m3 tests[22m[2m)[22m[32m 5[2mms[22m[39m
 [32m✓[39m packages/agent-core/src/__tests__/internal-task.integration.test.ts [2m([22m[2m1 test[22m[2m)[22m[32m 5[2mms[22m[39m
 [32m✓[39m packages/agent-core/src/__tests__/approval-reconciliation.test.ts [2m([22m[2m2 tests[22m[2m)[22m[32m 6[2mms[22m[39m
 [32m✓[39m tests/release-candidate-boundary.test.js [2m([22m[2m5 tests[22m[2m)[22m[32m 5[2mms[22m[39m
 [32m✓[39m tests/vitest-hermetic.test.ts [2m([22m[2m1 test[22m[2m)[22m[32m 5[2mms[22m[39m
 [32m✓[39m packages/shared/src/__tests__/data-classification.test.ts [2m([22m[2m7 tests[22m[2m)[22m[32m 4[2mms[22m[39m
 [32m✓[39m packages/shared/src/__tests__/auth-identity-mode.test.ts [2m([22m[2m3 tests[22m[2m)[22m[32m 5[2mms[22m[39m
 [32m✓[39m tests/rem21-010-postgres-proof.test.js [2m([22m[2m4 tests[22m[2m)[22m[32m 5[2mms[22m[39m
 [32m✓[39m tests/workspace-scripts.test.js [2m([22m[2m2 tests[22m[2m)[22m[32m 4[2mms[22m[39m
 [32m✓[39m tests/security-scan-config.test.js [2m([22m[2m2 tests[22m[2m)[22m[32m 5[2mms[22m[39m
 [32m✓[39m tests/rem21-011-observability-proof.test.js [2m([22m[2m3 tests[22m[2m)[22m[32m 4[2mms[22m[39m
 [32m✓[39m packages/persistence/src/__tests__/conversation-intelligence-migration.test.ts [2m([22m[2m2 tests[22m[2m)[22m[32m 4[2mms[22m[39m
 [32m✓[39m packages/platform/src/__tests__/handoff.test.ts [2m([22m[2m2 tests[22m[2m)[22m[32m 4[2mms[22m[39m
 [32m✓[39m tests/contracts.test.ts [2m([22m[2m2 tests[22m[2m)[22m[32m 4[2mms[22m[39m
 [32m✓[39m packages/policy/src/__tests__/approval-state.integration.test.ts [2m([22m[2m1 test[22m[2m)[22m[32m 4[2mms[22m[39m

[2m Test Files [22m [1m[32m328 passed[39m[22m[90m (328)[39m
[2m      Tests [22m [1m[32m2481 passed[39m[22m[90m (2481)[39m
[2m   Start at [22m 00:49:10
[2m   Duration [22m 415.10s[2m (transform 4.09s, setup 0ms, import 48.14s, tests 142.61s, environment 170.08s)[22m

[34m % [39m[2mCoverage report from [22m[33mv8[39m
-------------------|---------|----------|---------|---------|-------------------
File               | % Stmts | % Branch | % Funcs | % Lines | Uncovered Line #s 
-------------------|---------|----------|---------|---------|-------------------
All files          |   92.57 |    87.77 |   95.11 |   93.61 |                   
 apps/api/src      |   93.68 |       89 |   96.81 |   95.26 |                   
  ...e-boundary.ts |     100 |      100 |     100 |     100 |                   
  ...log-alerts.ts |     100 |    73.68 |     100 |     100 | 56,74-83          
  ...t-boundary.ts |     100 |      100 |     100 |     100 |                   
  http-security.ts |   90.54 |    88.57 |     100 |   97.32 | ...12,293,308,478 
  ...t-boundary.ts |     100 |      100 |     100 |     100 |                   
  ...omposition.ts |       0 |        0 |       0 |       0 |                   
  oidc-identity.ts |     100 |    95.45 |     100 |     100 | 32,87,126         
  ...ransaction.ts |    92.3 |       90 |     100 |   94.25 | ...07,134,209,219 
  ...e-postgres.ts |   86.95 |    88.46 |     100 |   86.36 | 32,52,64          
  ...r-identity.ts |   92.74 |    93.64 |   96.77 |    95.4 | ...35,346-349,446 
  ...ssion-hook.ts |   96.15 |    88.88 |     100 |     100 | 47,56             
  ...n-postgres.ts |   66.66 |    58.62 |      90 |   74.46 | ...47,113,122-139 
  ...-preflight.ts |   91.76 |       95 |     100 |      95 | 19,181,248,424    
  ...or-session.ts |   81.81 |    71.79 |     100 |   91.48 | 41,56,60,96       
  ...n-boundary.ts |     100 |     90.9 |     100 |     100 | 17                
  rate-limit.ts    |   93.12 |    89.88 |     100 |    95.2 | ...08,139,156,170 
  readiness.ts     |     100 |     87.5 |     100 |     100 | 105-117           
  ...st-metrics.ts |     100 |      100 |     100 |     100 |                   
  ...orrelation.ts |     100 |      100 |     100 |     100 |                   
  server.ts        |   94.06 |    84.62 |   94.31 |   94.62 | ...5442,5462,5467 
  ...up-failure.ts |      96 |       90 |     100 |      96 | 32                
  ...-preflight.ts |   98.61 |    96.74 |   95.12 |   98.57 | 371,570,898       
  ...k-security.ts |   95.79 |    94.79 |     100 |   97.34 | 92-93,435,552,585 
 ...api/src/routes |     100 |      100 |     100 |     100 |                   
  approvals.ts     |     100 |      100 |     100 |     100 |                   
  audit.ts         |     100 |      100 |     100 |     100 |                   
  conversations.ts |     100 |      100 |     100 |     100 |                   
  health.ts        |     100 |      100 |     100 |     100 |                   
  tasks.ts         |     100 |      100 |     100 |     100 |                   
  webhooks.ts      |     100 |      100 |     100 |     100 |                   
 apps/worker/src   |   82.64 |     78.8 |    89.4 |   84.29 |                   
  ...ous-worker.ts |   87.74 |    83.85 |    91.3 |   89.45 | ...70,812,843,878 
  ...led-worker.ts |      96 |    88.88 |     100 |   95.45 | 106               
  health.ts        |     100 |    72.72 |     100 |     100 | 55-59,81          
  ...log-worker.ts |   29.28 |    31.39 |   42.85 |   31.29 | 58,68,87,202-404  
  ...omposition.ts |    87.5 |       70 |      90 |   88.23 | ...97,500,503,531 
  ...ess-worker.ts |   87.37 |    83.94 |    90.9 |   90.32 | ...24,343,348,353 
  ...tic-effect.ts |     100 |       80 |     100 |     100 | 57                
  ...etic-agent.ts |   95.06 |    87.23 |   93.54 |      96 | 160,297-298       
  ...controlled.ts |   94.28 |    89.13 |   94.44 |   94.23 | ...50-256,353,381 
  ...-preflight.ts |   93.15 |    87.83 |     100 |   93.05 | ...68,290-293,301 
  readiness.ts     |      90 |    81.81 |     100 |     100 | 38,58             
  startup-error.ts |     100 |      100 |     100 |     100 |                   
  sweeps.ts        |   89.58 |    72.72 |     100 |   97.72 | 81                
  ...ervability.ts |      95 |    93.33 |     100 |   94.44 | 87                
  worker.ts        |   91.37 |    88.05 |     100 |   91.37 | ...01,114,122,131 
 ...orker/src/jobs |     100 |    95.45 |     100 |     100 |                   
  ...agent-turn.ts |       0 |        0 |       0 |       0 |                   
  ...tbox-event.ts |     100 |    95.45 |     100 |     100 | 121               
 ...tary-evals/src |   66.66 |      100 |   33.33 |   66.66 |                   
  index.ts         |       0 |        0 |       0 |       0 |                   
  ...al-dataset.ts |      50 |      100 |       0 |      50 | 490-491           
  ...tary-evals.ts |     100 |      100 |     100 |     100 |                   
 ...y-journeys/src |   93.73 |     83.8 |   98.83 |   94.05 |                   
  api-routes.ts    |   96.52 |    83.87 |     100 |   96.52 | ...76,231,291,346 
  index.ts         |       0 |        0 |       0 |       0 |                   
  ...repository.ts |   92.15 |    83.78 |   98.63 |   92.59 | ...66,773,809,837 
 ...ry-profile/src |     100 |      100 |     100 |     100 |                   
  index.ts         |       0 |        0 |       0 |       0 |                   
  ...cy-profile.ts |     100 |      100 |     100 |     100 |                   
  preset.ts        |     100 |      100 |     100 |     100 |                   
 ...s/adapters/src |   90.38 |    88.11 |     100 |   90.09 |                   
  ...el-adapter.ts |       0 |        0 |       0 |       0 |                   
  ...d-delivery.ts |   92.85 |    83.78 |     100 |   92.72 | 145,155,164,173   
  index.ts         |       0 |        0 |       0 |       0 |                   
  ...ion-events.ts |       0 |        0 |       0 |       0 |                   
  model-adapter.ts |   85.71 |    90.47 |     100 |   85.36 | ...62,145,157,169 
  resilience.ts    |     100 |      100 |     100 |     100 |                   
 ...pters/src/fake |     100 |       50 |     100 |     100 |                   
  ...pp-adapter.ts |     100 |       50 |     100 |     100 | 19                
 ...agent-core/src |   94.11 |    77.77 |     100 |   94.11 |                   
  ...nciliation.ts |   94.11 |    77.77 |     100 |   94.11 | 91                
  index.ts         |       0 |        0 |       0 |       0 |                   
 .../src/agent-run |       0 |      100 |       0 |       0 |                   
  ...un-service.ts |       0 |      100 |       0 |       0 | 4-5               
 ...core/src/audit |       0 |      100 |       0 |       0 |                   
  audit-hook.ts    |       0 |      100 |       0 |       0 | 8                 
 ...e/src/commands |   87.03 |    77.65 |    90.9 |   86.79 |                   
  ...ff-summary.ts |     100 |    77.27 |     100 |     100 | 22-26             
  ...ernal-task.ts |     100 |      100 |     100 |     100 |                   
  ...shed-agent.ts |     100 |    94.73 |     100 |     100 | 103,118           
  ...worker-job.ts |     100 |      100 |     100 |     100 |                   
  ...nd-message.ts |   70.83 |       60 |   66.66 |   70.83 | 124,139-156,185   
  ...n-approval.ts |     100 |      100 |     100 |     100 |                   
  ...e-approval.ts |     100 |      100 |     100 |     100 |                   
  ...agent-turn.ts |     100 |       50 |     100 |     100 | 12-14             
 ...re/src/queries |     100 |      100 |     100 |     100 |                   
  ...n-timeline.ts |     100 |      100 |     100 |     100 |                   
 ...re/src/session |     100 |      100 |     100 |     100 |                   
  ...on-manager.ts |     100 |      100 |     100 |     100 |                   
 ...gent-evals/src |    94.3 |    86.02 |   94.73 |   96.49 |                   
  agent.ts         |     100 |      100 |     100 |     100 |                   
  contracts.ts     |     100 |      100 |     100 |     100 |                   
  index.ts         |       0 |        0 |       0 |       0 |                   
  metrics.ts       |   93.61 |    70.96 |     100 |   97.56 | 50                
  runner.ts        |    93.1 |    92.15 |   83.33 |   94.73 | 70,115,149        
 ...s/src/datasets |     100 |      100 |     100 |     100 |                   
  core.ts          |     100 |      100 |     100 |     100 |                   
 ...nt-runtime/src |   97.12 |     95.2 |   97.54 |   97.56 |                   
  composition.ts   |      94 |    76.47 |     100 |   97.82 | 258               
  contracts.ts     |     100 |      100 |     100 |     100 |                   
  ...ct-journal.ts |   98.45 |    98.79 |   95.45 |   99.57 | 842               
  index.ts         |       0 |        0 |       0 |       0 |                   
  proposal.ts      |     100 |    96.15 |     100 |     100 | 135               
  runtime.ts       |   96.65 |    95.81 |     100 |   96.67 | ...2477,2481-2482 
 ...val-engine/src |   99.72 |    98.67 |     100 |   99.71 |                   
  authority.ts     |       0 |        0 |       0 |       0 |                   
  contracts.ts     |     100 |      100 |     100 |     100 |                   
  engine.ts        |    99.7 |    98.58 |     100 |   99.68 | 325               
  index.ts         |       0 |        0 |       0 |       0 |                   
  store.ts         |     100 |      100 |     100 |     100 |                   
 ...el-gateway/src |   98.43 |    97.61 |    95.4 |     100 |                   
  contracts.ts     |     100 |      100 |     100 |     100 |                   
  ...urnal-file.ts |   98.12 |      100 |   90.32 |     100 |                   
  ...ct-journal.ts |    97.9 |    96.07 |     100 |     100 | 370,424,446,473   
  errors.ts        |     100 |      100 |     100 |     100 |                   
  gateway.ts       |   99.07 |     96.2 |    90.9 |     100 | 96,273,385        
  idempotency.ts   |     100 |      100 |     100 |     100 |                   
  index.ts         |       0 |        0 |       0 |       0 |                   
 ...y/src/adapters |   80.22 |    74.51 |   71.73 |   86.07 |                   
  chatwoot.ts      |   95.89 |    89.53 |     100 |   97.14 | 95,232            
  evolution.ts     |   96.92 |    91.17 |     100 |   98.41 | 90                
  fake.ts          |     100 |      100 |     100 |     100 |                   
  ssrf-node.ts     |   56.07 |       40 |      48 |   65.51 | ...31-142,153,166 
 ...ages/chaos/src |   94.11 |    92.85 |   94.73 |   93.93 |                   
  faults.ts        |   94.11 |    92.85 |   94.73 |   93.93 | 121-122           
  index.ts         |       0 |        0 |       0 |       0 |                   
 .../contracts/src |   77.46 |    74.62 |    87.5 |   76.81 |                   
  contracts.ts     |     100 |      100 |     100 |     100 |                   
  execution-v2.ts  |   77.14 |    74.62 |    87.5 |   76.47 | ...00,303,311,317 
  index.ts         |       0 |        0 |       0 |       0 |                   
 ...nversation/src |   89.75 |    83.61 |   96.92 |   90.38 |                   
  ...n-language.ts |     100 |       75 |     100 |     100 | 25                
  ...xt-adapter.ts |   91.66 |    66.66 |     100 |   91.66 | 58                
  contracts.ts     |   90.24 |    76.92 |   92.85 |      90 | 883-886,987       
  ...on-service.ts |   88.78 |    86.92 |     100 |   90.84 | ...1083,1086,1132 
  copy.ts          |     100 |      100 |     100 |     100 |                   
  delivery.ts      |   83.75 |    81.35 |     100 |   82.89 | ...71,288-289,322 
  ...ue-manager.ts |   83.22 |    74.33 |   91.66 |   83.97 | ...57,374,552,629 
  handoff.ts       |   76.08 |    74.57 |   84.61 |    75.6 | ...35-137,146,152 
  ...ess-bridge.ts |   76.81 |    77.41 |     100 |   81.25 | ...13-221,286,313 
  index.ts         |       0 |        0 |       0 |       0 |                   
  interpreter.ts   |    92.9 |    72.28 |   93.61 |   92.51 | ...08,468,611,656 
  memory-store.ts  |   81.81 |    79.14 |   91.17 |   82.96 | ...40,552,559,575 
  ...gres-store.ts |   95.98 |    90.62 |     100 |   96.31 | ...7,411,888,1025 
  profiles.ts      |   96.29 |    83.87 |     100 |   96.15 | 29                
  recognition.ts   |     100 |      100 |     100 |     100 |                   
  ...e-composer.ts |   85.47 |    82.52 |     100 |   85.96 | ...87-288,325,333 
  state.ts         |   97.64 |    93.37 |     100 |   97.65 | ...71-872,888,897 
 ...es/harness/src |   90.77 |    84.97 |   95.89 |   91.66 |                   
  ...y-boundary.ts |   85.77 |     78.3 |   93.18 |   87.32 | ...11,544,611,631 
  completion.ts    |   95.45 |    94.44 |     100 |     100 | 51-52,83,92,135   
  ...ext-engine.ts |   91.54 |    80.85 |   93.33 |   91.17 | 272,275,310-320   
  ...nalHarness.ts |     100 |    93.22 |     100 |     100 | 99-103,110,116    
  ...ct-journal.ts |   82.55 |    80.59 |     100 |   85.18 | ...26-227,383-390 
  ...tion-spine.ts |   95.98 |    90.95 |   96.49 |   96.52 | ...1343,1414,1449 
  index.ts         |       0 |        0 |       0 |       0 |                   
  ...e-dispatch.ts |   84.58 |     75.1 |   76.92 |   84.79 | ...1037-1039,1054 
  ...ve-runtime.ts |   92.32 |    85.58 |     100 |   93.69 | ...1381,1453,1486 
  ...-detection.ts |     100 |      100 |     100 |     100 |                   
  runtime.ts       |   90.81 |    84.81 |   86.36 |   90.76 | ...,982,1034,1082 
  step-store.ts    |   91.37 |    86.11 |     100 |   90.74 | 66,75,115,124,131 
  trajectory.ts    |      80 |    83.33 |     100 |     100 | 20,30-31          
 ...sts__/fixtures |    97.7 |    84.78 |   92.85 |   97.59 |                   
  ...3-fixtures.ts |    97.7 |    84.78 |   92.85 |   97.59 | 374,402           
 ...ness/src/evals |   77.56 |    71.02 |      75 |    77.7 |                   
  loop-evals.ts    |   79.71 |    78.68 |    62.5 |      80 | ...81,389,395,403 
  ...3-fixtures.ts |   75.86 |    60.86 |   82.14 |    75.9 | ...07,344-387,402 
 ...el-gateway/src |   98.16 |    95.78 |   98.27 |   98.29 |                   
  budget.ts        |     100 |      100 |     100 |     100 |                   
  ...it-breaker.ts |   94.36 |    96.96 |   91.66 |   93.93 | 31-34             
  contracts.ts     |     100 |      100 |     100 |     100 |                   
  errors.ts        |     100 |      100 |     100 |     100 |                   
  gateway.ts       |   97.93 |    90.74 |     100 |   98.52 | 230,421           
  index.ts         |       0 |        0 |       0 |       0 |                   
  ...t-registry.ts |     100 |      100 |     100 |     100 |                   
  retry.ts         |     100 |      100 |     100 |     100 |                   
  router.ts        |     100 |     97.5 |     100 |     100 | 87                
 .../src/providers |    85.6 |    80.57 |   79.54 |   89.87 |                   
  deterministic.ts |     100 |      100 |     100 |     100 |                   
  http-errors.ts   |     100 |      100 |     100 |     100 |                   
  ollama.ts        |     100 |    96.15 |     100 |     100 | 138,202           
  ...compatible.ts |   98.33 |    98.33 |     100 |    98.3 | 225               
  ssrf-node.ts     |   65.42 |    48.23 |      64 |   73.56 | ...31-142,155,166 
 ...ervability/src |   89.38 |    80.16 |    88.5 |   92.53 |                   
  audit-ledger.ts  |   96.77 |    88.88 |     100 |   96.77 | 108               
  index.ts         |       0 |        0 |       0 |       0 |                   
  operational.ts   |   79.03 |    70.29 |      75 |   85.71 | ...50,423,427,430 
  otel.ts          |   91.22 |    81.25 |   92.85 |   96.22 | 54,82             
  redaction.ts     |   97.14 |    89.28 |     100 |   96.55 | 54                
  telemetry.ts     |   97.29 |    97.87 |     100 |   97.05 | 330-331           
  trace-context.ts |   94.44 |    66.66 |   83.33 |   93.33 | 77                
 ...chestrator/src |   90.21 |    84.05 |      95 |    91.2 |                   
  compatibility.ts |     100 |      100 |     100 |     100 |                   
  ...chestrator.ts |   87.71 |     77.5 |   88.88 |   89.28 | ...45,195,216-217 
  index.ts         |       0 |        0 |       0 |       0 |                   
  scripted.ts      |    92.3 |     90.9 |     100 |    92.3 | 58,95             
 ...es/persistence |       0 |        0 |       0 |       0 |                   
  ...zle.config.ts |       0 |        0 |       0 |       0 |                   
 ...ersistence/src |   95.48 |    88.96 |   96.48 |   96.09 |                   
  ...e-approval.ts |     100 |      100 |     100 |     100 |                   
  ...checkpoint.ts |     100 |      100 |     100 |     100 |                   
  db.ts            |     100 |      100 |     100 |     100 |                   
  index.ts         |       0 |        0 |       0 |       0 |                   
  ...al-adapter.ts |   72.72 |    66.66 |   63.15 |   74.64 | ...62-280,303-310 
  ...migrations.ts |   86.31 |    72.72 |     100 |   87.09 | ...56,210,237-238 
  ...ntent-hash.ts |     100 |       75 |     100 |     100 | 29                
  outbox.ts        |    99.3 |    92.04 |     100 |     100 | ...,998,1046-1055 
  restore.ts       |   99.53 |    90.62 |     100 |    99.5 | 384               
  ...oval-store.ts |   98.46 |    93.82 |     100 |    99.2 | 692               
  schema.ts        |       0 |        0 |       0 |       0 |                   
  ...ingerprint.ts |     100 |      100 |     100 |     100 |                   
  tenant-schema.ts |     100 |      100 |     100 |     100 |                   
 ...c/repositories |   99.06 |    95.25 |   98.11 |   99.34 |                   
  ...repository.ts |     100 |     93.1 |     100 |     100 | 63,95             
  ...repository.ts |   98.07 |    95.68 |   96.96 |   98.97 | 219               
  ...repository.ts |   99.31 |    95.68 |   97.72 |   99.27 | 459               
  ...repository.ts |     100 |      100 |     100 |     100 |                   
  ...repository.ts |     100 |    93.33 |     100 |     100 | 60,79             
 ...s/platform/src |   94.72 |    92.08 |   97.44 |   95.15 |                   
  ...-authority.ts |   96.62 |    97.64 |     100 |   98.68 | 194               
  contracts.ts     |   95.76 |    87.75 |     100 |   95.68 | ...66,270,289,658 
  ...lane-store.ts |   92.72 |     87.4 |   95.16 |   93.27 | ...1285-1290,1380 
  ...ed-plugins.ts |     100 |    85.71 |     100 |     100 | 17                
  ...led-preset.ts |     100 |      100 |     100 |     100 |                   
  ...-preflight.ts |   89.74 |    90.62 |   83.33 |   89.47 | 170-171,179-180   
  event-bus.ts     |   98.87 |    98.66 |     100 |   98.82 | 230               
  handoff.ts       |     100 |      100 |     100 |     100 |                   
  ids.ts           |     100 |      100 |     100 |     100 |                   
  index.ts         |       0 |        0 |       0 |       0 |                   
  ...l-provider.ts |     100 |      100 |     100 |     100 |                   
  output-policy.ts |      90 |    86.66 |     100 |   91.66 | 154,176,263,267   
  ...in-gateway.ts |    96.2 |    92.71 |   97.43 |   96.88 | ...99,768,775,781 
  ...-evaluator.ts |   95.83 |    96.87 |     100 |   95.65 | 60                
  ...t-composer.ts |     100 |      100 |     100 |     100 |                   
  ...pt-profile.ts |   92.85 |     91.3 |     100 |   92.72 | 115,139,175,220   
  qualification.ts |    92.5 |     92.5 |     100 |   91.17 | 48,106,121        
  ...-candidate.ts |   97.29 |       96 |     100 |   97.22 | 132               
  ...ion-ledger.ts |   98.68 |    96.87 |     100 |     100 | 204               
  ...assessment.ts |   95.45 |    94.11 |     100 |   97.36 | 68                
  ...-evaluator.ts |     100 |    88.88 |     100 |     100 | 34,43             
  test-lab.ts      |   94.93 |    93.57 |     100 |   94.66 | ...53,859,892-896 
  ...n-boundary.ts |   97.95 |    94.62 |     100 |   97.75 | 122,184           
  ...governance.ts |   86.17 |    88.23 |   89.47 |   87.38 | ...32,440-442,446 
 ...icy-engine/src |   99.51 |    96.34 |     100 |     100 |                   
  documents.ts     |     100 |      100 |     100 |     100 |                   
  engine.ts        |     100 |    99.07 |     100 |     100 | 346               
  index.ts         |       0 |        0 |       0 |       0 |                   
  profile.ts       |   98.55 |    88.09 |     100 |     100 | ...50-269,319,323 
  ...ce-profile.ts |     100 |      100 |     100 |     100 |                   
 ...ges/policy/src |     100 |      100 |     100 |     100 |                   
  index.ts         |       0 |        0 |       0 |       0 |                   
  policy-engine.ts |     100 |      100 |     100 |     100 |                   
  ...cy-version.ts |     100 |      100 |     100 |     100 |                   
 .../src/approvals |     100 |      100 |     100 |     100 |                   
  ...al-service.ts |     100 |      100 |     100 |     100 |                   
 ...icy/src/safety |     100 |      100 |     100 |     100 |                   
  ...boundaries.ts |     100 |      100 |     100 |     100 |                   
 packages/rag/src  |     100 |     93.1 |     100 |     100 |                   
  index.ts         |       0 |        0 |       0 |       0 |                   
  ...tional-rag.ts |     100 |     93.1 |     100 |     100 | 87                
  ...rag-source.ts |     100 |      100 |     100 |     100 |                   
 ...ges/shared/src |   96.18 |    93.89 |   97.33 |   97.03 |                   
  ...governance.ts |   95.53 |    94.49 |     100 |   98.95 | 402               
  auth.ts          |     100 |      100 |     100 |     100 |                   
  canonical.ts     |   97.91 |    96.77 |     100 |   97.72 | 112               
  ...sification.ts |     100 |      100 |     100 |     100 |                   
  enums.ts         |     100 |      100 |     100 |     100 |                   
  env.ts           |     100 |    98.33 |     100 |     100 | 21                
  envelope.ts      |     100 |      100 |     100 |     100 |                   
  errors.ts        |     100 |      100 |     100 |     100 |                   
  ids.ts           |     100 |       75 |     100 |     100 | 13-14             
  index.ts         |       0 |        0 |       0 |       0 |                   
  lifecycle.ts     |    97.5 |    93.75 |     100 |     100 | 62                
  observability.ts |     100 |      100 |     100 |     100 |                   
  pagination.ts    |     100 |      100 |     100 |     100 |                   
  ssrf.ts          |   93.58 |     91.7 |   88.88 |   92.81 | ...59,286,292,317 
 ...ed/src/schemas |     100 |      100 |     100 |     100 |                   
  api.ts           |     100 |      100 |     100 |     100 |                   
  application.ts   |     100 |      100 |     100 |     100 |                   
-------------------|---------|----------|---------|---------|-------------------
