$ npm run test:coverage && npm run coverage:critical && npm run mutation:guard
# runId=run-d16b83eec6ac-munpsn94 candidateId=d16b83eec6ac1f31c45c63398f90fac8f0906a476bcc3e4bb805e2ba697e32e9 gate=coverage command=npm run test:coverage && npm run coverage:critical && npm run mutation:guard
# exitCode=0 durationMs=510356


> cvg-operational-harness@1.0.0 test:coverage
> vitest run --coverage --no-file-parallelism --maxWorkers=2


[1m[30m[46m RUN [49m[39m[22m [36mv4.1.11 [39m[90m/tmp/cvg-up91-exec-20260930/repo[39m
      [2mCoverage enabled with [22m[33mv8[39m

 [32m✓[39m apps/api/src/__tests__/postgres-persistence-mode.test.ts [2m([22m[2m71 tests[22m[2m)[22m[33m 34906[2mms[22m[39m
     [33m[2m✓[22m[39m commits and rolls back the tenant-scoped runtime finalizer atomically [33m 1405[2mms[22m[39m
     [33m[2m✓[22m[39m validates tenant-scoped startup with separate migration and runtime roles [33m 1384[2mms[22m[39m
     [33m[2m✓[22m[39m rejects missing rate-limit table or index before PostgreSQL startup [33m 1183[2mms[22m[39m
     [33m[2m✓[22m[39m keeps human takeover and session continuation fail-closed on PostgreSQL [33m 370[2mms[22m[39m
     [33m[2m✓[22m[39m blocks serving boot after fencing constraint moved to another table [33m 1285[2mms[22m[39m
     [33m[2m✓[22m[39m blocks serving boot after fencing CHECK replaced by true [33m 1609[2mms[22m[39m
     [33m[2m✓[22m[39m blocks serving boot after generation CHECK becomes permissive [33m 1572[2mms[22m[39m
     [33m[2m✓[22m[39m blocks serving boot after fencing CHECK is NOT VALID [33m 1511[2mms[22m[39m
     [33m[2m✓[22m[39m blocks serving boot after event key CHECK becomes permissive [33m 1296[2mms[22m[39m
     [33m[2m✓[22m[39m blocks serving boot after status CHECK becomes permissive [33m 1278[2mms[22m[39m
     [33m[2m✓[22m[39m blocks serving boot after created_at becomes nullable [33m 1065[2mms[22m[39m
     [33m[2m✓[22m[39m blocks serving boot after created_at default disappears [33m 1023[2mms[22m[39m
     [33m[2m✓[22m[39m blocks serving boot after lease_generation becomes nullable [33m 1062[2mms[22m[39m
     [33m[2m✓[22m[39m blocks serving boot after lease_generation default disappears [33m 1066[2mms[22m[39m
     [33m[2m✓[22m[39m blocks serving boot after lease token type changes [33m 1135[2mms[22m[39m
     [33m[2m✓[22m[39m blocks serving boot after unexpected NOT NULL column blocks reservations [33m 1066[2mms[22m[39m
     [33m[2m✓[22m[39m blocks serving boot after PK becomes deferrable [33m 1052[2mms[22m[39m
     [33m[2m✓[22m[39m blocks serving boot after table becomes unlogged [33m 1068[2mms[22m[39m
     [33m[2m✓[22m[39m blocks serving boot after table inherits another table [33m 1018[2mms[22m[39m
     [33m[2m✓[22m[39m blocks serving boot after expiry index is on the wrong column [33m 1033[2mms[22m[39m
     [33m[2m✓[22m[39m blocks serving boot after expiry index has a predicate [33m 1070[2mms[22m[39m
     [33m[2m✓[22m[39m blocks serving boot after expiry index is unique [33m 1047[2mms[22m[39m
     [33m[2m✓[22m[39m blocks serving boot after extra unique index changes replay writes [33m 1100[2mms[22m[39m
     [33m[2m✓[22m[39m blocks serving boot after expiry index name exists on another table [33m 1053[2mms[22m[39m
     [33m[2m✓[22m[39m blocks serving boot after user trigger suppresses reservation [33m 1012[2mms[22m[39m
     [33m[2m✓[22m[39m blocks serving boot after rewrite rule suppresses reservation [33m 1020[2mms[22m[39m
     [33m[2m✓[22m[39m blocks serving boot after cross-schema FK references replay state [33m 1082[2mms[22m[39m
     [33m[2m✓[22m[39m blocks serving boot after RLS policy is installed [33m 1061[2mms[22m[39m
     [33m[2m✓[22m[39m blocks an invalid expiry index left by a failed concurrent build [33m 1063[2mms[22m[39m
     [33m[2m✓[22m[39m blocks a CHECK bound to an application function [33m 1026[2mms[22m[39m
 [32m✓[39m apps/api/src/__tests__/approval-decision-atomicity-postgres.test.ts [2m([22m[2m8 tests[22m[2m)[22m[33m 7543[2mms[22m[39m
     [33m[2m✓[22m[39m applies migration 0021 exactly-once guard [33m 977[2mms[22m[39m
     [33m[2m✓[22m[39m blocks migration 0021 when legacy duplicate decision keys exist [33m 915[2mms[22m[39m
     [33m[2m✓[22m[39m rejects a valid-looking index with the wrong definition [33m 879[2mms[22m[39m
     [33m[2m✓[22m[39m rejects an invalid and not-ready unique index [33m 876[2mms[22m[39m
     [33m[2m✓[22m[39m converges concurrent applications of migration 0021 [33m 878[2mms[22m[39m
     [33m[2m✓[22m[39m retries converge with exactly one audit event after an injected crash [33m 1113[2mms[22m[39m
     [33m[2m✓[22m[39m identical concurrent decisions keep one winner and one audit event [33m 939[2mms[22m[39m
     [33m[2m✓[22m[39m worker recovery preserves the decision envelope after audit failure [33m 963[2mms[22m[39m
 [32m✓[39m apps/worker/src/__tests__/operational-harness-homolog.integration.test.ts [2m([22m[2m3 tests[22m[2m)[22m[33m 6603[2mms[22m[39m
     [33m[2m✓[22m[39m reclaims a SIGKILLed claim in a second process with one terminal outcome [33m 4048[2mms[22m[39m
     [33m[2m✓[22m[39m refuses to start without arming, database or outside homolog scope [33m 1016[2mms[22m[39m
     [33m[2m✓[22m[39m drains cleanly on SIGTERM with no work pending [33m 1537[2mms[22m[39m
 [32m✓[39m apps/api/src/__tests__/rate-limit-distributed-postgres.test.ts [2m([22m[2m9 tests[22m[2m)[22m[33m 5777[2mms[22m[39m
     [33m[2m✓[22m[39m shares one budget across instances and restarts [33m 908[2mms[22m[39m
     [33m[2m✓[22m[39m resets the budget when the window expires [33m 1204[2mms[22m[39m
     [33m[2m✓[22m[39m serializes concurrent first checks for one logical budget [33m 872[2mms[22m[39m
     [33m[2m✓[22m[39m fails closed at active capacity without evicting an existing budget [33m 874[2mms[22m[39m
     [33m[2m✓[22m[39m enforces the shared budget at the HTTP boundary [33m 1912[2mms[22m[39m
 [32m✓[39m apps/api/src/__tests__/operator-session-postgres.test.ts [2m([22m[2m18 tests[22m[2m)[22m[33m 5816[2mms[22m[39m
     [33m[2m✓[22m[39m enforces the two-second database operation bound [33m 2099[2mms[22m[39m
     [33m[2m✓[22m[39m denies consumption after expiry while waiting on a row lock [33m 1519[2mms[22m[39m
     [33m[2m✓[22m[39m detects OIDC state schema and privilege drift before serving [33m 386[2mms[22m[39m
 [32m✓[39m packages/persistence/src/__tests__/platform-postgres-smoke.test.ts [2m([22m[2m5 tests[22m[2m)[22m[33m 4480[2mms[22m[39m
     [33m[2m✓[22m[39m persists an immutable published version and a tenant-scoped trace [33m 972[2mms[22m[39m
     [33m[2m✓[22m[39m persists versioned suites and redacted A/B run metadata under tenant RLS [33m 923[2mms[22m[39m
     [33m[2m✓[22m[39m persists tenant-scoped plugin metadata with immutable identity and guarded status [33m 870[2mms[22m[39m
     [33m[2m✓[22m[39m persists tenant-scoped knowledge source metadata without content or lifecycle bypass [33m 840[2mms[22m[39m
     [33m[2m✓[22m[39m persists a validated release-candidate evidence ledger without mutating the version [33m 871[2mms[22m[39m
 [32m✓[39m apps/worker/src/__tests__/continuous-worker-entrypoint.integration.test.ts [2m([22m[2m2 tests[22m[2m)[22m[33m 3690[2mms[22m[39m
     [33m[2m✓[22m[39m consumes events around a restart and drains on a real SIGTERM without loss or duplication [33m 2292[2mms[22m[39m
     [33m[2m✓[22m[39m runs the role preflight before the first claim and leaves the queue untouched on rejection [33m 1396[2mms[22m[39m
 [32m✓[39m apps/worker/src/__tests__/operational-harness-capability-postgres.integration.test.ts [2m([22m[2m4 tests[22m[2m)[22m[33m 3754[2mms[22m[39m
     [33m[2m✓[22m[39m replays a confirmed capability effect after a fresh pool/composition and isolates tenants [33m 926[2mms[22m[39m
     [33m[2m✓[22m[39m persists an uncertain capability effect and rejects retry after fresh composition [33m 895[2mms[22m[39m
     [33m[2m✓[22m[39m executes the capability through the durable PostgreSQL worker path for isolated tenants [33m 935[2mms[22m[39m
     [33m[2m✓[22m[39m recovers a durable approval and executes the capability after fresh worker composition [33m 996[2mms[22m[39m
 [32m✓[39m apps/api/src/__tests__/tenant-schema-inventory-postgres.test.ts [2m([22m[2m4 tests[22m[2m)[22m[33m 3709[2mms[22m[39m
     [33m[2m✓[22m[39m every tenant_id table in the catalog is inventoried and verified [33m 953[2mms[22m[39m
     [33m[2m✓[22m[39m fails when a tenant-scoped table is removed [33m 929[2mms[22m[39m
     [33m[2m✓[22m[39m fails when migration 0022 is not applied [33m 923[2mms[22m[39m
     [33m[2m✓[22m[39m fails a least-privilege role without grants on new tables [33m 901[2mms[22m[39m
{"event":"worker.started","level":"info","timestamp":"2026-09-30T06:29:12.477Z","workerId":"worker-pg-continuous-192-a","concurrency":2,"pollIntervalMs":5,"idleMaxBackoffMs":5000,"errorBackoffMs":500,"errorMaxBackoffMs":30000,"leaseMs":1000,"heartbeatIntervalMs":333,"drainMs":5000,"backlogProbe":true,"sweeps":false,"externalEffects":false,"durable":true}
{"event":"worker.outbox.summary","level":"info","timestamp":"2026-09-30T06:29:12.478Z","workerId":"worker-pg-continuous-192-a","reason":"start","claimed":0,"processed":0,"failed":0,"deadLettered":0,"handoffs":0,"errors":0,"claimFailures":0,"leaseLost":0,"heartbeats":0,"idlePolls":0,"released":0,"lag":null,"inFlight":0}
{"event":"worker.metric","name":"worker_outbox_lag","value":0,"attributes":{"operation":"outbox"},"timestamp":"2026-09-30T06:29:12.509Z"}
{"event":"worker.idle_backoff","level":"debug","timestamp":"2026-09-30T06:29:12.509Z","workerId":"worker-pg-continuous-192-a","backoffMs":5,"lag":0}
{"event":"worker.idle_backoff","level":"debug","timestamp":"2026-09-30T06:29:12.518Z","workerId":"worker-pg-continuous-192-a","backoffMs":10,"lag":0}
{"event":"worker.idle_backoff","level":"debug","timestamp":"2026-09-30T06:29:12.532Z","workerId":"worker-pg-continuous-192-a","backoffMs":20,"lag":0}
{"event":"worker.metric","name":"worker_outbox_processed_total","value":1,"attributes":{"status":"processed"},"timestamp":"2026-09-30T06:29:12.533Z"}
{"event":"worker.outbox.processed","level":"info","timestamp":"2026-09-30T06:29:12.534Z","eventId":"outbox_f3c3915e-10be-4719-9a2a-36e7e2b972c1","workerId":"worker-pg-continuous-192-a","status":"processed","attempt":1,"leaseLost":false,"operation":"outbox"}
{"event":"worker.idle_backoff","level":"debug","timestamp":"2026-09-30T06:29:12.561Z","workerId":"worker-pg-continuous-192-a","backoffMs":40,"lag":0}
{"event":"worker.outbox.summary","level":"info","timestamp":"2026-09-30T06:29:12.562Z","workerId":"worker-pg-continuous-192-a","reason":"stop","claimed":1,"processed":1,"failed":0,"deadLettered":0,"handoffs":0,"errors":0,"claimFailures":0,"leaseLost":0,"heartbeats":0,"idlePolls":4,"released":0,"lag":0,"inFlight":0}
{"event":"worker.stopped","level":"info","timestamp":"2026-09-30T06:29:12.562Z","workerId":"worker-pg-continuous-192-a","drained":true,"released":0,"releaseFailed":0,"processed":1,"failed":0,"deadLettered":0,"lag":0}
{"event":"worker.started","level":"info","timestamp":"2026-09-30T06:29:12.574Z","workerId":"worker-pg-continuous-192-b","concurrency":2,"pollIntervalMs":5,"idleMaxBackoffMs":5000,"errorBackoffMs":500,"errorMaxBackoffMs":30000,"leaseMs":1000,"heartbeatIntervalMs":333,"drainMs":5000,"backlogProbe":true,"sweeps":false,"externalEffects":false,"durable":true}
{"event":"worker.outbox.summary","level":"info","timestamp":"2026-09-30T06:29:12.574Z","workerId":"worker-pg-continuous-192-b","reason":"start","claimed":0,"processed":0,"failed":0,"deadLettered":0,"handoffs":0,"errors":0,"claimFailures":0,"leaseLost":0,"heartbeats":0,"idlePolls":0,"released":0,"lag":null,"inFlight":0}
{"event":"worker.metric","name":"worker_outbox_lag","value":0,"attributes":{"operation":"outbox"},"timestamp":"2026-09-30T06:29:12.609Z"}
{"event":"worker.metric","name":"worker_outbox_dead_lettered_total","value":1,"attributes":{"status":"dead_letter"},"timestamp":"2026-09-30T06:29:12.619Z"}
{"event":"worker.outbox.dead_letter","level":"info","timestamp":"2026-09-30T06:29:12.619Z","eventId":"outbox_8f52469e-1c1d-4bc7-a938-031c062a8458","workerId":"worker-pg-continuous-192-b","status":"dead_letter","attempt":1,"leaseLost":false,"error":"[redacted-outbox-error]","operation":"outbox"}
{"event":"worker.idle_backoff","level":"debug","timestamp":"2026-09-30T06:29:12.624Z","workerId":"worker-pg-continuous-192-b","backoffMs":5,"lag":0}
{"event":"worker.metric","name":"worker_outbox_processed_total","value":1,"attributes":{"status":"processed"},"timestamp":"2026-09-30T06:29:12.628Z"}
{"event":"worker.outbox.processed","level":"info","timestamp":"2026-09-30T06:29:12.628Z","eventId":"outbox_068b3a6c-3edd-49e9-a736-a06f3de559d6","workerId":"worker-pg-continuous-192-b","status":"processed","attempt":1,"leaseLost":false,"operation":"outbox"}
{"event":"worker.idle_backoff","level":"debug","timestamp":"2026-09-30T06:29:12.632Z","workerId":"worker-pg-continuous-192-b","backoffMs":10,"lag":0}
{"event":"worker.idle_backoff","level":"debug","timestamp":"2026-09-30T06:29:12.647Z","workerId":"worker-pg-continuous-192-b","backoffMs":20,"lag":0}
{"event":"worker.outbox.summary","level":"info","timestamp":"2026-09-30T06:29:12.655Z","workerId":"worker-pg-continuous-192-b","reason":"stop","claimed":2,"processed":1,"failed":0,"deadLettered":1,"handoffs":0,"errors":0,"claimFailures":0,"leaseLost":0,"heartbeats":0,"idlePolls":3,"released":0,"lag":0,"inFlight":0}
{"event":"worker.stopped","level":"info","timestamp":"2026-09-30T06:29:12.655Z","workerId":"worker-pg-continuous-192-b","drained":true,"released":0,"releaseFailed":0,"processed":1,"failed":0,"deadLettered":1,"lag":0}
{"event":"worker.started","level":"info","timestamp":"2026-09-30T06:29:13.766Z","workerId":"worker-pg-continuous-192-d","concurrency":2,"pollIntervalMs":5,"idleMaxBackoffMs":5000,"errorBackoffMs":500,"errorMaxBackoffMs":30000,"leaseMs":1000,"heartbeatIntervalMs":333,"drainMs":5000,"backlogProbe":true,"sweeps":false,"externalEffects":false,"durable":true}
{"event":"worker.outbox.summary","level":"info","timestamp":"2026-09-30T06:29:13.766Z","workerId":"worker-pg-continuous-192-d","reason":"start","claimed":0,"processed":0,"failed":0,"deadLettered":0,"handoffs":0,"errors":0,"claimFailures":0,"leaseLost":0,"heartbeats":0,"idlePolls":0,"released":0,"lag":null,"inFlight":0}
{"event":"worker.metric","name":"worker_outbox_lag","value":0,"attributes":{"operation":"outbox"},"timestamp":"2026-09-30T06:29:13.789Z"}
{"event":"worker.metric","name":"worker_outbox_processed_total","value":1,"attributes":{"status":"processed"},"timestamp":"2026-09-30T06:29:13.803Z"}
{"event":"worker.outbox.processed","level":"info","timestamp":"2026-09-30T06:29:13.803Z","eventId":"outbox_0414dff0-3f22-4f02-8775-e0326b888f95","workerId":"worker-pg-continuous-192-d","status":"processed","attempt":1,"leaseLost":false,"operation":"outbox"}
{"event":"worker.metric","name":"worker_outbox_processed_total","value":1,"attributes":{"status":"processed"},"timestamp":"2026-09-30T06:29:13.806Z"}
{"event":"worker.outbox.processed","level":"info","timestamp":"2026-09-30T06:29:13.806Z","eventId":"outbox_309231b9-d7c9-4d1c-bcda-27cffefabfe7","workerId":"worker-pg-continuous-192-d","status":"processed","attempt":1,"leaseLost":false,"operation":"outbox"}
{"event":"worker.idle_backoff","level":"debug","timestamp":"2026-09-30T06:29:13.809Z","workerId":"worker-pg-continuous-192-d","backoffMs":5,"lag":0}
{"event":"worker.idle_backoff","level":"debug","timestamp":"2026-09-30T06:29:13.816Z","workerId":"worker-pg-continuous-192-d","backoffMs":10,"lag":0}
{"event":"worker.outbox.summary","level":"info","timestamp":"2026-09-30T06:29:13.816Z","workerId":"worker-pg-continuous-192-d","reason":"stop","claimed":2,"processed":2,"failed":0,"deadLettered":0,"handoffs":0,"errors":0,"claimFailures":0,"leaseLost":0,"heartbeats":0,"idlePolls":2,"released":0,"lag":0,"inFlight":0}
{"event":"worker.stopped","level":"info","timestamp":"2026-09-30T06:29:13.816Z","workerId":"worker-pg-continuous-192-d","drained":true,"released":0,"releaseFailed":0,"processed":2,"failed":0,"deadLettered":0,"lag":0}
{"event":"worker.started","level":"info","timestamp":"2026-09-30T06:29:13.820Z","workerId":"worker-pg-continuous-192-e","concurrency":1,"pollIntervalMs":5,"idleMaxBackoffMs":5000,"errorBackoffMs":500,"errorMaxBackoffMs":30000,"leaseMs":1000,"heartbeatIntervalMs":333,"drainMs":5000,"backlogProbe":true,"sweeps":false,"externalEffects":false,"durable":true}
{"event":"worker.outbox.summary","level":"info","timestamp":"2026-09-30T06:29:13.820Z","workerId":"worker-pg-continuous-192-e","reason":"start","claimed":0,"processed":0,"failed":0,"deadLettered":0,"handoffs":0,"errors":0,"claimFailures":0,"leaseLost":0,"heartbeats":0,"idlePolls":0,"released":0,"lag":null,"inFlight":0}
{"event":"worker.metric","name":"worker_outbox_lag","value":0,"attributes":{"operation":"outbox"},"timestamp":"2026-09-30T06:29:13.837Z"}
{"event":"worker.shutdown_release","level":"warn","timestamp":"2026-09-30T06:29:13.877Z","eventId":"outbox_9a285a96-daae-4806-837d-5a26de03a363","workerId":"worker-pg-continuous-192-e","operation":"outbox"}
{"event":"worker.metric","name":"worker_outbox_shutdown_releases_total","value":1,"attributes":{"outcome":"released"},"timestamp":"2026-09-30T06:29:13.877Z"}
{"event":"worker.outbox.summary","level":"info","timestamp":"2026-09-30T06:29:13.877Z","workerId":"worker-pg-continuous-192-e","reason":"stop","claimed":1,"processed":0,"failed":0,"deadLettered":0,"handoffs":0,"errors":0,"claimFailures":0,"leaseLost":0,"heartbeats":0,"idlePolls":0,"released":1,"lag":0,"inFlight":1}
{"event":"worker.stopped","level":"info","timestamp":"2026-09-30T06:29:13.877Z","workerId":"worker-pg-continuous-192-e","drained":false,"released":1,"releaseFailed":0,"processed":0,"failed":0,"deadLettered":0,"lag":0}
{"event":"worker.event_error","level":"error","timestamp":"2026-09-30T06:29:13.882Z","eventId":"outbox_9a285a96-daae-4806-837d-5a26de03a363","workerId":"worker-pg-continuous-192-e","attempt":1,"error":"outbox_error:conflict","operation":"outbox"}
{"event":"worker.metric","name":"worker_outbox_errors_total","value":1,"attributes":{"outcome":"error"},"timestamp":"2026-09-30T06:29:13.882Z"}
{"event":"worker.started","level":"info","timestamp":"2026-09-30T06:29:13.885Z","workerId":"worker-pg-continuous-192-f","concurrency":2,"pollIntervalMs":5,"idleMaxBackoffMs":5000,"errorBackoffMs":500,"errorMaxBackoffMs":30000,"leaseMs":1000,"heartbeatIntervalMs":333,"drainMs":5000,"backlogProbe":true,"sweeps":false,"externalEffects":false,"durable":true}
{"event":"worker.outbox.summary","level":"info","timestamp":"2026-09-30T06:29:13.885Z","workerId":"worker-pg-continuous-192-f","reason":"start","claimed":0,"processed":0,"failed":0,"deadLettered":0,"handoffs":0,"errors":0,"claimFailures":0,"leaseLost":0,"heartbeats":0,"idlePolls":0,"released":0,"lag":null,"inFlight":0}
{"event":"worker.metric","name":"worker_outbox_lag","value":0,"attributes":{"operation":"outbox"},"timestamp":"2026-09-30T06:29:13.898Z"}
{"event":"worker.idle_backoff","level":"debug","timestamp":"2026-09-30T06:29:13.898Z","workerId":"worker-pg-continuous-192-f","backoffMs":5,"lag":0}
{"event":"worker.idle_backoff","level":"debug","timestamp":"2026-09-30T06:29:13.905Z","workerId":"worker-pg-continuous-192-f","backoffMs":10,"lag":0}
{"event":"worker.idle_backoff","level":"debug","timestamp":"2026-09-30T06:29:13.917Z","workerId":"worker-pg-continuous-192-f","backoffMs":20,"lag":0}
{"event":"worker.idle_backoff","level":"debug","timestamp":"2026-09-30T06:29:13.939Z","workerId":"worker-pg-continuous-192-f","backoffMs":40,"lag":0}
{"event":"worker.idle_backoff","level":"debug","timestamp":"2026-09-30T06:29:13.982Z","workerId":"worker-pg-continuous-192-f","backoffMs":80,"lag":0}
{"event":"worker.idle_backoff","level":"debug","timestamp":"2026-09-30T06:29:14.065Z","workerId":"worker-pg-continuous-192-f","backoffMs":160,"lag":0}
{"event":"worker.idle_backoff","level":"debug","timestamp":"2026-09-30T06:29:14.227Z","workerId":"worker-pg-continuous-192-f","backoffMs":320,"lag":0}
{"event":"worker.idle_backoff","level":"debug","timestamp":"2026-09-30T06:29:14.549Z","workerId":"worker-pg-continuous-192-f","backoffMs":640,"lag":0}
{"event":"worker.outbox.summary","level":"info","timestamp":"2026-09-30T06:29:14.886Z","workerId":"worker-pg-continuous-192-f","reason":"interval","claimed":0,"processed":0,"failed":0,"deadLettered":0,"handoffs":0,"errors":0,"claimFailures":0,"leaseLost":0,"heartbeats":0,"idlePolls":8,"released":0,"lag":0,"inFlight":0}
{"event":"worker.metric","name":"worker_outbox_lag","value":0,"attributes":{"operation":"outbox"},"timestamp":"2026-09-30T06:29:15.201Z"}
{"event":"worker.idle_backoff","level":"debug","timestamp":"2026-09-30T06:29:15.201Z","workerId":"worker-pg-continuous-192-f","backoffMs":5,"lag":0}
{"event":"worker.idle_backoff","level":"debug","timestamp":"2026-09-30T06:29:15.208Z","workerId":"worker-pg-continuous-192-f","backoffMs":10,"lag":0}
{"event":"worker.metric","name":"worker_outbox_processed_total","value":1,"attributes":{"status":"processed"},"timestamp":"2026-09-30T06:29:15.215Z"}
{"event":"worker.outbox.processed","level":"info","timestamp":"2026-09-30T06:29:15.215Z","eventId":"outbox_9a285a96-daae-4806-837d-5a26de03a363","workerId":"worker-pg-continuous-192-f","status":"processed","attempt":2,"leaseLost":false,"operation":"outbox"}
{"event":"worker.idle_backoff","level":"debug","timestamp":"2026-09-30T06:29:15.221Z","workerId":"worker-pg-continuous-192-f","backoffMs":20,"lag":0}
{"event":"worker.outbox.summary","level":"info","timestamp":"2026-09-30T06:29:15.221Z","workerId":"worker-pg-continuous-192-f","reason":"stop","claimed":1,"processed":1,"failed":0,"deadLettered":0,"handoffs":0,"errors":0,"claimFailures":0,"leaseLost":0,"heartbeats":0,"idlePolls":11,"released":0,"lag":0,"inFlight":0}
{"event":"worker.stopped","level":"info","timestamp":"2026-09-30T06:29:15.221Z","workerId":"worker-pg-continuous-192-f","drained":true,"released":0,"releaseFailed":0,"processed":1,"failed":0,"deadLettered":0,"lag":0}
 [32m✓[39m apps/worker/src/__tests__/continuous-worker-postgres.integration.test.ts [2m([22m[2m2 tests[22m[2m)[22m[33m 3654[2mms[22m[39m
     [33m[2m✓[22m[39m consumes events across a simulated restart and dead-letters a poison event [33m 1083[2mms[22m[39m
     [33m[2m✓[22m[39m observes queue lag, completes in-flight work on shutdown and releases bounded leases [33m 2569[2mms[22m[39m
 [32m✓[39m packages/persistence/src/__tests__/outbox-durability.test.ts [2m([22m[2m6 tests[22m[2m)[22m[33m 2888[2mms[22m[39m
     [33m[2m✓[22m[39m backfills a legacy processed row while RLS is already forced [33m 523[2mms[22m[39m
     [33m[2m✓[22m[39m redacts legacy rows without making routable pending work disappear [33m 522[2mms[22m[39m
     [33m[2m✓[22m[39m claims once across two connections, journals at-least-once ack, retries and requeues in-place [33m 947[2mms[22m[39m
     [33m[2m✓[22m[39m commits inbound message and durable intent together [33m 889[2mms[22m[39m
 [32m✓[39m packages/persistence/src/__tests__/outbox-content-binding-postgres.test.ts [2m([22m[2m3 tests[22m[2m)[22m[33m 2639[2mms[22m[39m
     [33m[2m✓[22m[39m returns the same record for an identical replay across instances [33m 917[2mms[22m[39m
     [33m[2m✓[22m[39m rejects divergent type/payload/version without mutating the winner [33m 870[2mms[22m[39m
     [33m[2m✓[22m[39m lets one concurrent divergent writer win and rejects the other [33m 849[2mms[22m[39m
 [32m✓[39m apps/api/src/__tests__/readiness.test.ts [2m([22m[2m11 tests[22m[2m)[22m[33m 2929[2mms[22m[39m
     [33m[2m✓[22m[39m returns 503 when destruction rejects the timed out query [33m 913[2mms[22m[39m
     [33m[2m✓[22m[39m bounds pending pool admission and destroys a late client exactly once [33m 914[2mms[22m[39m
     [33m[2m✓[22m[39m ignores late query success and recovers after the outstanding operation settles [33m 911[2mms[22m[39m
 [32m✓[39m apps/api/src/__tests__/journeys-api-postgres.test.ts [2m([22m[2m10 tests[22m[2m)[22m[33m 2285[2mms[22m[39m
     [33m[2m✓[22m[39m applies migration 0014 during postgres startup before serving journeys [33m 930[2mms[22m[39m
 [32m✓[39m legacy/packages/secretary-journeys/src/__tests__/journeys-postgres.test.ts [2m([22m[2m24 tests[22m[2m)[22m[33m 2180[2mms[22m[39m
     [33m[2m✓[22m[39m applies 0014 additively over a 0013 database and preserves prior data [33m 971[2mms[22m[39m
 [32m✓[39m apps/worker/src/__tests__/operational-harness-process-restart.integration.test.ts [2m([22m[2m1 test[22m[2m)[22m[33m 2104[2mms[22m[39m
     [33m[2m✓[22m[39m reclaims a child-process claim after fault and completes with competing worker authority [33m 2102[2mms[22m[39m
 [32m✓[39m packages/persistence/src/__tests__/tenant-isolation.test.ts [2m([22m[2m14 tests[22m[2m)[22m[33m 2168[2mms[22m[39m
     [33m[2m✓[22m[39m enforces cross-tenant isolation with a non-BYPASSRLS role and resets pooled context [33m 1040[2mms[22m[39m
     [33m[2m✓[22m[39m quarantines legacy tenant mismatches before enabling RLS [33m 1095[2mms[22m[39m
 [32m✓[39m packages/conversation/src/__tests__/postgres-conversation.integration.test.ts [2m([22m[2m1 test[22m[2m)[22m[33m 2080[2mms[22m[39m
     [33m[2m✓[22m[39m replays durable turns, coalesces claims, and isolates tenants on a disposable database [33m 2078[2mms[22m[39m
 [32m✓[39m packages/persistence/src/__tests__/runtime-approval-store-postgres.test.ts [2m([22m[2m11 tests[22m[2m)[22m[33m 2132[2mms[22m[39m
     [33m[2m✓[22m[39m applies 0015 additively over 0014 with the checksum guard [33m 936[2mms[22m[39m
 [32m✓[39m packages/persistence/src/__tests__/platform-approval-postgres.test.ts [2m([22m[2m2 tests[22m[2m)[22m[33m 2088[2mms[22m[39m
     [33m[2m✓[22m[39m persists bindings and consumes approvals atomically exactly once [33m 1124[2mms[22m[39m
     [33m[2m✓[22m[39m enforces tenant visibility for the durable approval table under FORCE RLS [33m 962[2mms[22m[39m
 [32m✓[39m apps/api/src/__tests__/trusted-replay-distributed-postgres.test.ts [2m([22m[2m2 tests[22m[2m)[22m[33m 2008[2mms[22m[39m
     [33m[2m✓[22m[39m rejects the same token on a second process and after restart [33m 1120[2mms[22m[39m
     [33m[2m✓[22m[39m fails closed when the replay store is unavailable [33m 886[2mms[22m[39m
 [32m✓[39m tests/ci-bar-e2e-finalizer.test.js [2m([22m[2m4 tests[22m[2m)[22m[33m 1531[2mms[22m[39m
     [33m[2m✓[22m[39m checks both required snapshot hashes [33m 376[2mms[22m[39m
     [33m[2m✓[22m[39m rejects empty, incomplete and extra E2E hash maps [33m 560[2mms[22m[39m
     [33m[2m✓[22m[39m rejects log tampering and a coherent replacement of both report UUIDs [33m 393[2mms[22m[39m
 [32m✓[39m apps/worker/src/__tests__/kernel-composition-postgres.integration.test.ts [2m([22m[2m10 tests[22m[2m)[22m[33m 1464[2mms[22m[39m
 [32m✓[39m apps/web/src/features/platform/multi-agent-creation.test.tsx [2m([22m[2m6 tests[22m[2m)[22m[33m 1721[2mms[22m[39m
     [33m[2m✓[22m[39m creates Agent A and Agent B in one tenant-scoped session with isolated drafts [33m 792[2mms[22m[39m
     [33m[2m✓[22m[39m shows only the selected agent traces in the tenant-scoped Trace Viewer [33m 316[2mms[22m[39m
 [32m✓[39m apps/web/src/__tests__/app.test.tsx [2m([22m[2m15 tests[22m[2m)[22m[33m 1648[2mms[22m[39m
     [33m[2m✓[22m[39m does not apply an in-flight approval refresh after the tenant changes [33m 303[2mms[22m[39m
 [32m✓[39m apps/worker/src/__tests__/postgres-role-preflight.test.ts [2m([22m[2m13 tests[22m[2m)[22m[33m 1375[2mms[22m[39m
 [32m✓[39m apps/api/src/__tests__/identity-composition-wiring.test.ts [2m([22m[2m11 tests[22m[2m)[22m[33m 1305[2mms[22m[39m
     [33m[2m✓[22m[39m fails the real entrypoint closed in production without a configured resolver [33m 1078[2mms[22m[39m
 [32m✓[39m apps/worker/src/__tests__/postgres-outbox-bridge.integration.test.ts [2m([22m[2m2 tests[22m[2m)[22m[33m 1336[2mms[22m[39m
     [33m[2m✓[22m[39m consumes the event written by the API through a separate worker pool [33m 1333[2mms[22m[39m
 [32m✓[39m apps/worker/src/__tests__/operational-harness-iterative-postgres.integration.test.ts [2m([22m[2m1 test[22m[2m)[22m[33m 1259[2mms[22m[39m
     [33m[2m✓[22m[39m persists steps/checkpoints, isolates tenants, and resumes WAITING_USER on a fresh pool [33m 1258[2mms[22m[39m
 [32m✓[39m packages/persistence/src/__tests__/effect-journal-postgres.test.ts [2m([22m[2m10 tests[22m[2m)[22m[33m 1065[2mms[22m[39m
 [32m✓[39m apps/worker/src/__tests__/operational-harness-synthetic-effect-postgres.integration.test.ts [2m([22m[2m1 test[22m[2m)[22m[33m 1186[2mms[22m[39m
     [33m[2m✓[22m[39m persists HTTP acceptance, one journaled synthetic effect, replay, and status [33m 1184[2mms[22m[39m
 [32m✓[39m apps/api/src/__tests__/homolog-correlation-postgres.test.ts [2m([22m[2m1 test[22m[2m)[22m[33m 1122[2mms[22m[39m
     [33m[2m✓[22m[39m binds the response correlation to one PII-free audit event [33m 1120[2mms[22m[39m
 [32m✓[39m apps/worker/src/__tests__/homolog-worker-lifecycle.test.ts [2m([22m[2m4 tests[22m[2m)[22m[33m 1096[2mms[22m[39m
     [33m[2m✓[22m[39m fails the real process before ready when PostgreSQL is unavailable [33m 556[2mms[22m[39m
     [33m[2m✓[22m[39m emits controlled-memory readiness before the drain result [33m 532[2mms[22m[39m
 [32m✓[39m packages/persistence/src/__tests__/operational-execution-postgres.test.ts [2m([22m[2m4 tests[22m[2m)[22m[33m 1034[2mms[22m[39m
 [32m✓[39m packages/persistence/src/__tests__/attendance-approval-postgres.test.ts [2m([22m[2m1 test[22m[2m)[22m[33m 997[2mms[22m[39m
     [33m[2m✓[22m[39m forces two connections past the same pending read and rolls back failed audit [33m 996[2mms[22m[39m
 [32m✓[39m packages/persistence/src/__tests__/channel-effect-journal-postgres.test.ts [2m([22m[2m12 tests[22m[2m)[22m[33m 1098[2mms[22m[39m
 [32m✓[39m apps/web/src/__tests__/platform-panel.test.tsx [2m([22m[2m6 tests[22m[2m)[22m[33m 1363[2mms[22m[39m
     [33m[2m✓[22m[39m lists and transitions metadata-only plugin catalog entries with tenant scope [33m 526[2mms[22m[39m
 [32m✓[39m legacy/packages/secretary-journeys/src/__tests__/journey-task-atomicity.test.ts [2m([22m[2m8 tests[22m[2m)[22m[33m 955[2mms[22m[39m
 [32m✓[39m apps/web/src/__tests__/journeys-identity-race.test.tsx [2m([22m[2m13 tests[22m[2m)[22m[33m 1236[2mms[22m[39m
 [32m✓[39m packages/persistence/src/__tests__/session-version-pinning-postgres.test.ts [2m([22m[2m2 tests[22m[2m)[22m[33m 898[2mms[22m[39m
     [33m[2m✓[22m[39m binds sessions atomically under the tenant-aware migration and never replaces the pin [33m 893[2mms[22m[39m
{"event":"worker.started","level":"info","timestamp":"2026-09-30T06:30:36.725Z","workerId":"worker-restart-190-a","concurrency":2,"pollIntervalMs":5,"idleMaxBackoffMs":5000,"errorBackoffMs":500,"errorMaxBackoffMs":30000,"leaseMs":1000,"heartbeatIntervalMs":333,"drainMs":10000,"backlogProbe":true,"sweeps":false,"externalEffects":false,"durable":true}
{"event":"worker.outbox.summary","level":"info","timestamp":"2026-09-30T06:30:36.726Z","workerId":"worker-restart-190-a","reason":"start","claimed":0,"processed":0,"failed":0,"deadLettered":0,"handoffs":0,"errors":0,"claimFailures":0,"leaseLost":0,"heartbeats":0,"idlePolls":0,"released":0,"lag":null,"inFlight":0}
{"event":"worker.metric","name":"worker_outbox_lag","value":0,"attributes":{"operation":"outbox"},"timestamp":"2026-09-30T06:30:36.727Z"}
{"event":"worker.metric","name":"worker_outbox_processed_total","value":1,"attributes":{"status":"processed"},"timestamp":"2026-09-30T06:30:36.728Z"}
{"event":"worker.outbox.processed","level":"info","timestamp":"2026-09-30T06:30:36.728Z","eventId":"outbox_109c78d5-43f7-4bbd-aecc-decefd8b5c2f","workerId":"worker-restart-190-a","status":"processed","attempt":1,"leaseLost":false,"operation":"outbox"}
{"event":"worker.idle_backoff","level":"debug","timestamp":"2026-09-30T06:30:36.728Z","workerId":"worker-restart-190-a","backoffMs":5,"lag":0}
{"event":"worker.outbox.summary","level":"info","timestamp":"2026-09-30T06:30:36.733Z","workerId":"worker-restart-190-a","reason":"stop","claimed":1,"processed":1,"failed":0,"deadLettered":0,"handoffs":0,"errors":0,"claimFailures":0,"leaseLost":0,"heartbeats":0,"idlePolls":1,"released":0,"lag":0,"inFlight":0}
{"event":"worker.stopped","level":"info","timestamp":"2026-09-30T06:30:36.734Z","workerId":"worker-restart-190-a","drained":true,"released":0,"releaseFailed":0,"processed":1,"failed":0,"deadLettered":0,"lag":0}
{"event":"worker.started","level":"info","timestamp":"2026-09-30T06:30:36.734Z","workerId":"worker-restart-190-b","concurrency":2,"pollIntervalMs":5,"idleMaxBackoffMs":5000,"errorBackoffMs":500,"errorMaxBackoffMs":30000,"leaseMs":1000,"heartbeatIntervalMs":333,"drainMs":10000,"backlogProbe":true,"sweeps":false,"externalEffects":false,"durable":true}
{"event":"worker.outbox.summary","level":"info","timestamp":"2026-09-30T06:30:36.734Z","workerId":"worker-restart-190-b","reason":"start","claimed":0,"processed":0,"failed":0,"deadLettered":0,"handoffs":0,"errors":0,"claimFailures":0,"leaseLost":0,"heartbeats":0,"idlePolls":0,"released":0,"lag":null,"inFlight":0}
{"event":"worker.metric","name":"worker_outbox_lag","value":0,"attributes":{"operation":"outbox"},"timestamp":"2026-09-30T06:30:36.735Z"}
{"event":"worker.metric","name":"worker_outbox_processed_total","value":1,"attributes":{"status":"processed"},"timestamp":"2026-09-30T06:30:36.735Z"}
{"event":"worker.outbox.processed","level":"info","timestamp":"2026-09-30T06:30:36.735Z","eventId":"outbox_780b1376-135c-4830-94f4-e899b7247e6f","workerId":"worker-restart-190-b","status":"processed","attempt":1,"leaseLost":false,"operation":"outbox"}
{"event":"worker.idle_backoff","level":"debug","timestamp":"2026-09-30T06:30:36.735Z","workerId":"worker-restart-190-b","backoffMs":5,"lag":0}
{"event":"worker.outbox.summary","level":"info","timestamp":"2026-09-30T06:30:36.740Z","workerId":"worker-restart-190-b","reason":"stop","claimed":1,"processed":1,"failed":0,"deadLettered":0,"handoffs":0,"errors":0,"claimFailures":0,"leaseLost":0,"heartbeats":0,"idlePolls":1,"released":0,"lag":0,"inFlight":0}
{"event":"worker.stopped","level":"info","timestamp":"2026-09-30T06:30:36.740Z","workerId":"worker-restart-190-b","drained":true,"released":0,"releaseFailed":0,"processed":1,"failed":0,"deadLettered":0,"lag":0}
{"event":"worker.started","level":"info","timestamp":"2026-09-30T06:30:36.757Z","workerId":"worker-retry-190","concurrency":2,"pollIntervalMs":5,"idleMaxBackoffMs":5000,"errorBackoffMs":500,"errorMaxBackoffMs":30000,"leaseMs":1000,"heartbeatIntervalMs":333,"drainMs":10000,"backlogProbe":true,"sweeps":false,"externalEffects":false,"durable":true}
{"event":"worker.outbox.summary","level":"info","timestamp":"2026-09-30T06:30:36.758Z","workerId":"worker-retry-190","reason":"start","claimed":0,"processed":0,"failed":0,"deadLettered":0,"handoffs":0,"errors":0,"claimFailures":0,"leaseLost":0,"heartbeats":0,"idlePolls":0,"released":0,"lag":null,"inFlight":0}
{"event":"worker.metric","name":"worker_outbox_lag","value":0,"attributes":{"operation":"outbox"},"timestamp":"2026-09-30T06:30:36.758Z"}
{"event":"worker.metric","name":"worker_outbox_failed_total","value":1,"attributes":{"status":"failed"},"timestamp":"2026-09-30T06:30:36.758Z"}
{"event":"worker.outbox.failed","level":"info","timestamp":"2026-09-30T06:30:36.758Z","eventId":"outbox_8bc447a9-9016-435a-84c7-1ea61ccc72ce","workerId":"worker-retry-190","status":"failed","attempt":1,"leaseLost":false,"error":"[redacted-outbox-error]","operation":"outbox"}
{"event":"worker.idle_backoff","level":"debug","timestamp":"2026-09-30T06:30:36.758Z","workerId":"worker-retry-190","backoffMs":5,"lag":0}
{"event":"worker.idle_backoff","level":"debug","timestamp":"2026-09-30T06:30:36.764Z","workerId":"worker-retry-190","backoffMs":5,"lag":0}
{"event":"worker.metric","name":"worker_outbox_processed_total","value":1,"attributes":{"status":"processed"},"timestamp":"2026-09-30T06:30:36.765Z"}
{"event":"worker.outbox.processed","level":"info","timestamp":"2026-09-30T06:30:36.765Z","eventId":"outbox_8bc447a9-9016-435a-84c7-1ea61ccc72ce","workerId":"worker-retry-190","status":"processed","attempt":2,"leaseLost":false,"operation":"outbox"}
{"event":"worker.outbox.summary","level":"info","timestamp":"2026-09-30T06:30:36.769Z","workerId":"worker-retry-190","reason":"stop","claimed":2,"processed":1,"failed":1,"deadLettered":0,"handoffs":0,"errors":0,"claimFailures":0,"leaseLost":0,"heartbeats":0,"idlePolls":2,"released":0,"lag":0,"inFlight":0}
{"event":"worker.stopped","level":"info","timestamp":"2026-09-30T06:30:36.769Z","workerId":"worker-retry-190","drained":true,"released":0,"releaseFailed":0,"processed":1,"failed":1,"deadLettered":0,"lag":0}
{"event":"worker.started","level":"info","timestamp":"2026-09-30T06:30:36.770Z","workerId":"worker-poison-190","concurrency":1,"pollIntervalMs":5,"idleMaxBackoffMs":5000,"errorBackoffMs":500,"errorMaxBackoffMs":30000,"leaseMs":1000,"heartbeatIntervalMs":333,"drainMs":10000,"backlogProbe":true,"sweeps":false,"externalEffects":false,"durable":true}
{"event":"worker.outbox.summary","level":"info","timestamp":"2026-09-30T06:30:36.770Z","workerId":"worker-poison-190","reason":"start","claimed":0,"processed":0,"failed":0,"deadLettered":0,"handoffs":0,"errors":0,"claimFailures":0,"leaseLost":0,"heartbeats":0,"idlePolls":0,"released":0,"lag":null,"inFlight":0}
{"event":"worker.metric","name":"worker_outbox_lag","value":1,"attributes":{"operation":"outbox"},"timestamp":"2026-09-30T06:30:36.770Z"}
{"event":"worker.metric","name":"worker_outbox_dead_lettered_total","value":1,"attributes":{"status":"dead_letter"},"timestamp":"2026-09-30T06:30:36.770Z"}
{"event":"worker.outbox.dead_letter","level":"info","timestamp":"2026-09-30T06:30:36.771Z","eventId":"outbox_13904caa-ef85-4ef4-987b-53d16428aaea","workerId":"worker-poison-190","status":"dead_letter","attempt":1,"leaseLost":false,"error":"[redacted-outbox-error]","operation":"outbox"}
{"event":"worker.metric","name":"worker_outbox_processed_total","value":1,"attributes":{"status":"processed"},"timestamp":"2026-09-30T06:30:36.776Z"}
{"event":"worker.outbox.processed","level":"info","timestamp":"2026-09-30T06:30:36.777Z","eventId":"outbox_a354d2d1-2b56-48bd-9dd3-086a08ef2997","workerId":"worker-poison-190","status":"processed","attempt":1,"leaseLost":false,"operation":"outbox"}
{"event":"worker.outbox.summary","level":"info","timestamp":"2026-09-30T06:30:36.781Z","workerId":"worker-poison-190","reason":"stop","claimed":2,"processed":1,"failed":0,"deadLettered":1,"handoffs":0,"errors":0,"claimFailures":0,"leaseLost":0,"heartbeats":0,"idlePolls":0,"released":0,"lag":1,"inFlight":0}
{"event":"worker.stopped","level":"info","timestamp":"2026-09-30T06:30:36.781Z","workerId":"worker-poison-190","drained":true,"released":0,"releaseFailed":0,"processed":1,"failed":0,"deadLettered":1,"lag":1}
{"event":"worker.started","level":"info","timestamp":"2026-09-30T06:30:36.782Z","workerId":"worker-requeue-190-a","concurrency":1,"pollIntervalMs":5,"idleMaxBackoffMs":5000,"errorBackoffMs":500,"errorMaxBackoffMs":30000,"leaseMs":1000,"heartbeatIntervalMs":333,"drainMs":10000,"backlogProbe":true,"sweeps":false,"externalEffects":false,"durable":true}
{"event":"worker.outbox.summary","level":"info","timestamp":"2026-09-30T06:30:36.782Z","workerId":"worker-requeue-190-a","reason":"start","claimed":0,"processed":0,"failed":0,"deadLettered":0,"handoffs":0,"errors":0,"claimFailures":0,"leaseLost":0,"heartbeats":0,"idlePolls":0,"released":0,"lag":null,"inFlight":0}
{"event":"worker.metric","name":"worker_outbox_lag","value":0,"attributes":{"operation":"outbox"},"timestamp":"2026-09-30T06:30:36.783Z"}
{"event":"worker.metric","name":"worker_outbox_dead_lettered_total","value":1,"attributes":{"status":"dead_letter"},"timestamp":"2026-09-30T06:30:36.783Z"}
{"event":"worker.outbox.dead_letter","level":"info","timestamp":"2026-09-30T06:30:36.783Z","eventId":"outbox_74d21256-b64d-42f6-bebb-7e3d04dc23df","workerId":"worker-requeue-190-a","status":"dead_letter","attempt":1,"leaseLost":false,"error":"[redacted-outbox-error]","operation":"outbox"}
{"event":"worker.outbox.summary","level":"info","timestamp":"2026-09-30T06:30:36.787Z","workerId":"worker-requeue-190-a","reason":"stop","claimed":1,"processed":0,"failed":0,"deadLettered":1,"handoffs":0,"errors":0,"claimFailures":0,"leaseLost":0,"heartbeats":0,"idlePolls":0,"released":0,"lag":0,"inFlight":0}
{"event":"worker.stopped","level":"info","timestamp":"2026-09-30T06:30:36.787Z","workerId":"worker-requeue-190-a","drained":true,"released":0,"releaseFailed":0,"processed":0,"failed":0,"deadLettered":1,"lag":0}
{"event":"worker.started","level":"info","timestamp":"2026-09-30T06:30:36.788Z","workerId":"worker-requeue-190-b","concurrency":1,"pollIntervalMs":5,"idleMaxBackoffMs":5000,"errorBackoffMs":500,"errorMaxBackoffMs":30000,"leaseMs":1000,"heartbeatIntervalMs":333,"drainMs":10000,"backlogProbe":true,"sweeps":false,"externalEffects":false,"durable":true}
{"event":"worker.outbox.summary","level":"info","timestamp":"2026-09-30T06:30:36.788Z","workerId":"worker-requeue-190-b","reason":"start","claimed":0,"processed":0,"failed":0,"deadLettered":0,"handoffs":0,"errors":0,"claimFailures":0,"leaseLost":0,"heartbeats":0,"idlePolls":0,"released":0,"lag":null,"inFlight":0}
{"event":"worker.metric","name":"worker_outbox_lag","value":0,"attributes":{"operation":"outbox"},"timestamp":"2026-09-30T06:30:36.789Z"}
{"event":"worker.metric","name":"worker_outbox_processed_total","value":1,"attributes":{"status":"processed"},"timestamp":"2026-09-30T06:30:36.789Z"}
{"event":"worker.outbox.processed","level":"info","timestamp":"2026-09-30T06:30:36.789Z","eventId":"outbox_74d21256-b64d-42f6-bebb-7e3d04dc23df","workerId":"worker-requeue-190-b","status":"processed","attempt":1,"leaseLost":false,"operation":"outbox"}
{"event":"worker.outbox.summary","level":"info","timestamp":"2026-09-30T06:30:36.794Z","workerId":"worker-requeue-190-b","reason":"stop","claimed":1,"processed":1,"failed":0,"deadLettered":0,"handoffs":0,"errors":0,"claimFailures":0,"leaseLost":0,"heartbeats":0,"idlePolls":0,"released":0,"lag":0,"inFlight":0}
{"event":"worker.stopped","level":"info","timestamp":"2026-09-30T06:30:36.794Z","workerId":"worker-requeue-190-b","drained":true,"released":0,"releaseFailed":0,"processed":1,"failed":0,"deadLettered":0,"lag":0}
{"event":"worker.started","level":"info","timestamp":"2026-09-30T06:30:36.817Z","workerId":"worker-sigterm-190","concurrency":2,"pollIntervalMs":5,"idleMaxBackoffMs":5000,"errorBackoffMs":500,"errorMaxBackoffMs":30000,"leaseMs":1000,"heartbeatIntervalMs":333,"drainMs":10000,"backlogProbe":true,"sweeps":false,"externalEffects":false,"durable":true}
{"event":"worker.outbox.summary","level":"info","timestamp":"2026-09-30T06:30:36.817Z","workerId":"worker-sigterm-190","reason":"start","claimed":0,"processed":0,"failed":0,"deadLettered":0,"handoffs":0,"errors":0,"claimFailures":0,"leaseLost":0,"heartbeats":0,"idlePolls":0,"released":0,"lag":null,"inFlight":0}
{"event":"worker.metric","name":"worker_outbox_lag","value":0,"attributes":{"operation":"outbox"},"timestamp":"2026-09-30T06:30:36.818Z"}
{"event":"worker.idle_backoff","level":"debug","timestamp":"2026-09-30T06:30:36.818Z","workerId":"worker-sigterm-190","backoffMs":5,"lag":0}
{"event":"worker.metric","name":"worker_outbox_processed_total","value":1,"attributes":{"status":"processed"},"timestamp":"2026-09-30T06:30:36.843Z"}
{"event":"worker.outbox.processed","level":"info","timestamp":"2026-09-30T06:30:36.843Z","eventId":"outbox_8f8e7ee0-357b-4e7f-970b-92260e0f4fbb","workerId":"worker-sigterm-190","status":"processed","attempt":1,"leaseLost":false,"operation":"outbox"}
{"event":"worker.outbox.summary","level":"info","timestamp":"2026-09-30T06:30:36.843Z","workerId":"worker-sigterm-190","reason":"stop","claimed":1,"processed":1,"failed":0,"deadLettered":0,"handoffs":0,"errors":0,"claimFailures":0,"leaseLost":0,"heartbeats":0,"idlePolls":1,"released":0,"lag":0,"inFlight":0}
{"event":"worker.stopped","level":"info","timestamp":"2026-09-30T06:30:36.843Z","workerId":"worker-sigterm-190","drained":true,"released":0,"releaseFailed":0,"processed":1,"failed":0,"deadLettered":0,"lag":0}
{"event":"worker.started","level":"info","timestamp":"2026-09-30T06:30:36.844Z","workerId":"worker-release-190-a","concurrency":2,"pollIntervalMs":5,"idleMaxBackoffMs":5000,"errorBackoffMs":500,"errorMaxBackoffMs":30000,"leaseMs":1000,"heartbeatIntervalMs":333,"drainMs":10000,"backlogProbe":true,"sweeps":false,"externalEffects":false,"durable":true}
{"event":"worker.outbox.summary","level":"info","timestamp":"2026-09-30T06:30:36.844Z","workerId":"worker-release-190-a","reason":"start","claimed":0,"processed":0,"failed":0,"deadLettered":0,"handoffs":0,"errors":0,"claimFailures":0,"leaseLost":0,"heartbeats":0,"idlePolls":0,"released":0,"lag":null,"inFlight":0}
{"event":"worker.metric","name":"worker_outbox_lag","value":0,"attributes":{"operation":"outbox"},"timestamp":"2026-09-30T06:30:36.845Z"}
{"event":"worker.idle_backoff","level":"debug","timestamp":"2026-09-30T06:30:36.845Z","workerId":"worker-release-190-a","backoffMs":5,"lag":0}
{"event":"worker.shutdown_release","level":"warn","timestamp":"2026-09-30T06:30:36.880Z","eventId":"outbox_4a66e8ed-f1c9-4b62-9fa0-43c493b979ee","workerId":"worker-release-190-a","operation":"outbox"}
{"event":"worker.metric","name":"worker_outbox_shutdown_releases_total","value":1,"attributes":{"outcome":"released"},"timestamp":"2026-09-30T06:30:36.880Z"}
{"event":"worker.outbox.summary","level":"info","timestamp":"2026-09-30T06:30:36.880Z","workerId":"worker-release-190-a","reason":"stop","claimed":1,"processed":0,"failed":0,"deadLettered":0,"handoffs":0,"errors":0,"claimFailures":0,"leaseLost":0,"heartbeats":0,"idlePolls":1,"released":1,"lag":0,"inFlight":1}
{"event":"worker.stopped","level":"info","timestamp":"2026-09-30T06:30:36.880Z","workerId":"worker-release-190-a","drained":false,"released":1,"releaseFailed":0,"processed":0,"failed":0,"deadLettered":0,"lag":0}
{"event":"worker.started","level":"info","timestamp":"2026-09-30T06:30:36.880Z","workerId":"worker-release-190-b","concurrency":2,"pollIntervalMs":5,"idleMaxBackoffMs":5000,"errorBackoffMs":500,"errorMaxBackoffMs":30000,"leaseMs":1000,"heartbeatIntervalMs":333,"drainMs":10000,"backlogProbe":true,"sweeps":false,"externalEffects":false,"durable":true}
{"event":"worker.outbox.summary","level":"info","timestamp":"2026-09-30T06:30:36.880Z","workerId":"worker-release-190-b","reason":"start","claimed":0,"processed":0,"failed":0,"deadLettered":0,"handoffs":0,"errors":0,"claimFailures":0,"leaseLost":0,"heartbeats":0,"idlePolls":0,"released":0,"lag":null,"inFlight":0}
{"event":"worker.metric","name":"worker_outbox_lag","value":0,"attributes":{"operation":"outbox"},"timestamp":"2026-09-30T06:30:36.881Z"}
{"event":"worker.idle_backoff","level":"debug","timestamp":"2026-09-30T06:30:36.881Z","workerId":"worker-release-190-b","backoffMs":5,"lag":0}
{"event":"worker.idle_backoff","level":"debug","timestamp":"2026-09-30T06:30:36.886Z","workerId":"worker-release-190-b","backoffMs":5,"lag":0}
{"event":"worker.metric","name":"worker_outbox_processed_total","value":1,"attributes":{"status":"processed"},"timestamp":"2026-09-30T06:30:36.887Z"}
{"event":"worker.outbox.processed","level":"info","timestamp":"2026-09-30T06:30:36.887Z","eventId":"outbox_4a66e8ed-f1c9-4b62-9fa0-43c493b979ee","workerId":"worker-release-190-b","status":"processed","attempt":2,"leaseLost":false,"operation":"outbox"}
{"event":"worker.outbox.summary","level":"info","timestamp":"2026-09-30T06:30:36.892Z","workerId":"worker-release-190-b","reason":"stop","claimed":1,"processed":1,"failed":0,"deadLettered":0,"handoffs":0,"errors":0,"claimFailures":0,"leaseLost":0,"heartbeats":0,"idlePolls":2,"released":0,"lag":0,"inFlight":0}
{"event":"worker.stopped","level":"info","timestamp":"2026-09-30T06:30:36.892Z","workerId":"worker-release-190-b","drained":true,"released":0,"releaseFailed":0,"processed":1,"failed":0,"deadLettered":0,"lag":0}
{"event":"worker.event_error","level":"error","timestamp":"2026-09-30T06:30:36.893Z","eventId":"outbox_4a66e8ed-f1c9-4b62-9fa0-43c493b979ee","workerId":"worker-release-190-a","attempt":1,"error":"outbox_error:conflict","operation":"outbox"}
{"event":"worker.metric","name":"worker_outbox_errors_total","value":1,"attributes":{"outcome":"error"},"timestamp":"2026-09-30T06:30:36.893Z"}
{"event":"worker.started","level":"info","timestamp":"2026-09-30T06:30:36.913Z","workerId":"worker-heartbeat-renew-190","concurrency":2,"pollIntervalMs":5,"idleMaxBackoffMs":5000,"errorBackoffMs":500,"errorMaxBackoffMs":30000,"leaseMs":1000,"heartbeatIntervalMs":10,"drainMs":10000,"backlogProbe":true,"sweeps":false,"externalEffects":false,"durable":true}
{"event":"worker.outbox.summary","level":"info","timestamp":"2026-09-30T06:30:36.913Z","workerId":"worker-heartbeat-renew-190","reason":"start","claimed":0,"processed":0,"failed":0,"deadLettered":0,"handoffs":0,"errors":0,"claimFailures":0,"leaseLost":0,"heartbeats":0,"idlePolls":0,"released":0,"lag":null,"inFlight":0}
{"event":"worker.metric","name":"worker_outbox_lag","value":0,"attributes":{"operation":"outbox"},"timestamp":"2026-09-30T06:30:36.913Z"}
{"event":"worker.idle_backoff","level":"debug","timestamp":"2026-09-30T06:30:36.913Z","workerId":"worker-heartbeat-renew-190","backoffMs":5,"lag":0}
{"event":"worker.idle_backoff","level":"debug","timestamp":"2026-09-30T06:30:36.919Z","workerId":"worker-heartbeat-renew-190","backoffMs":10,"lag":0}
{"event":"worker.metric","name":"worker_outbox_heartbeats_total","value":1,"attributes":{"outcome":"renewed"},"timestamp":"2026-09-30T06:30:36.924Z"}
{"event":"worker.metric","name":"worker_outbox_processed_total","value":1,"attributes":{"status":"processed"},"timestamp":"2026-09-30T06:30:36.925Z"}
{"event":"worker.outbox.processed","level":"info","timestamp":"2026-09-30T06:30:36.925Z","eventId":"outbox_304f524f-740d-44b8-8961-be8548172ba3","workerId":"worker-heartbeat-renew-190","status":"processed","attempt":1,"leaseLost":false,"operation":"outbox"}
{"event":"worker.idle_backoff","level":"debug","timestamp":"2026-09-30T06:30:36.928Z","workerId":"worker-heartbeat-renew-190","backoffMs":20,"lag":0}
{"event":"worker.outbox.summary","level":"info","timestamp":"2026-09-30T06:30:36.929Z","workerId":"worker-heartbeat-renew-190","reason":"stop","claimed":1,"processed":1,"failed":0,"deadLettered":0,"handoffs":0,"errors":0,"claimFailures":0,"leaseLost":0,"heartbeats":1,"idlePolls":3,"released":0,"lag":0,"inFlight":0}
{"event":"worker.stopped","level":"info","timestamp":"2026-09-30T06:30:36.930Z","workerId":"worker-heartbeat-renew-190","drained":true,"released":0,"releaseFailed":0,"processed":1,"failed":0,"deadLettered":0,"lag":0}
{"event":"worker.started","level":"info","timestamp":"2026-09-30T06:30:36.953Z","workerId":"worker-handoff-190","concurrency":2,"pollIntervalMs":5,"idleMaxBackoffMs":5000,"errorBackoffMs":500,"errorMaxBackoffMs":30000,"leaseMs":1000,"heartbeatIntervalMs":333,"drainMs":10000,"backlogProbe":true,"sweeps":false,"externalEffects":false,"durable":true}
{"event":"worker.outbox.summary","level":"info","timestamp":"2026-09-30T06:30:36.953Z","workerId":"worker-handoff-190","reason":"start","claimed":0,"processed":0,"failed":0,"deadLettered":0,"handoffs":0,"errors":0,"claimFailures":0,"leaseLost":0,"heartbeats":0,"idlePolls":0,"released":0,"lag":null,"inFlight":0}
{"event":"worker.metric","name":"worker_outbox_lag","value":0,"attributes":{"operation":"outbox"},"timestamp":"2026-09-30T06:30:36.953Z"}
{"event":"worker.outbox.handoff","level":"warn","timestamp":"2026-09-30T06:30:36.953Z","eventId":"outbox_9c41f0f1-9c89-4091-a639-ee3c801d066d","workerId":"worker-handoff-190","status":"handoff","operation":"outbox"}
{"event":"worker.metric","name":"worker_outbox_handoffs_total","value":1,"attributes":{"outcome":"handoff"},"timestamp":"2026-09-30T06:30:36.953Z"}
{"event":"worker.idle_backoff","level":"debug","timestamp":"2026-09-30T06:30:36.953Z","workerId":"worker-handoff-190","backoffMs":5,"lag":0}
{"event":"worker.outbox.summary","level":"info","timestamp":"2026-09-30T06:30:36.959Z","workerId":"worker-handoff-190","reason":"stop","claimed":1,"processed":0,"failed":0,"deadLettered":0,"handoffs":1,"errors":0,"claimFailures":0,"leaseLost":0,"heartbeats":0,"idlePolls":1,"released":0,"lag":0,"inFlight":0}
{"event":"worker.stopped","level":"info","timestamp":"2026-09-30T06:30:36.959Z","workerId":"worker-handoff-190","drained":true,"released":0,"releaseFailed":0,"processed":0,"failed":0,"deadLettered":0,"lag":0}
{"event":"worker.started","level":"info","timestamp":"2026-09-30T06:30:36.991Z","workerId":"worker-stop-190","concurrency":2,"pollIntervalMs":5,"idleMaxBackoffMs":5000,"errorBackoffMs":500,"errorMaxBackoffMs":30000,"leaseMs":1000,"heartbeatIntervalMs":333,"drainMs":10000,"backlogProbe":true,"sweeps":false,"externalEffects":false,"durable":true}
{"event":"worker.outbox.summary","level":"info","timestamp":"2026-09-30T06:30:36.991Z","workerId":"worker-stop-190","reason":"start","claimed":0,"processed":0,"failed":0,"deadLettered":0,"handoffs":0,"errors":0,"claimFailures":0,"leaseLost":0,"heartbeats":0,"idlePolls":0,"released":0,"lag":null,"inFlight":0}
{"event":"worker.metric","name":"worker_outbox_lag","value":0,"attributes":{"operation":"outbox"},"timestamp":"2026-09-30T06:30:36.992Z"}
{"event":"worker.idle_backoff","level":"debug","timestamp":"2026-09-30T06:30:36.992Z","workerId":"worker-stop-190","backoffMs":5,"lag":0}
{"event":"worker.outbox.summary","level":"info","timestamp":"2026-09-30T06:30:36.992Z","workerId":"worker-stop-190","reason":"stop","claimed":0,"processed":0,"failed":0,"deadLettered":0,"handoffs":0,"errors":0,"claimFailures":0,"leaseLost":0,"heartbeats":0,"idlePolls":1,"released":0,"lag":0,"inFlight":0}
{"event":"worker.stopped","level":"info","timestamp":"2026-09-30T06:30:36.992Z","workerId":"worker-stop-190","drained":true,"released":0,"releaseFailed":0,"processed":0,"failed":0,"deadLettered":0,"lag":0}
 [32m✓[39m apps/worker/src/__tests__/continuous-worker.test.ts [2m([22m[2m25 tests[22m[2m)[22m[33m 861[2mms[22m[39m
     [33m[2m✓[22m[39m exits non-zero when the real entrypoint starts without required config [33m 511[2mms[22m[39m
 [32m✓[39m apps/worker/src/__tests__/homolog-health-postgres.test.ts [2m([22m[2m5 tests[22m[2m)[22m[33m 919[2mms[22m[39m
     [33m[2m✓[22m[39m reports healthy dependencies with queue depth [33m 909[2mms[22m[39m
 [32m✓[39m tests/worker-startup-smoke.test.js [2m([22m[2m1 test[22m[2m)[22m[33m 635[2mms[22m[39m
     [33m[2m✓[22m[39m proves the real entrypoint fails closed without a queue adapter [33m 633[2mms[22m[39m
 [32m✓[39m tests/worker-controlled-smoke.test.js [2m([22m[2m1 test[22m[2m)[22m[33m 645[2mms[22m[39m
     [33m[2m✓[22m[39m proves the configured local composition claims and acknowledges one event [33m 643[2mms[22m[39m
 [32m✓[39m packages/model-gateway/src/__tests__/gateway.test.ts [2m([22m[2m16 tests[22m[2m)[22m[33m 633[2mms[22m[39m
     [33m[2m✓[22m[39m enforces a real deadline and retries only bounded times [33m 604[2mms[22m[39m
 [32m✓[39m apps/web/src/features/platform/release-candidate-ledger.test.tsx [2m([22m[2m1 test[22m[2m)[22m[33m 798[2mms[22m[39m
     [33m[2m✓[22m[39m records and validates controlled evidence without mutating the version [33m 796[2mms[22m[39m
 [32m✓[39m packages/conversation/src/__tests__/service.integration.test.ts [2m([22m[2m22 tests[22m[2m)[22m[33m 591[2mms[22m[39m
     [33m[2m✓[22m[39m keeps an in-flight duplicate retryable until the governed outcome is durable [33m 406[2mms[22m[39m
 [32m✓[39m apps/worker/src/__tests__/startup-error-redaction.test.ts [2m([22m[2m4 tests[22m[2m)[22m[33m 602[2mms[22m[39m
     [33m[2m✓[22m[39m exits non-zero with the original event and code when a real entrypoint run fails [33m 594[2mms[22m[39m
 [32m✓[39m apps/web/src/features/platform/platform.test.tsx [2m([22m[2m3 tests[22m[2m)[22m[33m 686[2mms[22m[39m
     [33m[2m✓[22m[39m creates a declarative draft without exposing provider secrets [33m 402[2mms[22m[39m
 [32m✓[39m apps/web/src/features/journeys/journeys.test.tsx [2m([22m[2m1 test[22m[2m)[22m[33m 530[2mms[22m[39m
     [33m[2m✓[22m[39m walks identify, draft, link and approval-blocked scheduling steps [33m 528[2mms[22m[39m
 [32m✓[39m apps/web/src/features/platform/handoff-policy-control-center.test.tsx [2m([22m[2m2 tests[22m[2m)[22m[33m 545[2mms[22m[39m
     [33m[2m✓[22m[39m edits thresholds, destinations and priority through a new version [33m 402[2mms[22m[39m
 [32m✓[39m apps/web/src/features/platform/knowledge-source-catalog.test.tsx [2m([22m[2m1 test[22m[2m)[22m[33m 587[2mms[22m[39m
     [33m[2m✓[22m[39m loads, creates and approves metadata without editing an agent snapshot [33m 585[2mms[22m[39m
 [32m✓[39m tests/ci-bar-provenance.test.js [2m([22m[2m12 tests[22m[2m)[22m[33m 421[2mms[22m[39m
 [32m✓[39m apps/web/src/__tests__/trusted-session-app.test.tsx [2m([22m[2m5 tests[22m[2m)[22m[33m 513[2mms[22m[39m
 [32m✓[39m apps/api/src/__tests__/platform-control-plane.test.ts [2m([22m[2m9 tests[22m[2m)[22m[33m 455[2mms[22m[39m
 [32m✓[39m apps/api/src/__tests__/platform-admin-routes-coverage.test.ts [2m([22m[2m7 tests[22m[2m)[22m[33m 353[2mms[22m[39m
 [32m✓[39m apps/api/src/__tests__/webhook-security.test.ts [2m([22m[2m20 tests[22m[2m)[22m[33m 393[2mms[22m[39m
 [32m✓[39m apps/web/src/features/platform/prompt-profile-control-center.test.tsx [2m([22m[2m1 test[22m[2m)[22m[33m 377[2mms[22m[39m
     [33m[2m✓[22m[39m clones edited blocks/templates and preserves the kernel block [33m 375[2mms[22m[39m
 [32m✓[39m apps/web/src/__tests__/attendance-approval-conflict.test.tsx [2m([22m[2m2 tests[22m[2m)[22m[33m 445[2mms[22m[39m
     [33m[2m✓[22m[39m refreshes the queue and shows the winning state with a recovery message [33m 340[2mms[22m[39m
 [32m✓[39m tests/docs-check-links.test.js [2m([22m[2m9 tests[22m[2m)[22m[33m 325[2mms[22m[39m
 [32m✓[39m apps/api/src/__tests__/execution-spine.test.ts [2m([22m[2m6 tests[22m[2m)[22m[33m 306[2mms[22m[39m
 [32m✓[39m packages/channel-gateway/src/__tests__/channel-effect-malformed-version.test.ts [2m([22m[2m6 tests[22m[2m)[22m[32m 171[2mms[22m[39m
 [32m✓[39m apps/web/src/__tests__/audit-checkpoint-app.test.tsx [2m([22m[2m1 test[22m[2m)[22m[33m 354[2mms[22m[39m
     [33m[2m✓[22m[39m seals the loaded evidence page and archives it with CAS [33m 352[2mms[22m[39m
 [32m✓[39m packages/harness/src/__tests__/execution-spine.test.ts [2m([22m[2m22 tests[22m[2m)[22m[32m 290[2mms[22m[39m
 [32m✓[39m apps/api/src/__tests__/homolog-observability.test.ts [2m([22m[2m5 tests[22m[2m)[22m[32m 266[2mms[22m[39m
 [32m✓[39m apps/api/src/__tests__/rate-limit.test.ts [2m([22m[2m6 tests[22m[2m)[22m[32m 266[2mms[22m[39m
 [32m✓[39m apps/api/src/__tests__/server-boundary-envelope.test.ts [2m([22m[2m12 tests[22m[2m)[22m[33m 303[2mms[22m[39m
 [32m✓[39m apps/api/src/__tests__/production-boundary.test.ts [2m([22m[2m9 tests[22m[2m)[22m[32m 242[2mms[22m[39m
 [32m✓[39m apps/api/src/__tests__/published-runtime-integration.test.ts [2m([22m[2m6 tests[22m[2m)[22m[32m 295[2mms[22m[39m
 [32m✓[39m packages/agent-runtime/src/__tests__/runtime-execution-recovery.test.ts [2m([22m[2m76 tests[22m[2m)[22m[32m 245[2mms[22m[39m
 [32m✓[39m apps/api/src/__tests__/identity-trusted-resolver.test.ts [2m([22m[2m7 tests[22m[2m)[22m[32m 238[2mms[22m[39m
 [32m✓[39m apps/api/src/http-security.test.ts [2m([22m[2m10 tests[22m[2m)[22m[32m 229[2mms[22m[39m
 [32m✓[39m apps/api/src/__tests__/operator-identity-rbac.test.ts [2m([22m[2m6 tests[22m[2m)[22m[32m 230[2mms[22m[39m
 [32m✓[39m packages/persistence/src/__tests__/postgres-migration-smoke.test.ts [2m([22m[2m10 tests[22m[2m)[22m[32m 225[2mms[22m[39m
 [32m✓[39m apps/api/src/__tests__/inbound-runtime-edges.test.ts [2m([22m[2m5 tests[22m[2m)[22m[33m 306[2mms[22m[39m
 [32m✓[39m apps/api/src/__tests__/tenant-inbound-isolation.test.ts [2m([22m[2m4 tests[22m[2m)[22m[32m 205[2mms[22m[39m
 [32m✓[39m apps/api/src/__tests__/publish-evidence-authority.test.ts [2m([22m[2m3 tests[22m[2m)[22m[32m 252[2mms[22m[39m
 [32m✓[39m apps/api/src/__tests__/audit-evidence-checkpoint.test.ts [2m([22m[2m2 tests[22m[2m)[22m[32m 195[2mms[22m[39m
 [32m✓[39m apps/api/src/__tests__/capability-approval-api.test.ts [2m([22m[2m4 tests[22m[2m)[22m[32m 228[2mms[22m[39m
 [32m✓[39m apps/api/src/http-request-boundary.test.ts [2m([22m[2m8 tests[22m[2m)[22m[32m 186[2mms[22m[39m
 [32m✓[39m apps/api/src/__tests__/approval-decision-atomicity.test.ts [2m([22m[2m7 tests[22m[2m)[22m[32m 232[2mms[22m[39m
 [32m✓[39m apps/web/src/features/platform/trace-viewer.test.tsx [2m([22m[2m2 tests[22m[2m)[22m[32m 190[2mms[22m[39m
 [32m✓[39m apps/api/src/internal-task-field-boundary.test.ts [2m([22m[2m7 tests[22m[2m)[22m[32m 226[2mms[22m[39m
 [32m✓[39m apps/api/src/rem-risk-boundary.test.ts [2m([22m[2m2 tests[22m[2m)[22m[32m 185[2mms[22m[39m
 [32m✓[39m apps/worker/src/__tests__/operational-harness-iterative.test.ts [2m([22m[2m5 tests[22m[2m)[22m[32m 248[2mms[22m[39m
 [32m✓[39m apps/api/src/__tests__/observability.test.ts [2m([22m[2m2 tests[22m[2m)[22m[32m 163[2mms[22m[39m
 [32m✓[39m apps/api/src/__tests__/build-server-from-env-boundary.test.ts [2m([22m[2m7 tests[22m[2m)[22m[32m 241[2mms[22m[39m
 [32m✓[39m apps/api/src/__tests__/attendance-approval-atomic.test.ts [2m([22m[2m6 tests[22m[2m)[22m[32m 236[2mms[22m[39m
 [32m✓[39m apps/api/src/__tests__/journey-routes-coverage.test.ts [2m([22m[2m4 tests[22m[2m)[22m[32m 244[2mms[22m[39m
 [32m✓[39m apps/api/src/__tests__/operator-session.test.ts [2m([22m[2m7 tests[22m[2m)[22m[32m 250[2mms[22m[39m
 [32m✓[39m apps/api/src/__tests__/operator-session-public-routes.test.ts [2m([22m[2m8 tests[22m[2m)[22m[32m 240[2mms[22m[39m
 [32m✓[39m apps/api/src/__tests__/audit-evidence.test.ts [2m([22m[2m4 tests[22m[2m)[22m[32m 265[2mms[22m[39m
 [32m✓[39m apps/api/src/metrics-exposure.test.ts [2m([22m[2m2 tests[22m[2m)[22m[32m 228[2mms[22m[39m
 [32m✓[39m apps/web/src/features/approvals/approvals.test.tsx [2m([22m[2m1 test[22m[2m)[22m[33m 773[2mms[22m[39m
     [33m[2m✓[22m[39m renders pending approvals and submits controlled decisions [33m 769[2mms[22m[39m
 [32m✓[39m apps/api/src/response-correlation.test.ts [2m([22m[2m6 tests[22m[2m)[22m[33m 580[2mms[22m[39m
 [32m✓[39m apps/api/src/__tests__/durable-inbound.test.ts [2m([22m[2m3 tests[22m[2m)[22m[33m 416[2mms[22m[39m
 [32m✓[39m apps/api/src/__tests__/release-candidate-ledger.test.ts [2m([22m[2m2 tests[22m[2m)[22m[33m 505[2mms[22m[39m
     [33m[2m✓[22m[39m creates and validates a tenant-scoped attestation without mutating the version [33m 416[2mms[22m[39m
 [32m✓[39m apps/api/src/http-target-boundary.test.ts [2m([22m[2m8 tests[22m[2m)[22m[33m 704[2mms[22m[39m
     [33m[2m✓[22m[39m defines explicit request-target and route parameter limits [33m 350[2mms[22m[39m
 [32m✓[39m packages/chaos/src/__tests__/chaos.test.ts [2m([22m[2m15 tests[22m[2m)[22m[32m 248[2mms[22m[39m
 [32m✓[39m apps/api/src/__tests__/knowledge-input-boundary.test.ts [2m([22m[2m2 tests[22m[2m)[22m[33m 573[2mms[22m[39m
     [33m[2m✓[22m[39m rejects a source identifier above the shared bounded limit [33m 395[2mms[22m[39m
 [32m✓[39m apps/api/src/__tests__/secretary-bootstrap.test.ts [2m([22m[2m2 tests[22m[2m)[22m[33m 458[2mms[22m[39m
     [33m[2m✓[22m[39m seeds only development memory mode with the fictitious preset [33m 384[2mms[22m[39m
 [32m✓[39m apps/api/src/__tests__/http-security-edge-branches.test.ts [2m([22m[2m4 tests[22m[2m)[22m[33m 531[2mms[22m[39m
     [33m[2m✓[22m[39m canonicalizes IPv4-mapped and expanded IPv6 proxy addresses for HSTS [33m 401[2mms[22m[39m
 [32m✓[39m apps/api/src/pagination-boundary.test.ts [2m([22m[2m5 tests[22m[2m)[22m[33m 436[2mms[22m[39m
 [32m✓[39m apps/api/src/audit-filter-duplicate-boundary.test.ts [2m([22m[2m6 tests[22m[2m)[22m[33m 619[2mms[22m[39m
 [32m✓[39m apps/api/src/__tests__/audit-evidence-checkpoint-boundary.test.ts [2m([22m[2m2 tests[22m[2m)[22m[33m 411[2mms[22m[39m
     [33m[2m✓[22m[39m rejects unauthorized checkpoint collection operations and strict fields [33m 319[2mms[22m[39m
 [32m✓[39m apps/api/src/__tests__/small-module-boundaries.test.ts [2m([22m[2m8 tests[22m[2m)[22m[33m 312[2mms[22m[39m
 [32m✓[39m apps/api/src/approval-request-field-boundary.test.ts [2m([22m[2m5 tests[22m[2m)[22m[33m 546[2mms[22m[39m
     [33m[2m✓[22m[39m rejects over-limit sessionId before approvals.save [33m 337[2mms[22m[39m
 [32m✓[39m apps/api/src/__tests__/task-lifecycle.test.ts [2m([22m[2m3 tests[22m[2m)[22m[33m 432[2mms[22m[39m
     [33m[2m✓[22m[39m updates internal task status with audit evidence and no external side effect [33m 328[2mms[22m[39m
 [32m✓[39m packages/platform/src/__tests__/critical-safety-preflight.test.ts [2m([22m[2m9 tests[22m[2m)[22m[32m 151[2mms[22m[39m
 [32m✓[39m apps/api/src/__tests__/health.test.ts [2m([22m[2m2 tests[22m[2m)[22m[32m 163[2mms[22m[39m
 [32m✓[39m apps/api/src/__tests__/test-suite-catalog.test.ts [2m([22m[2m1 test[22m[2m)[22m[32m 174[2mms[22m[39m
 [32m✓[39m packages/model-gateway/src/__tests__/local-http-providers.test.ts [2m([22m[2m12 tests[22m[2m)[22m[32m 161[2mms[22m[39m
 [32m✓[39m apps/api/src/prompt-profile-error-boundary.test.ts [2m([22m[2m4 tests[22m[2m)[22m[32m 154[2mms[22m[39m
 [32m✓[39m apps/api/src/approval-decision-note-field-boundary.test.ts [2m([22m[2m3 tests[22m[2m)[22m[32m 166[2mms[22m[39m
 [32m✓[39m apps/api/src/__tests__/plugin-catalog.test.ts [2m([22m[2m1 test[22m[2m)[22m[32m 145[2mms[22m[39m
 [32m✓[39m apps/web/src/features/audit/audit-checkpoint.test.tsx [2m([22m[2m1 test[22m[2m)[22m[32m 167[2mms[22m[39m
 [32m✓[39m apps/api/src/request-metrics.test.ts [2m([22m[2m3 tests[22m[2m)[22m[32m 161[2mms[22m[39m
 [32m✓[39m apps/web/src/features/tasks/tasks.test.tsx [2m([22m[2m1 test[22m[2m)[22m[32m 167[2mms[22m[39m
 [32m✓[39m apps/api/src/__tests__/conversation-list.test.ts [2m([22m[2m2 tests[22m[2m)[22m[32m 156[2mms[22m[39m
 [32m✓[39m apps/api/src/__tests__/execution-input-trajectory-api.test.ts [2m([22m[2m2 tests[22m[2m)[22m[32m 160[2mms[22m[39m
 [32m✓[39m apps/api/src/__tests__/audit-route.integration.test.ts [2m([22m[2m1 test[22m[2m)[22m[32m 148[2mms[22m[39m
 [32m✓[39m tests/e2e/critical-flows.test.ts [2m([22m[2m1 test[22m[2m)[22m[32m 152[2mms[22m[39m
 [32m✓[39m apps/worker/src/__tests__/operational-harness-synthetic-effect.test.ts [2m([22m[2m2 tests[22m[2m)[22m[32m 143[2mms[22m[39m
 [32m✓[39m apps/api/src/__tests__/approval-actions.test.ts [2m([22m[2m1 test[22m[2m)[22m[32m 139[2mms[22m[39m
 [32m✓[39m apps/api/src/__tests__/knowledge-source-catalog.test.ts [2m([22m[2m1 test[22m[2m)[22m[32m 138[2mms[22m[39m
{"event":"worker.sweep_tick","level":"info","timestamp":"2026-09-30T06:33:04.417Z","now":"2026-09-13T00:00:00.000Z","journalReleased":1,"approvalsReleased":2,"approvalsUncertain":1,"durationMs":0,"operation":"sweep"}
{"event":"worker.metric","name":"worker_sweep_journal_released_total","value":1,"attributes":{"operation":"sweep"},"timestamp":"2026-09-30T06:33:04.418Z"}
{"event":"worker.metric","name":"worker_sweep_approvals_released_total","value":2,"attributes":{"status":"released"},"timestamp":"2026-09-30T06:33:04.418Z"}
{"event":"worker.metric","name":"worker_sweep_approvals_uncertain_total","value":1,"attributes":{"status":"uncertain"},"timestamp":"2026-09-30T06:33:04.418Z"}
{"event":"worker.started","level":"info","timestamp":"2026-09-30T06:33:04.420Z","workerId":"worker-sweeps-191","concurrency":2,"pollIntervalMs":5,"idleMaxBackoffMs":5000,"errorBackoffMs":500,"errorMaxBackoffMs":30000,"leaseMs":1000,"heartbeatIntervalMs":333,"drainMs":10000,"backlogProbe":true,"sweeps":true,"externalEffects":false,"durable":true}
{"event":"worker.sweep_started","level":"info","timestamp":"2026-09-30T06:33:04.420Z","intervalMs":10,"operation":"sweep"}
{"event":"worker.outbox.summary","level":"info","timestamp":"2026-09-30T06:33:04.420Z","workerId":"worker-sweeps-191","reason":"start","claimed":0,"processed":0,"failed":0,"deadLettered":0,"handoffs":0,"errors":0,"claimFailures":0,"leaseLost":0,"heartbeats":0,"idlePolls":0,"released":0,"lag":null,"inFlight":0}
{"event":"worker.metric","name":"worker_outbox_lag","value":0,"attributes":{"operation":"outbox"},"timestamp":"2026-09-30T06:33:04.421Z"}
{"event":"worker.idle_backoff","level":"debug","timestamp":"2026-09-30T06:33:04.421Z","workerId":"worker-sweeps-191","backoffMs":5,"lag":0}
{"event":"worker.idle_backoff","level":"debug","timestamp":"2026-09-30T06:33:04.426Z","workerId":"worker-sweeps-191","backoffMs":10,"lag":0}
{"event":"worker.sweep_tick","level":"info","timestamp":"2026-09-30T06:33:04.431Z","now":"2026-09-30T06:33:04.431Z","journalReleased":0,"approvalsReleased":0,"approvalsUncertain":0,"durationMs":0,"operation":"sweep"}
{"event":"worker.metric","name":"worker_sweep_journal_released_total","value":0,"attributes":{"operation":"sweep"},"timestamp":"2026-09-30T06:33:04.431Z"}
{"event":"worker.metric","name":"worker_sweep_approvals_released_total","value":0,"attributes":{"status":"released"},"timestamp":"2026-09-30T06:33:04.431Z"}
{"event":"worker.metric","name":"worker_sweep_approvals_uncertain_total","value":0,"attributes":{"status":"uncertain"},"timestamp":"2026-09-30T06:33:04.431Z"}
{"event":"worker.sweep_stopped","level":"info","timestamp":"2026-09-30T06:33:04.431Z","operation":"sweep"}
{"event":"worker.outbox.summary","level":"info","timestamp":"2026-09-30T06:33:04.432Z","workerId":"worker-sweeps-191","reason":"stop","claimed":0,"processed":0,"failed":0,"deadLettered":0,"handoffs":0,"errors":0,"claimFailures":0,"leaseLost":0,"heartbeats":0,"idlePolls":2,"released":0,"lag":0,"inFlight":0}
{"event":"worker.stopped","level":"info","timestamp":"2026-09-30T06:33:04.432Z","workerId":"worker-sweeps-191","drained":true,"released":0,"releaseFailed":0,"processed":0,"failed":0,"deadLettered":0,"lag":0}
 [32m✓[39m apps/worker/src/__tests__/worker-sweeps.test.ts [2m([22m[2m5 tests[22m[2m)[22m[32m 122[2mms[22m[39m
 [32m✓[39m apps/api/src/__tests__/correlation.test.ts [2m([22m[2m1 test[22m[2m)[22m[32m 141[2mms[22m[39m
 [32m✓[39m apps/api/src/__tests__/journeys-api.test.ts [2m([22m[2m1 test[22m[2m)[22m[32m 137[2mms[22m[39m
 [32m✓[39m packages/harness/src/__tests__/iterative-runtime.test.ts [2m([22m[2m47 tests[22m[2m)[22m[33m 419[2mms[22m[39m
 [32m✓[39m packages/channel-gateway/src/__tests__/channel-effect-journal-edges.test.ts [2m([22m[2m9 tests[22m[2m)[22m[32m 205[2mms[22m[39m
 [32m✓[39m packages/platform/src/__tests__/safety-assessment.test.ts [2m([22m[2m29 tests[22m[2m)[22m[33m 589[2mms[22m[39m
 [32m✓[39m packages/platform/src/__tests__/platform-foundation.test.ts [2m([22m[2m20 tests[22m[2m)[22m[32m 204[2mms[22m[39m
 [32m✓[39m tests/ci-workflow-contract.test.js [2m([22m[2m4 tests[22m[2m)[22m[32m 98[2mms[22m[39m
 [32m✓[39m packages/agent-runtime/src/__tests__/runtime-kernel-coverage.test.ts [2m([22m[2m41 tests[22m[2m)[22m[32m 96[2mms[22m[39m
 [32m✓[39m apps/api/src/__tests__/operator-session-hook.test.ts [2m([22m[2m1 test[22m[2m)[22m[32m 95[2mms[22m[39m
 [32m✓[39m packages/channel-gateway/src/__tests__/channel-coverage-journal-hardening.test.ts [2m([22m[2m12 tests[22m[2m)[22m[32m 77[2mms[22m[39m
 [32m✓[39m packages/agent-runtime/src/__tests__/runtime-journal.test.ts [2m([22m[2m18 tests[22m[2m)[22m[32m 129[2mms[22m[39m
 [32m✓[39m tests/workspace-dependency-audit.test.js [2m([22m[2m13 tests[22m[2m)[22m[32m 75[2mms[22m[39m
 [32m✓[39m packages/harness/src/__tests__/runtime.test.ts [2m([22m[2m12 tests[22m[2m)[22m[32m 78[2mms[22m[39m
 [32m✓[39m apps/worker/src/__tests__/postgres-controlled-hardening.test.ts [2m([22m[2m8 tests[22m[2m)[22m[32m 85[2mms[22m[39m
 [32m✓[39m packages/agent-runtime/src/__tests__/runtime-limits.test.ts [2m([22m[2m16 tests[22m[2m)[22m[32m 58[2mms[22m[39m
 [32m✓[39m packages/channel-gateway/src/__tests__/channel-coverage-gateway-journal-paths.test.ts [2m([22m[2m16 tests[22m[2m)[22m[32m 73[2mms[22m[39m
 [32m✓[39m packages/chaos/src/__tests__/chaos-postgres.test.ts [2m([22m[2m2 tests[22m[2m)[22m[32m 61[2mms[22m[39m
 [32m✓[39m packages/shared/src/__tests__/shared-branches-hardening.test.ts [2m([22m[2m15 tests[22m[2m)[22m[32m 74[2mms[22m[39m
 [32m✓[39m packages/agent-runtime/src/__tests__/effect-journal.test.ts [2m([22m[2m41 tests[22m[2m)[22m[32m 64[2mms[22m[39m
 [32m✓[39m tests/phase4a/conversation-adversarial.test.ts [2m([22m[2m11 tests[22m[2m)[22m[32m 70[2mms[22m[39m
 [32m✓[39m apps/web/src/api/resilient-client.test.ts [2m([22m[2m10 tests[22m[2m)[22m[32m 62[2mms[22m[39m
 [32m✓[39m packages/shared/src/__tests__/lifecycle.test.ts [2m([22m[2m4 tests[22m[2m)[22m[32m 60[2mms[22m[39m
 [32m✓[39m tests/rem21-findings.test.js [2m([22m[2m11 tests[22m[2m)[22m[32m 56[2mms[22m[39m
 [32m✓[39m packages/channel-gateway/src/__tests__/channel-effect-journal.test.ts [2m([22m[2m11 tests[22m[2m)[22m[32m 55[2mms[22m[39m
 [32m✓[39m apps/worker/src/__tests__/postgres-controlled.test.ts [2m([22m[2m5 tests[22m[2m)[22m[32m 60[2mms[22m[39m
 [32m✓[39m packages/agent-core/src/__tests__/published-agent-runtime.test.ts [2m([22m[2m9 tests[22m[2m)[22m[32m 65[2mms[22m[39m
 [32m✓[39m apps/worker/src/__tests__/worker.test.ts [2m([22m[2m1 test[22m[2m)[22m[32m 57[2mms[22m[39m
 [32m✓[39m legacy/packages/secretary-profile/src/__tests__/secretary-preset.test.ts [2m([22m[2m2 tests[22m[2m)[22m[32m 50[2mms[22m[39m
 [32m✓[39m packages/agent-runtime/src/__tests__/runtime-legacy-rearm.test.ts [2m([22m[2m8 tests[22m[2m)[22m[32m 45[2mms[22m[39m
 [32m✓[39m packages/agent-runtime/src/__tests__/runtime-binding.test.ts [2m([22m[2m17 tests[22m[2m)[22m[32m 54[2mms[22m[39m
 [32m✓[39m packages/platform/src/__tests__/plugin-gateway-hardening.test.ts [2m([22m[2m12 tests[22m[2m)[22m[32m 56[2mms[22m[39m
 [32m✓[39m legacy/packages/secretary-profile/src/__tests__/execution-contract-matrix.test.ts [2m([22m[2m10 tests[22m[2m)[22m[32m 55[2mms[22m[39m
 [32m✓[39m packages/channel-gateway/src/__tests__/channel-coverage-gateway-hardening.test.ts [2m([22m[2m10 tests[22m[2m)[22m[32m 53[2mms[22m[39m
 [32m✓[39m packages/platform/src/__tests__/prompt-profile.test.ts [2m([22m[2m8 tests[22m[2m)[22m[32m 50[2mms[22m[39m
 [32m✓[39m apps/worker/src/__tests__/published-worker-runtime.test.ts [2m([22m[2m10 tests[22m[2m)[22m[32m 54[2mms[22m[39m
 [32m✓[39m packages/platform/src/__tests__/test-lab-events.test.ts [2m([22m[2m5 tests[22m[2m)[22m[32m 49[2mms[22m[39m
 [32m✓[39m tests/phase4a/security-boundary.test.ts [2m([22m[2m13 tests[22m[2m)[22m[32m 47[2mms[22m[39m
 [32m✓[39m apps/web/src/features/audit/audit-view.test.tsx [2m([22m[2m1 test[22m[2m)[22m[32m 39[2mms[22m[39m
 [32m✓[39m packages/platform/src/__tests__/controlled-tool-registry.test.ts [2m([22m[2m5 tests[22m[2m)[22m[32m 43[2mms[22m[39m
 [32m✓[39m packages/platform/src/__tests__/output-policy.test.ts [2m([22m[2m35 tests[22m[2m)[22m[32m 54[2mms[22m[39m
 [32m✓[39m packages/persistence/src/__tests__/platform-control-plane-repository.test.ts [2m([22m[2m9 tests[22m[2m)[22m[32m 48[2mms[22m[39m
 [32m✓[39m packages/persistence/src/__tests__/restore-integrity.test.ts [2m([22m[2m12 tests[22m[2m)[22m[32m 45[2mms[22m[39m
 [32m✓[39m packages/shared/src/__tests__/ssrf-egress.test.ts [2m([22m[2m16 tests[22m[2m)[22m[32m 39[2mms[22m[39m
 [32m✓[39m packages/agent-runtime/src/__tests__/runtime-sweep-operation-key.test.ts [2m([22m[2m7 tests[22m[2m)[22m[32m 43[2mms[22m[39m
 [32m✓[39m packages/agent-runtime/src/__tests__/agent-runtime.test.ts [2m([22m[2m9 tests[22m[2m)[22m[32m 44[2mms[22m[39m
 [32m✓[39m packages/channel-gateway/src/__tests__/channel-gateway.test.ts [2m([22m[2m15 tests[22m[2m)[22m[32m 43[2mms[22m[39m
 [32m✓[39m tests/node-version-preflight.test.js [2m([22m[2m6 tests[22m[2m)[22m[32m 34[2mms[22m[39m
 [32m✓[39m tests/phase4a/service-desk-journey.test.ts [2m([22m[2m1 test[22m[2m)[22m[32m 38[2mms[22m[39m
 [32m✓[39m tests/phase4-public-consumer.test.ts [2m([22m[2m2 tests[22m[2m)[22m[32m 37[2mms[22m[39m
 [32m✓[39m packages/platform/src/__tests__/handoff-policy.test.ts [2m([22m[2m3 tests[22m[2m)[22m[32m 39[2mms[22m[39m
 [32m✓[39m apps/worker/src/__tests__/published-worker-knowledge-boundary.test.ts [2m([22m[2m5 tests[22m[2m)[22m[32m 41[2mms[22m[39m
 [32m✓[39m packages/platform/src/__tests__/test-suite-catalog.test.ts [2m([22m[2m2 tests[22m[2m)[22m[32m 38[2mms[22m[39m
 [32m✓[39m apps/web/src/features/conversations/conversations.test.tsx [2m([22m[2m1 test[22m[2m)[22m[32m 41[2mms[22m[39m
 [32m✓[39m packages/conversation/src/__tests__/conversation.test.ts [2m([22m[2m11 tests[22m[2m)[22m[32m 34[2mms[22m[39m
 [32m✓[39m packages/platform/src/__tests__/tool-invocation-boundary.test.ts [2m([22m[2m14 tests[22m[2m)[22m[32m 38[2mms[22m[39m
 [32m✓[39m packages/model-gateway/src/__tests__/gateway-hardening.test.ts [2m([22m[2m36 tests[22m[2m)[22m[32m 31[2mms[22m[39m
 [32m✓[39m packages/harness/src/__tests__/capability-boundary.test.ts [2m([22m[2m20 tests[22m[2m)[22m[32m 41[2mms[22m[39m
 [32m✓[39m apps/web/src/features/conversations/timeline.test.tsx [2m([22m[2m1 test[22m[2m)[22m[32m 34[2mms[22m[39m
 [32m✓[39m packages/agent-runtime/src/__tests__/effect-journal-edges.test.ts [2m([22m[2m19 tests[22m[2m)[22m[32m 28[2mms[22m[39m
 [32m✓[39m packages/channel-gateway/src/__tests__/channel-effect-hash-version.test.ts [2m([22m[2m9 tests[22m[2m)[22m[32m 30[2mms[22m[39m
 [32m✓[39m packages/platform/src/__tests__/knowledge-input-boundary.test.ts [2m([22m[2m3 tests[22m[2m)[22m[32m 28[2mms[22m[39m
 [32m✓[39m packages/platform/src/__tests__/knowledge-resolver.test.ts [2m([22m[2m1 test[22m[2m)[22m[32m 31[2mms[22m[39m
 [32m✓[39m packages/approval-engine/src/__tests__/approval-critical-coverage.test.ts [2m([22m[2m36 tests[22m[2m)[22m[32m 33[2mms[22m[39m
 [32m✓[39m tests/architecture/legacy-boundary.test.ts [2m([22m[2m4 tests[22m[2m)[22m[32m 26[2mms[22m[39m
 [32m✓[39m packages/approval-engine/src/__tests__/approval-lifecycle.test.ts [2m([22m[2m19 tests[22m[2m)[22m[32m 22[2mms[22m[39m
 [32m✓[39m packages/platform/src/__tests__/capability-approval-gateway.test.ts [2m([22m[2m4 tests[22m[2m)[22m[32m 23[2mms[22m[39m
 [32m✓[39m packages/persistence/src/__tests__/outbox-edge.test.ts [2m([22m[2m22 tests[22m[2m)[22m[32m 28[2mms[22m[39m
 [32m✓[39m packages/approval-engine/src/__tests__/approval-coverage-closure.test.ts [2m([22m[2m14 tests[22m[2m)[22m[32m 23[2mms[22m[39m
 [32m✓[39m tests/architecture/dependency-direction.test.ts [2m([22m[2m4 tests[22m[2m)[22m[32m 23[2mms[22m[39m
 [32m✓[39m packages/persistence/src/__tests__/runtime-approval-store.unit.test.ts [2m([22m[2m4 tests[22m[2m)[22m[32m 26[2mms[22m[39m
 [32m✓[39m packages/agent-runtime/src/__tests__/capability-action-binding.test.ts [2m([22m[2m3 tests[22m[2m)[22m[32m 24[2mms[22m[39m
 [32m✓[39m packages/observability/src/__tests__/observability.test.ts [2m([22m[2m12 tests[22m[2m)[22m[32m 27[2mms[22m[39m
 [32m✓[39m packages/persistence/src/__tests__/repository-error-paths.test.ts [2m([22m[2m6 tests[22m[2m)[22m[32m 24[2mms[22m[39m
 [32m✓[39m packages/platform/src/__tests__/plugin-registry-versioning.test.ts [2m([22m[2m3 tests[22m[2m)[22m[32m 27[2mms[22m[39m
 [32m✓[39m packages/harness/src/__tests__/agent-loop-evals.test.ts [2m([22m[2m2 tests[22m[2m)[22m[32m 24[2mms[22m[39m
 [32m✓[39m packages/platform/src/__tests__/publish-evidence-authority.test.ts [2m([22m[2m4 tests[22m[2m)[22m[32m 20[2mms[22m[39m
 [32m✓[39m packages/platform/src/__tests__/malformed-model-output.test.ts [2m([22m[2m1 test[22m[2m)[22m[32m 22[2mms[22m[39m
 [32m✓[39m packages/conversation/src/__tests__/postgres-store.unit.test.ts [2m([22m[2m8 tests[22m[2m)[22m[32m 24[2mms[22m[39m
 [32m✓[39m packages/policy-engine/src/__tests__/policy-profile.test.ts [2m([22m[2m13 tests[22m[2m)[22m[32m 22[2mms[22m[39m
 [32m✓[39m packages/platform/src/__tests__/approval-authority.test.ts [2m([22m[2m6 tests[22m[2m)[22m[32m 20[2mms[22m[39m
 [32m✓[39m packages/platform/src/__tests__/event-bus-hardening.test.ts [2m([22m[2m7 tests[22m[2m)[22m[32m 26[2mms[22m[39m
 [32m✓[39m packages/platform/src/__tests__/release-candidate-ledger.test.ts [2m([22m[2m5 tests[22m[2m)[22m[32m 24[2mms[22m[39m
 [32m✓[39m packages/persistence/src/__tests__/audit-evidence-checkpoint.test.ts [2m([22m[2m3 tests[22m[2m)[22m[32m 23[2mms[22m[39m
 [32m✓[39m packages/agent-evals/src/__tests__/agent-evals.test.ts [2m([22m[2m10 tests[22m[2m)[22m[32m 22[2mms[22m[39m
 [32m✓[39m packages/platform/src/__tests__/trace-governance.test.ts [2m([22m[2m14 tests[22m[2m)[22m[32m 22[2mms[22m[39m
 [32m✓[39m tests/workspace-dependency-manifest.test.js [2m([22m[2m1 test[22m[2m)[22m[32m 23[2mms[22m[39m
 [32m✓[39m packages/channel-gateway/src/__tests__/channel-effect-reconciliation-actor.test.ts [2m([22m[2m6 tests[22m[2m)[22m[32m 19[2mms[22m[39m
 [32m✓[39m packages/channel-gateway/src/__tests__/channel-coverage.test.ts [2m([22m[2m6 tests[22m[2m)[22m[32m 17[2mms[22m[39m
 [32m✓[39m tests/phase4a/golden-corpus.test.ts [2m([22m[2m2 tests[22m[2m)[22m[32m 20[2mms[22m[39m
 [32m✓[39m legacy/packages/secretary-evals/src/__tests__/secretary-evals.test.ts [2m([22m[2m9 tests[22m[2m)[22m[32m 24[2mms[22m[39m
 [32m✓[39m packages/conversation/src/__tests__/state.test.ts [2m([22m[2m15 tests[22m[2m)[22m[32m 19[2mms[22m[39m
 [32m✓[39m packages/platform/src/__tests__/event-bus.test.ts [2m([22m[2m8 tests[22m[2m)[22m[32m 18[2mms[22m[39m
 [32m✓[39m apps/api/src/__tests__/trusted-operator-identity.test.ts [2m([22m[2m13 tests[22m[2m)[22m[32m 17[2mms[22m[39m
 [32m✓[39m packages/observability/src/__tests__/observability-coverage.test.ts [2m([22m[2m5 tests[22m[2m)[22m[32m 21[2mms[22m[39m
 [32m✓[39m packages/channel-gateway/src/__tests__/channel-coverage-inbound-adapters.test.ts [2m([22m[2m12 tests[22m[2m)[22m[32m 18[2mms[22m[39m
 [32m✓[39m packages/model-gateway/src/__tests__/providers.test.ts [2m([22m[2m15 tests[22m[2m)[22m[32m 19[2mms[22m[39m
 [32m✓[39m apps/api/src/__tests__/oidc-login-transaction.test.ts [2m([22m[2m8 tests[22m[2m)[22m[32m 13[2mms[22m[39m
 [32m✓[39m packages/persistence/src/__tests__/platform-approval-repository.test.ts [2m([22m[2m3 tests[22m[2m)[22m[32m 20[2mms[22m[39m
 [32m✓[39m packages/shared/src/__tests__/shared-contracts.test.ts [2m([22m[2m11 tests[22m[2m)[22m[32m 16[2mms[22m[39m
 [32m✓[39m packages/persistence/src/__tests__/audit-evidence-checkpoint-postgres.test.ts [2m([22m[2m2 tests[22m[2m)[22m[32m 19[2mms[22m[39m
 [32m✓[39m packages/platform/src/__tests__/plugin-catalog.test.ts [2m([22m[2m1 test[22m[2m)[22m[32m 17[2mms[22m[39m
 [32m✓[39m packages/approval-engine/src/__tests__/approval-lifecycle-edges.test.ts [2m([22m[2m10 tests[22m[2m)[22m[32m 17[2mms[22m[39m
 [32m✓[39m tests/phase4a/knowledge-assistant-journey.test.ts [2m([22m[2m2 tests[22m[2m)[22m[32m 17[2mms[22m[39m
 [32m✓[39m packages/platform/src/__tests__/platform-misc-hardening.test.ts [2m([22m[2m6 tests[22m[2m)[22m[32m 17[2mms[22m[39m
 [32m✓[39m packages/persistence/src/__tests__/conversation-repository.test.ts [2m([22m[2m13 tests[22m[2m)[22m[32m 16[2mms[22m[39m
 [32m✓[39m packages/channel-gateway/src/__tests__/channel-effect-race.test.ts [2m([22m[2m2 tests[22m[2m)[22m[32m 16[2mms[22m[39m
 [32m✓[39m packages/approval-engine/src/__tests__/approval-engine.test.ts [2m([22m[2m10 tests[22m[2m)[22m[32m 14[2mms[22m[39m
 [32m✓[39m apps/api/src/__tests__/webhook-replay-preflight-unit.test.ts [2m([22m[2m48 tests[22m[2m)[22m[32m 15[2mms[22m[39m
 [32m✓[39m tests/skip-governance.test.js [2m([22m[2m9 tests[22m[2m)[22m[32m 12[2mms[22m[39m
 [32m✓[39m packages/rag/src/__tests__/institutional-rag-hardening.test.ts [2m([22m[2m8 tests[22m[2m)[22m[32m 16[2mms[22m[39m
 [32m✓[39m packages/persistence/src/__tests__/outbox.test.ts [2m([22m[2m6 tests[22m[2m)[22m[32m 18[2mms[22m[39m
 [32m✓[39m packages/persistence/src/__tests__/runtime-trace-correlation.test.ts [2m([22m[2m3 tests[22m[2m)[22m[32m 15[2mms[22m[39m
 [32m✓[39m tests/docs-readiness.test.js [2m([22m[2m7 tests[22m[2m)[22m[32m 14[2mms[22m[39m
 [32m✓[39m apps/worker/src/__tests__/controlled-worker-hardening.test.ts [2m([22m[2m7 tests[22m[2m)[22m[32m 15[2mms[22m[39m
 [32m✓[39m packages/platform/src/__tests__/controlled-preset-hardening.test.ts [2m([22m[2m3 tests[22m[2m)[22m[32m 19[2mms[22m[39m
 [32m✓[39m packages/approval-engine/src/__tests__/approval-lifecycle-fencing.test.ts [2m([22m[2m6 tests[22m[2m)[22m[32m 15[2mms[22m[39m
 [32m✓[39m apps/web/src/features/platform/prompt-profile.test.ts [2m([22m[2m5 tests[22m[2m)[22m[32m 14[2mms[22m[39m
 [32m✓[39m legacy/packages/secretary-profile/src/__tests__/policy-engine.test.ts [2m([22m[2m14 tests[22m[2m)[22m[32m 14[2mms[22m[39m
 [32m✓[39m packages/persistence/src/__tests__/outbox-memory.test.ts [2m([22m[2m4 tests[22m[2m)[22m[32m 14[2mms[22m[39m
 [32m✓[39m packages/agent-core/src/__tests__/receive-inbound-message.test.ts [2m([22m[2m6 tests[22m[2m)[22m[32m 13[2mms[22m[39m
 [32m✓[39m packages/persistence/src/__tests__/persistence-schema.test.ts [2m([22m[2m7 tests[22m[2m)[22m[32m 15[2mms[22m[39m
 [32m✓[39m packages/harness/src/__tests__/runtime-selection.test.ts [2m([22m[2m4 tests[22m[2m)[22m[32m 14[2mms[22m[39m
 [32m✓[39m tests/ci-bar-contract.test.js [2m([22m[2m4 tests[22m[2m)[22m[32m 13[2mms[22m[39m
 [32m✓[39m packages/platform/src/__tests__/model-provider-boundary.test.ts [2m([22m[2m4 tests[22m[2m)[22m[32m 13[2mms[22m[39m
 [32m✓[39m tests/e2e-report-binding.test.js [2m([22m[2m8 tests[22m[2m)[22m[32m 14[2mms[22m[39m
 [32m✓[39m packages/persistence/src/__tests__/release-candidate-repository.test.ts [2m([22m[2m3 tests[22m[2m)[22m[32m 13[2mms[22m[39m
 [32m✓[39m packages/persistence/src/__tests__/plugin-catalog-repository.test.ts [2m([22m[2m1 test[22m[2m)[22m[32m 13[2mms[22m[39m
 [32m✓[39m packages/approval-engine/src/__tests__/approval-operation-key.test.ts [2m([22m[2m7 tests[22m[2m)[22m[32m 14[2mms[22m[39m
 [32m✓[39m packages/model-gateway/src/__tests__/edge-coverage.test.ts [2m([22m[2m15 tests[22m[2m)[22m[32m 12[2mms[22m[39m
 [32m✓[39m apps/worker/src/__tests__/operational-harness-worker.test.ts [2m([22m[2m8 tests[22m[2m)[22m[32m 14[2mms[22m[39m
 [32m✓[39m tests/mutation-guard.test.js [2m([22m[2m3 tests[22m[2m)[22m[32m 11[2mms[22m[39m
 [32m✓[39m legacy/packages/secretary-journeys/src/__tests__/journeys.test.ts [2m([22m[2m2 tests[22m[2m)[22m[32m 12[2mms[22m[39m
 [32m✓[39m legacy/packages/secretary-profile/src/__tests__/capability-scope.test.ts [2m([22m[2m15 tests[22m[2m)[22m[32m 11[2mms[22m[39m
 [32m✓[39m apps/web/src/api/audit-evidence-checkpoint-client.test.ts [2m([22m[2m3 tests[22m[2m)[22m[32m 10[2mms[22m[39m
 [32m✓[39m legacy/packages/secretary-profile/src/__tests__/policy-engine-branch-hardening.test.ts [2m([22m[2m9 tests[22m[2m)[22m[32m 10[2mms[22m[39m
 [32m✓[39m apps/api/src/startup-failure.test.ts [2m([22m[2m8 tests[22m[2m)[22m[32m 12[2mms[22m[39m
 [32m✓[39m packages/persistence/src/__tests__/attendance-approval-atomic.test.ts [2m([22m[2m6 tests[22m[2m)[22m[32m 13[2mms[22m[39m
 [32m✓[39m legacy/packages/secretary-profile/src/__tests__/policy-coverage.test.ts [2m([22m[2m6 tests[22m[2m)[22m[32m 12[2mms[22m[39m
 [32m✓[39m apps/api/src/__tests__/identity-key-ring-rotation.test.ts [2m([22m[2m8 tests[22m[2m)[22m[32m 10[2mms[22m[39m
 [32m✓[39m packages/harness/src/__tests__/completion.test.ts [2m([22m[2m7 tests[22m[2m)[22m[32m 10[2mms[22m[39m
 [32m✓[39m tests/rem21-018-config.test.ts [2m([22m[2m6 tests[22m[2m)[22m[32m 10[2mms[22m[39m
 [32m✓[39m tests/rem21-014-browser-proof.test.js [2m([22m[2m7 tests[22m[2m)[22m[32m 5[2mms[22m[39m
 [32m✓[39m packages/policy-engine/src/__tests__/reference-engine.test.ts [2m([22m[2m11 tests[22m[2m)[22m[32m 10[2mms[22m[39m
 [32m✓[39m packages/conversation/src/__tests__/bridge.test.ts [2m([22m[2m6 tests[22m[2m)[22m[32m 10[2mms[22m[39m
 [32m✓[39m packages/persistence/src/__tests__/audit-decision-dedupe.test.ts [2m([22m[2m3 tests[22m[2m)[22m[32m 6[2mms[22m[39m
 [32m✓[39m packages/shared/src/__tests__/audit-governance-hardening.test.ts [2m([22m[2m11 tests[22m[2m)[22m[32m 9[2mms[22m[39m
 [32m✓[39m packages/persistence/src/__tests__/outbox-content-binding.test.ts [2m([22m[2m6 tests[22m[2m)[22m[32m 8[2mms[22m[39m
 [32m✓[39m apps/api/src/__tests__/oidc-identity.test.ts [2m([22m[2m22 tests[22m[2m)[22m[32m 10[2mms[22m[39m
 [32m✓[39m packages/persistence/src/__tests__/restore.test.ts [2m([22m[2m5 tests[22m[2m)[22m[32m 11[2mms[22m[39m
 [32m✓[39m packages/chaos/src/__tests__/faults-coverage.test.ts [2m([22m[2m3 tests[22m[2m)[22m[32m 10[2mms[22m[39m
 [32m✓[39m packages/agent-core/src/__tests__/approval-reconciliation.test.ts [2m([22m[2m2 tests[22m[2m)[22m[32m 6[2mms[22m[39m
 [32m✓[39m tests/phase4a-gate-identity.test.ts [2m([22m[2m6 tests[22m[2m)[22m[32m 6[2mms[22m[39m
 [32m✓[39m packages/shared/src/__tests__/ssrf.test.ts [2m([22m[2m34 tests[22m[2m)[22m[32m 8[2mms[22m[39m
 [32m✓[39m apps/web/src/api/release-candidate-client.test.ts [2m([22m[2m3 tests[22m[2m)[22m[32m 9[2mms[22m[39m
 [32m✓[39m packages/approval-engine/src/__tests__/approval-coverage.test.ts [2m([22m[2m3 tests[22m[2m)[22m[32m 10[2mms[22m[39m
 [32m✓[39m packages/platform/src/__tests__/knowledge-source-catalog.test.ts [2m([22m[2m2 tests[22m[2m)[22m[32m 10[2mms[22m[39m
 [32m✓[39m packages/persistence/src/__tests__/conversation-intelligence-migration.test.ts [2m([22m[2m2 tests[22m[2m)[22m[32m 5[2mms[22m[39m
 [32m✓[39m packages/agent-runtime/src/__tests__/proposal-errors.test.ts [2m([22m[2m10 tests[22m[2m)[22m[32m 9[2mms[22m[39m
 [32m✓[39m packages/platform/src/__tests__/tool-invocation-boundary-hardening.test.ts [2m([22m[2m9 tests[22m[2m)[22m[32m 10[2mms[22m[39m
 [32m✓[39m packages/observability/src/__tests__/operational-observability.test.ts [2m([22m[2m3 tests[22m[2m)[22m[32m 10[2mms[22m[39m
 [32m✓[39m apps/worker/src/__tests__/outbox-recovery.test.ts [2m([22m[2m3 tests[22m[2m)[22m[32m 10[2mms[22m[39m
 [32m✓[39m tests/basic-agent.test.ts [2m([22m[2m8 tests[22m[2m)[22m[32m 8[2mms[22m[39m
 [32m✓[39m packages/rag/src/__tests__/institutional-rag.test.ts [2m([22m[2m3 tests[22m[2m)[22m[32m 7[2mms[22m[39m
 [32m✓[39m packages/persistence/src/__tests__/operational-approval-adapter.test.ts [2m([22m[2m2 tests[22m[2m)[22m[32m 12[2mms[22m[39m
 [32m✓[39m apps/worker/src/__tests__/controlled-worker.test.ts [2m([22m[2m2 tests[22m[2m)[22m[32m 13[2mms[22m[39m
 [32m✓[39m packages/harness/src/__tests__/effect-journal.test.ts [2m([22m[2m3 tests[22m[2m)[22m[32m 8[2mms[22m[39m
 [32m✓[39m tests/repository-structure.test.js [2m([22m[2m2 tests[22m[2m)[22m[32m 8[2mms[22m[39m
 [32m✓[39m packages/approval-engine/src/__tests__/approval-idempotent-decision.test.ts [2m([22m[2m4 tests[22m[2m)[22m[32m 8[2mms[22m[39m
 [32m✓[39m tests/coverage-gate.test.js [2m([22m[2m3 tests[22m[2m)[22m[32m 5[2mms[22m[39m
 [32m✓[39m packages/adapters/src/__tests__/controlled-delivery.test.ts [2m([22m[2m2 tests[22m[2m)[22m[32m 6[2mms[22m[39m
 [32m✓[39m apps/worker/src/__tests__/worker-observability.test.ts [2m([22m[2m3 tests[22m[2m)[22m[32m 8[2mms[22m[39m
 [32m✓[39m tests/phase4a/public-harness-integration.test.ts [2m([22m[2m1 test[22m[2m)[22m[32m 9[2mms[22m[39m
 [32m✓[39m packages/persistence/src/__tests__/audit-repository.test.ts [2m([22m[2m2 tests[22m[2m)[22m[32m 7[2mms[22m[39m
 [32m✓[39m tests/workspace-scripts.test.js [2m([22m[2m2 tests[22m[2m)[22m[32m 5[2mms[22m[39m
 [32m✓[39m packages/shared/src/__tests__/ids-hardening.test.ts [2m([22m[2m3 tests[22m[2m)[22m[32m 7[2mms[22m[39m
 [32m✓[39m packages/platform/src/__tests__/retention-ledger.test.ts [2m([22m[2m2 tests[22m[2m)[22m[32m 7[2mms[22m[39m
 [32m✓[39m apps/worker/src/__tests__/readiness.test.ts [2m([22m[2m3 tests[22m[2m)[22m[32m 7[2mms[22m[39m
 [32m✓[39m packages/adapters/src/__tests__/model-adapter.test.ts [2m([22m[2m3 tests[22m[2m)[22m[32m 7[2mms[22m[39m
 [32m✓[39m packages/shared/src/__tests__/http-security-env.test.ts [2m([22m[2m4 tests[22m[2m)[22m[32m 8[2mms[22m[39m
 [32m✓[39m tests/runtime-image-contract.test.js [2m([22m[2m2 tests[22m[2m)[22m[32m 5[2mms[22m[39m
 [32m✓[39m packages/orchestrator/src/__tests__/hybrid-orchestrator.test.ts [2m([22m[2m6 tests[22m[2m)[22m[32m 8[2mms[22m[39m
 [32m✓[39m packages/platform/src/__tests__/model-provider.test.ts [2m([22m[2m3 tests[22m[2m)[22m[32m 7[2mms[22m[39m
 [32m✓[39m packages/agent-core/src/__tests__/conversation-session.integration.test.ts [2m([22m[2m1 test[22m[2m)[22m[32m 9[2mms[22m[39m
 [32m✓[39m packages/persistence/src/__tests__/session-version-pinning.test.ts [2m([22m[2m2 tests[22m[2m)[22m[32m 8[2mms[22m[39m
 [32m✓[39m packages/shared/src/__tests__/canonical.test.ts [2m([22m[2m9 tests[22m[2m)[22m[32m 8[2mms[22m[39m
 [32m✓[39m apps/web/src/api/client.test.ts [2m([22m[2m1 test[22m[2m)[22m[32m 7[2mms[22m[39m
 [32m✓[39m packages/shared/src/__tests__/data-classification.test.ts [2m([22m[2m7 tests[22m[2m)[22m[32m 5[2mms[22m[39m
 [32m✓[39m tests/security-scan-config.test.js [2m([22m[2m2 tests[22m[2m)[22m[32m 4[2mms[22m[39m
 [32m✓[39m tests/vitest-hermetic.test.ts [2m([22m[2m1 test[22m[2m)[22m[32m 4[2mms[22m[39m
 [32m✓[39m tests/contracts.test.ts [2m([22m[2m2 tests[22m[2m)[22m[32m 4[2mms[22m[39m
 [32m✓[39m tests/release-candidate-boundary.test.js [2m([22m[2m5 tests[22m[2m)[22m[32m 5[2mms[22m[39m
 [32m✓[39m packages/adapters/src/__tests__/fake-whatsapp-adapter.test.ts [2m([22m[2m2 tests[22m[2m)[22m[32m 6[2mms[22m[39m
 [32m✓[39m packages/agent-core/src/__tests__/internal-task.integration.test.ts [2m([22m[2m1 test[22m[2m)[22m[32m 6[2mms[22m[39m
 [32m✓[39m packages/harness/src/__tests__/context-engine.test.ts [2m([22m[2m4 tests[22m[2m)[22m[32m 7[2mms[22m[39m
 [32m✓[39m tests/rem21-010-postgres-proof.test.js [2m([22m[2m4 tests[22m[2m)[22m[32m 5[2mms[22m[39m
 [32m✓[39m packages/policy/src/__tests__/approval-state.integration.test.ts [2m([22m[2m1 test[22m[2m)[22m[32m 4[2mms[22m[39m
 [32m✓[39m packages/platform/src/__tests__/qualification.test.ts [2m([22m[2m3 tests[22m[2m)[22m[32m 6[2mms[22m[39m
 [32m✓[39m packages/platform/src/__tests__/handoff.test.ts [2m([22m[2m2 tests[22m[2m)[22m[32m 4[2mms[22m[39m
 [32m✓[39m tests/construction-readiness.test.js [2m([22m[2m4 tests[22m[2m)[22m[32m 5[2mms[22m[39m
 [32m✓[39m packages/shared/src/__tests__/auth-identity-mode.test.ts [2m([22m[2m3 tests[22m[2m)[22m[32m 5[2mms[22m[39m
 [32m✓[39m tests/rem21-011-observability-proof.test.js [2m([22m[2m3 tests[22m[2m)[22m[32m 5[2mms[22m[39m
 [32m✓[39m packages/policy/src/__tests__/policy-engine.test.ts [2m([22m[2m3 tests[22m[2m)[22m[32m 5[2mms[22m[39m

[2m Test Files [22m [1m[32m328 passed[39m[22m[90m (328)[39m
[2m      Tests [22m [1m[32m2481 passed[39m[22m[90m (2481)[39m
[2m   Start at [22m 03:27:42
[2m   Duration [22m 498.27s[2m (transform 6.20s, setup 0ms, import 65.61s, tests 165.28s, environment 202.84s)[22m

[34m % [39m[2mCoverage report from [22m[33mv8[39m
-------------------|---------|----------|---------|---------|-------------------
File               | % Stmts | % Branch | % Funcs | % Lines | Uncovered Line #s
-------------------|---------|----------|---------|---------|-------------------
All files          |    92.6 |    87.79 |   95.11 |   93.63 |
 apps/api/src      |   93.68 |       89 |   96.81 |   95.26 |
  ...e-boundary.ts |     100 |      100 |     100 |     100 |
  ...log-alerts.ts |     100 |    73.68 |     100 |     100 | 56,74-83
  ...t-boundary.ts |     100 |      100 |     100 |     100 |
  http-security.ts |   90.54 |    88.57 |     100 |   97.32 | ...12,293,308,478
  ...t-boundary.ts |     100 |      100 |     100 |     100 |
  ...omposition.ts |       0 |        0 |       0 |       0 |
  oidc-identity.ts |     100 |    95.45 |     100 |     100 | 32,87,126
  ...ransaction.ts |    92.3 |       90 |     100 |   94.25 | ...07,134,209,219
  ...e-postgres.ts |   86.95 |    88.46 |     100 |   86.36 | 32,52,64
  ...r-identity.ts |   92.74 |    93.64 |   96.77 |    95.4 | ...35,346-349,446
  ...ssion-hook.ts |   96.15 |    88.88 |     100 |     100 | 47,56
  ...n-postgres.ts |   66.66 |    58.62 |      90 |   74.46 | ...47,113,122-139
  ...-preflight.ts |   91.76 |       95 |     100 |      95 | 19,181,248,424
  ...or-session.ts |   81.81 |    71.79 |     100 |   91.48 | 41,56,60,96
  ...n-boundary.ts |     100 |     90.9 |     100 |     100 | 17
  rate-limit.ts    |   93.12 |    89.88 |     100 |    95.2 | ...08,139,156,170
  readiness.ts     |     100 |     87.5 |     100 |     100 | 105-117
  ...st-metrics.ts |     100 |      100 |     100 |     100 |
  ...orrelation.ts |     100 |      100 |     100 |     100 |
  server.ts        |   94.06 |    84.62 |   94.31 |   94.62 | ...5442,5462,5467
  ...up-failure.ts |      96 |       90 |     100 |      96 | 32
  ...-preflight.ts |   98.61 |    96.74 |   95.12 |   98.57 | 371,570,898
  ...k-security.ts |   95.79 |    94.79 |     100 |   97.34 | 92-93,435,552,585
 ...api/src/routes |     100 |      100 |     100 |     100 |
  approvals.ts     |     100 |      100 |     100 |     100 |
  audit.ts         |     100 |      100 |     100 |     100 |
  conversations.ts |     100 |      100 |     100 |     100 |
  health.ts        |     100 |      100 |     100 |     100 |
  tasks.ts         |     100 |      100 |     100 |     100 |
  webhooks.ts      |     100 |      100 |     100 |     100 |
 apps/worker/src   |   82.64 |     78.8 |    89.4 |   84.29 |
  ...ous-worker.ts |   87.74 |    83.85 |    91.3 |   89.45 | ...70,812,843,878
  ...led-worker.ts |      96 |    88.88 |     100 |   95.45 | 106
  health.ts        |     100 |    72.72 |     100 |     100 | 55-59,81
  ...log-worker.ts |   29.28 |    31.39 |   42.85 |   31.29 | 58,68,87,202-404
  ...omposition.ts |    87.5 |       70 |      90 |   88.23 | ...97,500,503,531
  ...ess-worker.ts |   87.37 |    83.94 |    90.9 |   90.32 | ...24,343,348,353
  ...tic-effect.ts |     100 |       80 |     100 |     100 | 57
  ...etic-agent.ts |   95.06 |    87.23 |   93.54 |      96 | 160,297-298
  ...controlled.ts |   94.28 |    89.13 |   94.44 |   94.23 | ...50-256,353,381
  ...-preflight.ts |   93.15 |    87.83 |     100 |   93.05 | ...68,290-293,301
  readiness.ts     |      90 |    81.81 |     100 |     100 | 38,58
  startup-error.ts |     100 |      100 |     100 |     100 |
  sweeps.ts        |   89.58 |    72.72 |     100 |   97.72 | 81
  ...ervability.ts |      95 |    93.33 |     100 |   94.44 | 87
  worker.ts        |   91.37 |    88.05 |     100 |   91.37 | ...01,114,122,131
 ...orker/src/jobs |     100 |    95.45 |     100 |     100 |
  ...agent-turn.ts |       0 |        0 |       0 |       0 |
  ...tbox-event.ts |     100 |    95.45 |     100 |     100 | 121
 ...tary-evals/src |   66.66 |      100 |   33.33 |   66.66 |
  index.ts         |       0 |        0 |       0 |       0 |
  ...al-dataset.ts |      50 |      100 |       0 |      50 | 490-491
  ...tary-evals.ts |     100 |      100 |     100 |     100 |
 ...y-journeys/src |   93.73 |     83.8 |   98.83 |   94.05 |
  api-routes.ts    |   96.52 |    83.87 |     100 |   96.52 | ...76,231,291,346
  index.ts         |       0 |        0 |       0 |       0 |
  ...repository.ts |   92.15 |    83.78 |   98.63 |   92.59 | ...66,773,809,837
 ...ry-profile/src |     100 |      100 |     100 |     100 |
  index.ts         |       0 |        0 |       0 |       0 |
  ...cy-profile.ts |     100 |      100 |     100 |     100 |
  preset.ts        |     100 |      100 |     100 |     100 |
 ...s/adapters/src |   90.38 |    88.11 |     100 |   90.09 |
  ...el-adapter.ts |       0 |        0 |       0 |       0 |
  ...d-delivery.ts |   92.85 |    83.78 |     100 |   92.72 | 145,155,164,173
  index.ts         |       0 |        0 |       0 |       0 |
  ...ion-events.ts |       0 |        0 |       0 |       0 |
  model-adapter.ts |   85.71 |    90.47 |     100 |   85.36 | ...62,145,157,169
  resilience.ts    |     100 |      100 |     100 |     100 |
 ...pters/src/fake |     100 |       50 |     100 |     100 |
  ...pp-adapter.ts |     100 |       50 |     100 |     100 | 19
 ...agent-core/src |   94.11 |    77.77 |     100 |   94.11 |
  ...nciliation.ts |   94.11 |    77.77 |     100 |   94.11 | 91
  index.ts         |       0 |        0 |       0 |       0 |
 .../src/agent-run |       0 |      100 |       0 |       0 |
  ...un-service.ts |       0 |      100 |       0 |       0 | 4-5
 ...core/src/audit |       0 |      100 |       0 |       0 |
  audit-hook.ts    |       0 |      100 |       0 |       0 | 8
 ...e/src/commands |   87.03 |    77.65 |    90.9 |   86.79 |
  ...ff-summary.ts |     100 |    77.27 |     100 |     100 | 22-26
  ...ernal-task.ts |     100 |      100 |     100 |     100 |
  ...shed-agent.ts |     100 |    94.73 |     100 |     100 | 103,118
  ...worker-job.ts |     100 |      100 |     100 |     100 |
  ...nd-message.ts |   70.83 |       60 |   66.66 |   70.83 | 124,139-156,185
  ...n-approval.ts |     100 |      100 |     100 |     100 |
  ...e-approval.ts |     100 |      100 |     100 |     100 |
  ...agent-turn.ts |     100 |       50 |     100 |     100 | 12-14
 ...re/src/queries |     100 |      100 |     100 |     100 |
  ...n-timeline.ts |     100 |      100 |     100 |     100 |
 ...re/src/session |     100 |      100 |     100 |     100 |
  ...on-manager.ts |     100 |      100 |     100 |     100 |
 ...gent-evals/src |    94.3 |    86.02 |   94.73 |   96.49 |
  agent.ts         |     100 |      100 |     100 |     100 |
  contracts.ts     |     100 |      100 |     100 |     100 |
  index.ts         |       0 |        0 |       0 |       0 |
  metrics.ts       |   93.61 |    70.96 |     100 |   97.56 | 50
  runner.ts        |    93.1 |    92.15 |   83.33 |   94.73 | 70,115,149
 ...s/src/datasets |     100 |      100 |     100 |     100 |
  core.ts          |     100 |      100 |     100 |     100 |
 ...nt-runtime/src |   97.12 |     95.2 |   97.56 |   97.56 |
  composition.ts   |      94 |    76.47 |     100 |   97.82 | 258
  contracts.ts     |     100 |      100 |     100 |     100 |
  ...ct-journal.ts |   98.45 |    98.79 |   95.45 |   99.57 | 842
  index.ts         |       0 |        0 |       0 |       0 |
  proposal.ts      |     100 |    96.15 |     100 |     100 | 135
  ...al-request.ts |   78.57 |     62.5 |     100 |   78.57 | 48-50
  ...t-identity.ts |     100 |      100 |     100 |     100 |
  ...t-recovery.ts |   92.85 |    92.54 |     100 |   92.85 | ...15,823,827-828
  ...on-context.ts |     100 |      100 |     100 |     100 |
  runtime.ts       |   99.09 |       98 |     100 |   99.28 | 429,1108-1112
 ...val-engine/src |   99.72 |    98.67 |     100 |   99.71 |
  authority.ts     |       0 |        0 |       0 |       0 |
  contracts.ts     |     100 |      100 |     100 |     100 |
  engine.ts        |    99.7 |    98.58 |     100 |   99.68 | 325
  index.ts         |       0 |        0 |       0 |       0 |
  store.ts         |     100 |      100 |     100 |     100 |
 ...el-gateway/src |   98.43 |    97.61 |    95.4 |     100 |
  contracts.ts     |     100 |      100 |     100 |     100 |
  ...urnal-file.ts |   98.12 |      100 |   90.32 |     100 |
  ...ct-journal.ts |    97.9 |    96.07 |     100 |     100 | 370,424,446,473
  errors.ts        |     100 |      100 |     100 |     100 |
  gateway.ts       |   99.07 |     96.2 |    90.9 |     100 | 96,273,385
  idempotency.ts   |     100 |      100 |     100 |     100 |
  index.ts         |       0 |        0 |       0 |       0 |
 ...y/src/adapters |   80.22 |    74.51 |   71.73 |   86.07 |
  chatwoot.ts      |   95.89 |    89.53 |     100 |   97.14 | 95,232
  evolution.ts     |   96.92 |    91.17 |     100 |   98.41 | 90
  fake.ts          |     100 |      100 |     100 |     100 |
  ssrf-node.ts     |   56.07 |       40 |      48 |   65.51 | ...31-142,153,166
 ...ages/chaos/src |   94.11 |    92.85 |   94.73 |   93.93 |
  faults.ts        |   94.11 |    92.85 |   94.73 |   93.93 | 121-122
  index.ts         |       0 |        0 |       0 |       0 |
 .../contracts/src |   77.46 |    74.62 |    87.5 |   76.81 |
  contracts.ts     |     100 |      100 |     100 |     100 |
  execution-v2.ts  |   77.14 |    74.62 |    87.5 |   76.47 | ...00,303,311,317
  index.ts         |       0 |        0 |       0 |       0 |
 ...nversation/src |   89.96 |    83.77 |   96.92 |    90.6 |
  ...n-language.ts |     100 |       75 |     100 |     100 | 25
  ...xt-adapter.ts |   91.66 |    66.66 |     100 |   91.66 | 58
  contracts.ts     |   90.24 |    76.92 |   92.85 |      90 | 883-886,987
  ...on-service.ts |   88.78 |    86.92 |     100 |   90.84 | ...1083,1086,1132
  copy.ts          |     100 |      100 |     100 |     100 |
  delivery.ts      |   88.75 |    86.44 |     100 |   88.15 | ...67,288-289,322
  ...ue-manager.ts |   83.22 |    74.33 |   91.66 |   83.97 | ...57,374,552,629
  handoff.ts       |   76.08 |    74.57 |   84.61 |    75.6 | ...35-137,146,152
  ...ess-bridge.ts |   76.81 |    77.41 |     100 |   81.25 | ...13-221,286,313
  index.ts         |       0 |        0 |       0 |       0 |
  interpreter.ts   |    92.9 |    72.28 |   93.61 |   92.51 | ...08,468,611,656
  memory-store.ts  |   81.81 |    79.14 |   91.17 |   82.96 | ...40,552,559,575
  ...gres-store.ts |   95.98 |    90.62 |     100 |   96.31 | ...7,411,888,1025
  profiles.ts      |   96.29 |    83.87 |     100 |   96.15 | 29
  recognition.ts   |     100 |      100 |     100 |     100 |
  ...e-composer.ts |   85.47 |    82.52 |     100 |   85.96 | ...87-288,325,333
  state.ts         |   97.64 |    93.37 |     100 |   97.65 | ...71-872,888,897
 ...es/harness/src |   90.77 |    84.97 |   95.89 |   91.66 |
  ...y-boundary.ts |   85.77 |     78.3 |   93.18 |   87.32 | ...11,544,611,631
  completion.ts    |   95.45 |    94.44 |     100 |     100 | 51-52,83,92,135
  ...ext-engine.ts |   91.54 |    80.85 |   93.33 |   91.17 | 272,275,310-320
  ...nalHarness.ts |     100 |    93.22 |     100 |     100 | 99-103,110,116
  ...ct-journal.ts |   82.55 |    80.59 |     100 |   85.18 | ...26-227,383-390
  ...tion-spine.ts |   95.98 |    90.95 |   96.49 |   96.52 | ...1343,1414,1449
  index.ts         |       0 |        0 |       0 |       0 |
  ...e-dispatch.ts |   84.58 |     75.1 |   76.92 |   84.79 | ...1037-1039,1054
  ...ve-runtime.ts |   92.32 |    85.58 |     100 |   93.69 | ...1381,1453,1486
  ...-detection.ts |     100 |      100 |     100 |     100 |
  runtime.ts       |   90.81 |    84.81 |   86.36 |   90.76 | ...,982,1034,1082
  step-store.ts    |   91.37 |    86.11 |     100 |   90.74 | 66,75,115,124,131
  trajectory.ts    |      80 |    83.33 |     100 |     100 | 20,30-31
 ...sts__/fixtures |    97.7 |    84.78 |   92.85 |   97.59 |
  ...3-fixtures.ts |    97.7 |    84.78 |   92.85 |   97.59 | 374,402
 ...ness/src/evals |   77.56 |    71.02 |      75 |    77.7 |
  loop-evals.ts    |   79.71 |    78.68 |    62.5 |      80 | ...81,389,395,403
  ...3-fixtures.ts |   75.86 |    60.86 |   82.14 |    75.9 | ...07,344-387,402
 ...el-gateway/src |   98.16 |    95.78 |   98.27 |   98.29 |
  budget.ts        |     100 |      100 |     100 |     100 |
  ...it-breaker.ts |   94.36 |    96.96 |   91.66 |   93.93 | 31-34
  contracts.ts     |     100 |      100 |     100 |     100 |
  errors.ts        |     100 |      100 |     100 |     100 |
  gateway.ts       |   97.93 |    90.74 |     100 |   98.52 | 230,421
  index.ts         |       0 |        0 |       0 |       0 |
  ...t-registry.ts |     100 |      100 |     100 |     100 |
  retry.ts         |     100 |      100 |     100 |     100 |
  router.ts        |     100 |     97.5 |     100 |     100 | 87
 .../src/providers |    85.6 |    80.57 |   79.54 |   89.87 |
  deterministic.ts |     100 |      100 |     100 |     100 |
  http-errors.ts   |     100 |      100 |     100 |     100 |
  ollama.ts        |     100 |    96.15 |     100 |     100 | 138,202
  ...compatible.ts |   98.33 |    98.33 |     100 |    98.3 | 225
  ssrf-node.ts     |   65.42 |    48.23 |      64 |   73.56 | ...31-142,155,166
 ...ervability/src |   89.38 |    80.16 |    88.5 |   92.53 |
  audit-ledger.ts  |   96.77 |    88.88 |     100 |   96.77 | 108
  index.ts         |       0 |        0 |       0 |       0 |
  operational.ts   |   79.03 |    70.29 |      75 |   85.71 | ...50,423,427,430
  otel.ts          |   91.22 |    81.25 |   92.85 |   96.22 | 54,82
  redaction.ts     |   97.14 |    89.28 |     100 |   96.55 | 54
  telemetry.ts     |   97.29 |    97.87 |     100 |   97.05 | 330-331
  trace-context.ts |   94.44 |    66.66 |   83.33 |   93.33 | 77
 ...chestrator/src |   90.21 |    84.05 |      95 |    91.2 |
  compatibility.ts |     100 |      100 |     100 |     100 |
  ...chestrator.ts |   87.71 |     77.5 |   88.88 |   89.28 | ...45,195,216-217
  index.ts         |       0 |        0 |       0 |       0 |
  scripted.ts      |    92.3 |     90.9 |     100 |    92.3 | 58,95
 ...es/persistence |       0 |        0 |       0 |       0 |
  ...zle.config.ts |       0 |        0 |       0 |       0 |
 ...ersistence/src |   95.48 |    88.96 |   96.48 |   96.09 |
  ...e-approval.ts |     100 |      100 |     100 |     100 |
  ...checkpoint.ts |     100 |      100 |     100 |     100 |
  db.ts            |     100 |      100 |     100 |     100 |
  index.ts         |       0 |        0 |       0 |       0 |
  ...al-adapter.ts |   72.72 |    66.66 |   63.15 |   74.64 | ...62-280,303-310
  ...migrations.ts |   86.31 |    72.72 |     100 |   87.09 | ...56,210,237-238
  ...ntent-hash.ts |     100 |       75 |     100 |     100 | 29
  outbox.ts        |    99.3 |    92.04 |     100 |     100 | ...,998,1046-1055
  restore.ts       |   99.53 |    90.62 |     100 |    99.5 | 384
  ...oval-store.ts |   98.46 |    93.82 |     100 |    99.2 | 692
  schema.ts        |       0 |        0 |       0 |       0 |
  ...ingerprint.ts |     100 |      100 |     100 |     100 |
  tenant-schema.ts |     100 |      100 |     100 |     100 |
 ...c/repositories |   99.06 |    95.25 |   98.11 |   99.34 |
  ...repository.ts |     100 |     93.1 |     100 |     100 | 63,95
  ...repository.ts |   98.07 |    95.68 |   96.96 |   98.97 | 219
  ...repository.ts |   99.31 |    95.68 |   97.72 |   99.27 | 459
  ...repository.ts |     100 |      100 |     100 |     100 |
  ...repository.ts |     100 |    93.33 |     100 |     100 | 60,79
 ...s/platform/src |   94.72 |    92.08 |   97.44 |   95.15 |
  ...-authority.ts |   96.62 |    97.64 |     100 |   98.68 | 194
  contracts.ts     |   95.76 |    87.75 |     100 |   95.68 | ...66,270,289,658
  ...lane-store.ts |   92.72 |     87.4 |   95.16 |   93.27 | ...1285-1290,1380
  ...ed-plugins.ts |     100 |    85.71 |     100 |     100 | 17
  ...led-preset.ts |     100 |      100 |     100 |     100 |
  ...-preflight.ts |   89.74 |    90.62 |   83.33 |   89.47 | 170-171,179-180
  event-bus.ts     |   98.87 |    98.66 |     100 |   98.82 | 230
  handoff.ts       |     100 |      100 |     100 |     100 |
  ids.ts           |     100 |      100 |     100 |     100 |
  index.ts         |       0 |        0 |       0 |       0 |
  ...l-provider.ts |     100 |      100 |     100 |     100 |
  output-policy.ts |      90 |    86.66 |     100 |   91.66 | 154,176,263,267
  ...in-gateway.ts |    96.2 |    92.71 |   97.43 |   96.88 | ...99,768,775,781
  ...-evaluator.ts |   95.83 |    96.87 |     100 |   95.65 | 60
  ...t-composer.ts |     100 |      100 |     100 |     100 |
  ...pt-profile.ts |   92.85 |     91.3 |     100 |   92.72 | 115,139,175,220
  qualification.ts |    92.5 |     92.5 |     100 |   91.17 | 48,106,121
  ...-candidate.ts |   97.29 |       96 |     100 |   97.22 | 132
  ...ion-ledger.ts |   98.68 |    96.87 |     100 |     100 | 204
  ...assessment.ts |   95.45 |    94.11 |     100 |   97.36 | 68
  ...-evaluator.ts |     100 |    88.88 |     100 |     100 | 34,43
  test-lab.ts      |   94.93 |    93.57 |     100 |   94.66 | ...53,859,892-896
  ...n-boundary.ts |   97.95 |    94.62 |     100 |   97.75 | 122,184
  ...governance.ts |   86.17 |    88.23 |   89.47 |   87.38 | ...32,440-442,446
 ...icy-engine/src |   99.51 |    96.34 |     100 |     100 |
  documents.ts     |     100 |      100 |     100 |     100 |
  engine.ts        |     100 |    99.07 |     100 |     100 | 346
  index.ts         |       0 |        0 |       0 |       0 |
  profile.ts       |   98.55 |    88.09 |     100 |     100 | ...50-269,319,323
  ...ce-profile.ts |     100 |      100 |     100 |     100 |
 ...ges/policy/src |     100 |      100 |     100 |     100 |
  index.ts         |       0 |        0 |       0 |       0 |
  policy-engine.ts |     100 |      100 |     100 |     100 |
  ...cy-version.ts |     100 |      100 |     100 |     100 |
 .../src/approvals |     100 |      100 |     100 |     100 |
  ...al-service.ts |     100 |      100 |     100 |     100 |
 ...icy/src/safety |     100 |      100 |     100 |     100 |
  ...boundaries.ts |     100 |      100 |     100 |     100 |
 packages/rag/src  |     100 |     93.1 |     100 |     100 |
  index.ts         |       0 |        0 |       0 |       0 |
  ...tional-rag.ts |     100 |     93.1 |     100 |     100 | 87
  ...rag-source.ts |     100 |      100 |     100 |     100 |
 ...ges/shared/src |   96.18 |    93.89 |   97.33 |   97.03 |
  ...governance.ts |   95.53 |    94.49 |     100 |   98.95 | 402
  auth.ts          |     100 |      100 |     100 |     100 |
  canonical.ts     |   97.91 |    96.77 |     100 |   97.72 | 112
  ...sification.ts |     100 |      100 |     100 |     100 |
  enums.ts         |     100 |      100 |     100 |     100 |
  env.ts           |     100 |    98.33 |     100 |     100 | 21
  envelope.ts      |     100 |      100 |     100 |     100 |
  errors.ts        |     100 |      100 |     100 |     100 |
  ids.ts           |     100 |       75 |     100 |     100 | 13-14
  index.ts         |       0 |        0 |       0 |       0 |
  lifecycle.ts     |    97.5 |    93.75 |     100 |     100 | 62
  observability.ts |     100 |      100 |     100 |     100 |
  pagination.ts    |     100 |      100 |     100 |     100 |
  ssrf.ts          |   93.58 |     91.7 |   88.88 |   92.81 | ...59,286,292,317
 ...ed/src/schemas |     100 |      100 |     100 |     100 |
  api.ts           |     100 |      100 |     100 |     100 |
  application.ts   |     100 |      100 |     100 |     100 |
-------------------|---------|----------|---------|---------|-------------------

> cvg-operational-harness@1.0.0 coverage:critical
> node scripts/critical-coverage.mjs

{
  "schemaVersion": 1,
  "kind": "aud20-coverage-report",
  "generatedAt": "2026-09-30T06:36:00.888Z",
  "source": "coverage/coverage-summary.json",
  "manifest": "scripts/critical-coverage-manifest.json",
  "global": {
    "thresholds": {
      "statements": 90,
      "lines": 90,
      "functions": 90,
      "branches": 85
    },
    "metrics": {
      "statements": {
        "total": 16057,
        "covered": 14869,
        "skipped": 0,
        "pct": 92.6
      },
      "lines": {
        "total": 15092,
        "covered": 14132,
        "skipped": 0,
        "pct": 93.64
      },
      "functions": {
        "total": 2969,
        "covered": 2824,
        "skipped": 0,
        "pct": 95.12
      },
      "branches": {
        "total": 13364,
        "covered": 11733,
        "skipped": 0,
        "pct": 87.8
      }
    },
    "pass": true,
    "failures": []
  },
  "critical": {
    "threshold": 95,
    "groups": [
      {
        "id": "kernel",
        "paths": [
          "packages/agent-runtime/src/runtime.ts",
          "packages/agent-runtime/src/runtime-effect-recovery.ts",
          "packages/agent-runtime/src/runtime-approval-request.ts",
          "packages/agent-runtime/src/runtime-effect-identity.ts",
          "packages/agent-runtime/src/runtime-execution-context.ts"
        ],
        "missing": [],
        "files": [
          {
            "path": "/tmp/cvg-up91-exec-20260930/repo/packages/agent-runtime/src/runtime.ts",
            "manifestPath": "packages/agent-runtime/src/runtime.ts",
            "metrics": {
              "statements": {
                "total": 444,
                "covered": 440,
                "skipped": 0,
                "pct": 99.1
              },
              "lines": {
                "total": 419,
                "covered": 416,
                "skipped": 0,
                "pct": 99.28
              },
              "functions": {
                "total": 22,
                "covered": 22,
                "skipped": 0,
                "pct": 100
              },
              "branches": {
                "total": 351,
                "covered": 344,
                "skipped": 0,
                "pct": 98.01
              }
            }
          },
          {
            "path": "/tmp/cvg-up91-exec-20260930/repo/packages/agent-runtime/src/runtime-effect-recovery.ts",
            "manifestPath": "packages/agent-runtime/src/runtime-effect-recovery.ts",
            "metrics": {
              "statements": {
                "total": 224,
                "covered": 208,
                "skipped": 0,
                "pct": 92.86
              },
              "lines": {
                "total": 224,
                "covered": 208,
                "skipped": 0,
                "pct": 92.86
              },
              "functions": {
                "total": 11,
                "covered": 11,
                "skipped": 0,
                "pct": 100
              },
              "branches": {
                "total": 161,
                "covered": 149,
                "skipped": 0,
                "pct": 92.55
              }
            }
          },
          {
            "path": "/tmp/cvg-up91-exec-20260930/repo/packages/agent-runtime/src/runtime-approval-request.ts",
            "manifestPath": "packages/agent-runtime/src/runtime-approval-request.ts",
            "metrics": {
              "statements": {
                "total": 14,
                "covered": 11,
                "skipped": 0,
                "pct": 78.57
              },
              "lines": {
                "total": 14,
                "covered": 11,
                "skipped": 0,
                "pct": 78.57
              },
              "functions": {
                "total": 1,
                "covered": 1,
                "skipped": 0,
                "pct": 100
              },
              "branches": {
                "total": 8,
                "covered": 5,
                "skipped": 0,
                "pct": 62.5
              }
            }
          },
          {
            "path": "/tmp/cvg-up91-exec-20260930/repo/packages/agent-runtime/src/runtime-effect-identity.ts",
            "manifestPath": "packages/agent-runtime/src/runtime-effect-identity.ts",
            "metrics": {
              "statements": {
                "total": 6,
                "covered": 6,
                "skipped": 0,
                "pct": 100
              },
              "lines": {
                "total": 6,
                "covered": 6,
                "skipped": 0,
                "pct": 100
              },
              "functions": {
                "total": 4,
                "covered": 4,
                "skipped": 0,
                "pct": 100
              },
              "branches": {
                "total": 6,
                "covered": 6,
                "skipped": 0,
                "pct": 100
              }
            }
          },
          {
            "path": "/tmp/cvg-up91-exec-20260930/repo/packages/agent-runtime/src/runtime-execution-context.ts",
            "manifestPath": "packages/agent-runtime/src/runtime-execution-context.ts",
            "metrics": {
              "statements": {
                "total": 1,
                "covered": 1,
                "skipped": 0,
                "pct": 100
              },
              "lines": {
                "total": 1,
                "covered": 1,
                "skipped": 0,
                "pct": 100
              },
              "functions": {
                "total": 0,
                "covered": 0,
                "skipped": 0,
                "pct": null
              },
              "branches": {
                "total": 0,
                "covered": 0,
                "skipped": 0,
                "pct": null
              }
            }
          }
        ],
        "metrics": {
          "statements": {
            "total": 689,
            "covered": 666,
            "pct": 96.66
          },
          "lines": {
            "total": 664,
            "covered": 642,
            "pct": 96.69
          },
          "functions": {
            "total": 38,
            "covered": 38,
            "pct": 100
          },
          "branches": {
            "total": 526,
            "covered": 504,
            "pct": 95.82
          }
        }
      },
      {
        "id": "approval",
        "paths": [
          "packages/approval-engine/src/engine.ts"
        ],
        "missing": [],
        "files": [
          {
            "path": "/tmp/cvg-up91-exec-20260930/repo/packages/approval-engine/src/engine.ts",
            "manifestPath": "packages/approval-engine/src/engine.ts",
            "metrics": {
              "statements": {
                "total": 336,
                "covered": 335,
                "skipped": 0,
                "pct": 99.7
              },
              "lines": {
                "total": 317,
                "covered": 316,
                "skipped": 0,
                "pct": 99.68
              },
              "functions": {
                "total": 55,
                "covered": 55,
                "skipped": 0,
                "pct": 100
              },
              "branches": {
                "total": 354,
                "covered": 349,
                "skipped": 0,
                "pct": 98.59
              }
            }
          }
        ],
        "metrics": {
          "statements": {
            "total": 336,
            "covered": 335,
            "pct": 99.7
          },
          "lines": {
            "total": 317,
            "covered": 316,
            "pct": 99.68
          },
          "functions": {
            "total": 55,
            "covered": 55,
            "pct": 100
          },
          "branches": {
            "total": 354,
            "covered": 349,
            "pct": 98.59
          }
        }
      },
      {
        "id": "policy",
        "paths": [
          "packages/policy-engine/src/engine.ts"
        ],
        "missing": [],
        "files": [
          {
            "path": "/tmp/cvg-up91-exec-20260930/repo/packages/policy-engine/src/engine.ts",
            "manifestPath": "packages/policy-engine/src/engine.ts",
            "metrics": {
              "statements": {
                "total": 99,
                "covered": 99,
                "skipped": 0,
                "pct": 100
              },
              "lines": {
                "total": 93,
                "covered": 93,
                "skipped": 0,
                "pct": 100
              },
              "functions": {
                "total": 13,
                "covered": 13,
                "skipped": 0,
                "pct": 100
              },
              "branches": {
                "total": 108,
                "covered": 107,
                "skipped": 0,
                "pct": 99.07
              }
            }
          }
        ],
        "metrics": {
          "statements": {
            "total": 99,
            "covered": 99,
            "pct": 100
          },
          "lines": {
            "total": 93,
            "covered": 93,
            "pct": 100
          },
          "functions": {
            "total": 13,
            "covered": 13,
            "pct": 100
          },
          "branches": {
            "total": 108,
            "covered": 107,
            "pct": 99.07
          }
        }
      },
      {
        "id": "journal",
        "paths": [
          "packages/agent-runtime/src/effect-journal.ts",
          "packages/channel-gateway/src/effect-journal.ts"
        ],
        "missing": [],
        "files": [
          {
            "path": "/tmp/cvg-up91-exec-20260930/repo/packages/agent-runtime/src/effect-journal.ts",
            "manifestPath": "packages/agent-runtime/src/effect-journal.ts",
            "metrics": {
              "statements": {
                "total": 259,
                "covered": 255,
                "skipped": 0,
                "pct": 98.46
              },
              "lines": {
                "total": 234,
                "covered": 233,
                "skipped": 0,
                "pct": 99.57
              },
              "functions": {
                "total": 66,
                "covered": 63,
                "skipped": 0,
                "pct": 95.45
              },
              "branches": {
                "total": 166,
                "covered": 164,
                "skipped": 0,
                "pct": 98.8
              }
            }
          },
          {
            "path": "/tmp/cvg-up91-exec-20260930/repo/packages/channel-gateway/src/effect-journal.ts",
            "manifestPath": "packages/channel-gateway/src/effect-journal.ts",
            "metrics": {
              "statements": {
                "total": 143,
                "covered": 140,
                "skipped": 0,
                "pct": 97.9
              },
              "lines": {
                "total": 131,
                "covered": 131,
                "skipped": 0,
                "pct": 100
              },
              "functions": {
                "total": 34,
                "covered": 34,
                "skipped": 0,
                "pct": 100
              },
              "branches": {
                "total": 102,
                "covered": 98,
                "skipped": 0,
                "pct": 96.08
              }
            }
          }
        ],
        "metrics": {
          "statements": {
            "total": 402,
            "covered": 395,
            "pct": 98.26
          },
          "lines": {
            "total": 365,
            "covered": 364,
            "pct": 99.73
          },
          "functions": {
            "total": 100,
            "covered": 97,
            "pct": 97
          },
          "branches": {
            "total": 268,
            "covered": 262,
            "pct": 97.76
          }
        }
      },
      {
        "id": "channel",
        "paths": [
          "packages/channel-gateway/src/adapters/chatwoot.ts",
          "packages/channel-gateway/src/adapters/evolution.ts",
          "packages/channel-gateway/src/adapters/fake.ts",
          "packages/channel-gateway/src/contracts.ts",
          "packages/channel-gateway/src/effect-journal-file.ts",
          "packages/channel-gateway/src/errors.ts",
          "packages/channel-gateway/src/gateway.ts",
          "packages/channel-gateway/src/idempotency.ts"
        ],
        "missing": [],
        "files": [
          {
            "path": "/tmp/cvg-up91-exec-20260930/repo/packages/channel-gateway/src/adapters/chatwoot.ts",
            "manifestPath": "packages/channel-gateway/src/adapters/chatwoot.ts",
            "metrics": {
              "statements": {
                "total": 73,
                "covered": 70,
                "skipped": 0,
                "pct": 95.89
              },
              "lines": {
                "total": 70,
                "covered": 68,
                "skipped": 0,
                "pct": 97.14
              },
              "functions": {
                "total": 8,
                "covered": 8,
                "skipped": 0,
                "pct": 100
              },
              "branches": {
                "total": 86,
                "covered": 77,
                "skipped": 0,
                "pct": 89.53
              }
            }
          },
          {
            "path": "/tmp/cvg-up91-exec-20260930/repo/packages/channel-gateway/src/adapters/evolution.ts",
            "manifestPath": "packages/channel-gateway/src/adapters/evolution.ts",
            "metrics": {
              "statements": {
                "total": 65,
                "covered": 63,
                "skipped": 0,
                "pct": 96.92
              },
              "lines": {
                "total": 63,
                "covered": 62,
                "skipped": 0,
                "pct": 98.41
              },
              "functions": {
                "total": 7,
                "covered": 7,
                "skipped": 0,
                "pct": 100
              },
              "branches": {
                "total": 68,
                "covered": 62,
                "skipped": 0,
                "pct": 91.18
              }
            }
          },
          {
            "path": "/tmp/cvg-up91-exec-20260930/repo/packages/channel-gateway/src/adapters/fake.ts",
            "manifestPath": "packages/channel-gateway/src/adapters/fake.ts",
            "metrics": {
              "statements": {
                "total": 18,
                "covered": 18,
                "skipped": 0,
                "pct": 100
              },
              "lines": {
                "total": 17,
                "covered": 17,
                "skipped": 0,
                "pct": 100
              },
              "functions": {
                "total": 6,
                "covered": 6,
                "skipped": 0,
                "pct": 100
              },
              "branches": {
                "total": 20,
                "covered": 20,
                "skipped": 0,
                "pct": 100
              }
            }
          },
          {
            "path": "/tmp/cvg-up91-exec-20260930/repo/packages/channel-gateway/src/contracts.ts",
            "manifestPath": "packages/channel-gateway/src/contracts.ts",
            "metrics": {
              "statements": {
                "total": 6,
                "covered": 6,
                "skipped": 0,
                "pct": 100
              },
              "lines": {
                "total": 6,
                "covered": 6,
                "skipped": 0,
                "pct": 100
              },
              "functions": {
                "total": 1,
                "covered": 1,
                "skipped": 0,
                "pct": 100
              },
              "branches": {
                "total": 0,
                "covered": 0,
                "skipped": 0,
                "pct": null
              }
            }
          },
          {
            "path": "/tmp/cvg-up91-exec-20260930/repo/packages/channel-gateway/src/effect-journal-file.ts",
            "manifestPath": "packages/channel-gateway/src/effect-journal-file.ts",
            "metrics": {
              "statements": {
                "total": 160,
                "covered": 157,
                "skipped": 0,
                "pct": 98.13
              },
              "lines": {
                "total": 141,
                "covered": 141,
                "skipped": 0,
                "pct": 100
              },
              "functions": {
                "total": 31,
                "covered": 28,
                "skipped": 0,
                "pct": 90.32
              },
              "branches": {
                "total": 92,
                "covered": 92,
                "skipped": 0,
                "pct": 100
              }
            }
          },
          {
            "path": "/tmp/cvg-up91-exec-20260930/repo/packages/channel-gateway/src/errors.ts",
            "manifestPath": "packages/channel-gateway/src/errors.ts",
            "metrics": {
              "statements": {
                "total": 6,
                "covered": 6,
                "skipped": 0,
                "pct": 100
              },
              "lines": {
                "total": 6,
                "covered": 6,
                "skipped": 0,
                "pct": 100
              },
              "functions": {
                "total": 1,
                "covered": 1,
                "skipped": 0,
                "pct": 100
              },
              "branches": {
                "total": 4,
                "covered": 4,
                "skipped": 0,
                "pct": 100
              }
            }
          },
          {
            "path": "/tmp/cvg-up91-exec-20260930/repo/packages/channel-gateway/src/gateway.ts",
            "manifestPath": "packages/channel-gateway/src/gateway.ts",
            "metrics": {
              "statements": {
                "total": 108,
                "covered": 107,
                "skipped": 0,
                "pct": 99.07
              },
              "lines": {
                "total": 105,
                "covered": 105,
                "skipped": 0,
                "pct": 100
              },
              "functions": {
                "total": 11,
                "covered": 10,
                "skipped": 0,
                "pct": 90.91
              },
              "branches": {
                "total": 79,
                "covered": 76,
                "skipped": 0,
                "pct": 96.2
              }
            }
          },
          {
            "path": "/tmp/cvg-up91-exec-20260930/repo/packages/channel-gateway/src/idempotency.ts",
            "manifestPath": "packages/channel-gateway/src/idempotency.ts",
            "metrics": {
              "statements": {
                "total": 23,
                "covered": 23,
                "skipped": 0,
                "pct": 100
              },
              "lines": {
                "total": 19,
                "covered": 19,
                "skipped": 0,
                "pct": 100
              },
              "functions": {
                "total": 9,
                "covered": 9,
                "skipped": 0,
                "pct": 100
              },
              "branches": {
                "total": 16,
                "covered": 16,
                "skipped": 0,
                "pct": 100
              }
            }
          }
        ],
        "metrics": {
          "statements": {
            "total": 459,
            "covered": 450,
            "pct": 98.04
          },
          "lines": {
            "total": 427,
            "covered": 424,
            "pct": 99.3
          },
          "functions": {
            "total": 74,
            "covered": 70,
            "pct": 94.59
          },
          "branches": {
            "total": 365,
            "covered": 347,
            "pct": 95.07
          }
        }
      },
      {
        "id": "rls",
        "paths": [
          "apps/api/src/tenant-preflight.ts",
          "packages/persistence/src/tenant-schema.ts"
        ],
        "missing": [],
        "files": [
          {
            "path": "/tmp/cvg-up91-exec-20260930/repo/apps/api/src/tenant-preflight.ts",
            "manifestPath": "apps/api/src/tenant-preflight.ts",
            "metrics": {
              "statements": {
                "total": 216,
                "covered": 213,
                "skipped": 0,
                "pct": 98.61
              },
              "lines": {
                "total": 210,
                "covered": 207,
                "skipped": 0,
                "pct": 98.57
              },
              "functions": {
                "total": 41,
                "covered": 39,
                "skipped": 0,
                "pct": 95.12
              },
              "branches": {
                "total": 246,
                "covered": 238,
                "skipped": 0,
                "pct": 96.75
              }
            }
          },
          {
            "path": "/tmp/cvg-up91-exec-20260930/repo/packages/persistence/src/tenant-schema.ts",
            "manifestPath": "packages/persistence/src/tenant-schema.ts",
            "metrics": {
              "statements": {
                "total": 7,
                "covered": 7,
                "skipped": 0,
                "pct": 100
              },
              "lines": {
                "total": 6,
                "covered": 6,
                "skipped": 0,
                "pct": 100
              },
              "functions": {
                "total": 4,
                "covered": 4,
                "skipped": 0,
                "pct": 100
              },
              "branches": {
                "total": 1,
                "covered": 1,
                "skipped": 0,
                "pct": 100
              }
            }
          }
        ],
        "metrics": {
          "statements": {
            "total": 223,
            "covered": 220,
            "pct": 98.65
          },
          "lines": {
            "total": 216,
            "covered": 213,
            "pct": 98.61
          },
          "functions": {
            "total": 45,
            "covered": 43,
            "pct": 95.56
          },
          "branches": {
            "total": 247,
            "covered": 239,
            "pct": 96.76
          }
        }
      }
    ],
    "pass": true,
    "failures": []
  },
  "verdict": "PASS",
  "failures": []
}

> cvg-operational-harness@1.0.0 mutation:guard
> node scripts/mutation-guard.mjs

{
  "schemaVersion": 2,
  "kind": "aud21-risk-mutation-guard",
  "contract": "rem21-013-v1",
  "generatedAt": "2026-09-30T06:36:01.139Z",
  "nodeVersion": "22.23.2",
  "runId": "run-d16b83eec6ac-munpsn94",
  "candidateId": "d16b83eec6ac1f31c45c63398f90fac8f0906a476bcc3e4bb805e2ba697e32e9",
  "manifestSha256": "9094222b8683694a8147386d4e55bd25dd5a4143c561e2de69e5f2ee86d7e772",
  "domains": [
    "approval",
    "coverage",
    "identity",
    "persistence",
    "policy",
    "rate-limiter",
    "replay",
    "ssrf"
  ],
  "selected": 10,
  "killed": 10,
  "survived": 0,
  "timedOut": 0,
  "errors": 0,
  "mutations": [
    {
      "id": "global-threshold-inclusive-boundary",
      "domain": "coverage",
      "mode": "driver",
      "source": "scripts/lib/coverage-gate.mjs",
      "sourceSha256": "6646c80f18edf5c482c85db686c9e6878d1a95efd0401f0a4b7672279aa82014",
      "from": "value < threshold",
      "to": "value <= threshold",
      "testFiles": [],
      "budgetMs": 120000,
      "durationMs": 24,
      "status": "KILLED",
      "exitCode": 1,
      "signal": null,
      "output": ""
    },
    {
      "id": "critical-threshold-inclusive-boundary",
      "domain": "coverage",
      "mode": "driver",
      "source": "scripts/lib/coverage-gate.mjs",
      "sourceSha256": "6646c80f18edf5c482c85db686c9e6878d1a95efd0401f0a4b7672279aa82014",
      "from": "branchPct < threshold",
      "to": "branchPct <= threshold",
      "testFiles": [],
      "budgetMs": 120000,
      "durationMs": 25,
      "status": "KILLED",
      "exitCode": 1,
      "signal": null,
      "output": ""
    },
    {
      "id": "coverage-weighted-denominator",
      "domain": "coverage",
      "mode": "driver",
      "source": "scripts/lib/coverage-gate.mjs",
      "sourceSha256": "6646c80f18edf5c482c85db686c9e6878d1a95efd0401f0a4b7672279aa82014",
      "from": "(dimension.covered / dimension.total) * 100",
      "to": "(dimension.covered / dimension.covered) * 100",
      "testFiles": [],
      "budgetMs": 120000,
      "durationMs": 24,
      "status": "KILLED",
      "exitCode": 1,
      "signal": null,
      "output": ""
    },
    {
      "id": "identity-expiry-inclusive-boundary",
      "domain": "identity",
      "mode": "vitest",
      "source": "apps/api/src/operator-identity.ts",
      "sourceSha256": "dc66e441757b83871be6b09e329fa3053c1fc4c249b9b1484d512782fceb46c4",
      "from": "claims.exp <= currentTime",
      "to": "claims.exp < currentTime",
      "testFiles": [
        "apps/api/src/__tests__/trusted-operator-identity.test.ts"
      ],
      "budgetMs": 120000,
      "durationMs": 1134,
      "status": "KILLED",
      "exitCode": 1,
      "signal": null,
      "output": "\u001b[1m\u001b[30m\u001b[46m RUN \u001b[49m\u001b[39m\u001b[22m \u001b[36mv4.1.11 \u001b[39m\u001b[90m/tmp/rem21-013-mutation-K0rDIB\u001b[39m\n\n\u001b[33m\u001b[39m\u001b[32m·\u001b[39m\u001b[33m\u001b[39m\u001b[32m·\u001b[39m\u001b[33m\u001b[39m\u001b[32m·\u001b[39m\u001b[33m\u001b[39m\u001b[32m·\u001b[39m\u001b[33m\u001b[39m\u001b[32m·\u001b[39m\u001b[33m\u001b[39m\u001b[32m·\u001b[39m\u001b[33m\u001b[39m\u001b[32m·\u001b[39m\u001b[33m\u001b[39m\u001b[32m·\u001b[39m\u001b[33m\u001b[39m\u001b[32m·\u001b[39m\u001b[33m\u001b[39m\u001b[32m·\u001b[39m\u001b[33m\u001b[39m\u001b[31mx\u001b[39m\u001b[33m\u001b[39m\u001b[32m·\u001b[39m\u001b[33m\u001b[39m\u001b[32m·\u001b[39m\n\n\u001b[2m Test Files \u001b[22m \u001b[1m\u001b[31m1 failed\u001b[39m\u001b[22m\u001b[90m (1)\u001b[39m\n\u001b[2m      Tests \u001b[22m \u001b[1m\u001b[31m1 failed\u001b[39m\u001b[22m\u001b[2m | \u001b[22m\u001b[1m\u001b[32m12 passed\u001b[39m\u001b[22m\u001b[90m (13)\u001b[39m\n\u001b[2m   Start at \u001b[22m 03:36:01\n\u001b[2m   Duration \u001b[22m 830ms\u001b[2m (transform 107ms, setup 0ms, import 169ms, tests 21ms, environment 533ms)\u001b[22m\n\n\n\n\u001b[31m⎯⎯⎯⎯⎯⎯⎯\u001b[39m\u001b[1m\u001b[41m Failed Tests 1 \u001b[49m\u001b[22m\u001b[31m⎯⎯⎯⎯⎯⎯⎯\u001b[39m\n\n\u001b[41m\u001b[1m FAIL \u001b[22m\u001b[49m apps/api/src/__tests__/trusted-operator-identity.test.ts\u001b[2m > \u001b[22mtrusted operator identity tokens\u001b[2m > \u001b[22mrejects a token whose expiration is exactly the current second\n\u001b[31m\u001b[1mAssertionError\u001b[22m: expected [Function] to throw an error\u001b[39m\n\n\u001b[32m- Expected:\u001b[39m\nnull\n\n\u001b[31m+ Received:\u001b[39m\nundefined\n\n\u001b[36m \u001b[2m❯\u001b[22m apps/api/src/__tests__/trusted-operator-identity.test.ts:\u001b[2m338:7\u001b[22m\u001b[39m\n    \u001b[90m336|\u001b[39m         )\n    \u001b[90m337|\u001b[39m       })\n    \u001b[90m338|\u001b[39m     )\u001b[33m.\u001b[39m\u001b[34mtoThrow\u001b[39m(\u001b[36m/expired or not active/\u001b[39m)\n    \u001b[90m   |\u001b[39m       \u001b[31m^\u001b[39m\n    \u001b[90m339|\u001b[39m   })\n    \u001b[90m340|\u001b[39m\n\n\u001b[31m\u001b[2m⎯⎯⎯⎯⎯⎯⎯⎯⎯⎯⎯⎯⎯⎯⎯⎯⎯⎯⎯⎯⎯⎯⎯⎯[1/1]⎯\u001b[22m\u001b[39m"
    },
    {
      "id": "replay-cache-membership",
      "domain": "replay",
      "mode": "vitest",
      "source": "apps/api/src/operator-identity.ts",
      "sourceSha256": "dc66e441757b83871be6b09e329fa3053c1fc4c249b9b1484d512782fceb46c4",
      "from": "replayedTokenIds.has(claims.jti)",
      "to": "!replayedTokenIds.has(claims.jti)",
      "testFiles": [
        "apps/api/src/__tests__/trusted-operator-identity.test.ts"
      ],
      "budgetMs": 120000,
      "durationMs": 1130,
      "status": "KILLED",
      "exitCode": 1,
      "signal": null,
      "output": "\u001b[1m\u001b[30m\u001b[46m RUN \u001b[49m\u001b[39m\u001b[22m \u001b[36mv4.1.11 \u001b[39m\u001b[90m/tmp/rem21-013-mutation-K0rDIB\u001b[39m\n\n\u001b[33m\u001b[39m\u001b[31mx\u001b[39m\u001b[33m\u001b[39m\u001b[31mx\u001b[39m\u001b[33m\u001b[39m\u001b[31mx\u001b[39m\u001b[33m\u001b[39m\u001b[31mx\u001b[39m\u001b[33m\u001b[39m\u001b[31mx\u001b[39m\u001b[33m\u001b[39m\u001b[32m·\u001b[39m\u001b[33m\u001b[39m\u001b[32m·\u001b[39m\u001b[33m\u001b[39m\u001b[32m·\u001b[39m\u001b[33m\u001b[39m\u001b[32m·\u001b[39m\u001b[33m\u001b[39m\u001b[32m·\u001b[39m\u001b[33m\u001b[39m\u001b[32m·\u001b[39m\u001b[33m\u001b[39m\u001b[31mx\u001b[39m\u001b[33m\u001b[39m\u001b[31mx\u001b[39m\n\n\u001b[2m Test Files \u001b[22m \u001b[1m\u001b[31m1 failed\u001b[39m\u001b[22m\u001b[90m (1)\u001b[39m\n\u001b[2m      Tests \u001b[22m \u001b[1m\u001b[31m7 failed\u001b[39m\u001b[22m\u001b[2m | \u001b[22m\u001b[1m\u001b[32m6 passed\u001b[39m\u001b[22m\u001b[90m (13)\u001b[39m\n\u001b[2m   Start at \u001b[22m 03:36:02\n\u001b[2m   Duration \u001b[22m 829ms\u001b[2m (transform 100ms, setup 0ms, import 162ms, tests 19ms, environment 534ms)\u001b[22m\n\n\n\n\u001b[31m⎯⎯⎯⎯⎯⎯⎯\u001b[39m\u001b[1m\u001b[41m Failed Tests 7 \u001b[49m\u001b[22m\u001b[31m⎯⎯⎯⎯⎯⎯⎯\u001b[39m\n\n\u001b[41m\u001b[1m FAIL \u001b[22m\u001b[49m apps/api/src/__tests__/trusted-operator-identity.test.ts\u001b[2m > \u001b[22mtrusted operator identity tokens\u001b[2m > \u001b[22mcreates and resolves a tenant-bound identity token\n\u001b[31m\u001b[1mError\u001b[22m: Trusted operator token replay detected\u001b[39m\n\u001b[36m \u001b[2m❯\u001b[22m apps/api/src/operator-identity.ts:\u001b[2m174:13\u001b[22m\u001b[39m\n    \u001b[90m172|\u001b[39m     \u001b[34mpruneReplayedTokenIds\u001b[39m(replayedTokenIds\u001b[33m,\u001b[39m currentTime)\n    \u001b[90m173|\u001b[39m     \u001b[35mif\u001b[39m (\u001b[33m!\u001b[39mreplayedTokenIds\u001b[33m.\u001b[39m\u001b[34mhas\u001b[39m(claims\u001b[33m.\u001b[39mjti)) {\n    \u001b[90m174|\u001b[39m       \u001b[35mthrow\u001b[39m \u001b[35mnew\u001b[39m \u001b[33mError\u001b[39m(\u001b[32m'Trusted operator token replay detected'\u001b[39m)\n    \u001b[90m   |\u001b[39m             \u001b[31m^\u001b[39m\n    \u001b[90m175|\u001b[39m     }\n    \u001b[90m176|\u001b[39m     \u001b[35mif\u001b[39m (replayedTokenIds\u001b[33m.\u001b[39msize \u001b[33m>=\u001b[39m replayCacheSize) {\n\u001b[90m \u001b[2m❯\u001b[22m apps/api/src/__tests__/trusted-operator-identity.test.ts:\u001b[2m63:12\u001b[22m\u001b[39m\n\n\u001b[31m\u001b[2m⎯⎯⎯⎯⎯⎯⎯⎯⎯⎯⎯⎯⎯⎯⎯⎯⎯⎯⎯⎯⎯⎯⎯⎯[1/7]⎯\u001b[22m\u001b[39m\n\n\u001b[41m\u001b[1m FAIL \u001b[22m\u001b[49m apps/api/src/__tests__/trusted-operator-identity.test.ts\u001b[2m > \u001b[22mtrusted operator identity tokens\u001b[2m > \u001b[22muses default resolver windows and accepts a token created with default lifetime\n\u001b[31m\u001b[1mError\u001b[22m: Trusted operator token replay detected\u001b[39m\n\u001b[36m \u001b[2m❯\u001b[22m apps/api/src/operator-identity.ts:\u001b[2m174:13\u001b[22m\u001b[39m\n    \u001b[90m172|\u001b[39m     \u001b[34mpruneReplayedTokenIds\u001b[39m(replayedTokenIds\u001b[33m,\u001b[39m currentTime)\n    \u001b[90m173|\u001b[39m     \u001b[35mif\u001b[39m (\u001b[33m!\u001b[39mreplayedTokenIds\u001b[33m.\u001b[39m\u001b[34mhas\u001b[39m(claims\u001b[33m.\u001b[39mjti)) {\n    \u001b[90m174|\u001b[39m       \u001b[35mthrow\u001b[39m \u001b[35mnew\u001b[39m \u001b[33mError\u001b[39m(\u001b[32m'Trusted operator token replay detected'\u001b[39m)\n    \u001b[90m   |\u001b[39m             \u001b[31m^\u001b[39m\n    \u001b[90m175|\u001b[39m     }\n    \u001b[90m176|\u001b[39m     \u001b[35mif\u001b[39m (replayedTokenIds\u001b[33m.\u001b[39msize \u001b[33m>=\u001b[39m replayCacheSize) {\n\u001b[90m \u001b[2m❯\u001b[22m apps/api/src/__tests__/trusted-operator-identity.test.ts:\u001b[2m77:12\u001b[22m\u001b[39m\n\n\u001b[31m\u001b[2m⎯⎯⎯⎯⎯⎯⎯⎯⎯⎯⎯⎯⎯⎯⎯⎯⎯⎯⎯⎯⎯⎯⎯⎯[2/7]⎯\u001b[22m\u001b[39m\n\n\u001b[41m\u001b[1m FAIL \u001b[22m\u001b[49m apps/api/src/__tests__/trusted-operator-identity.test.ts\u001b[2m > \u001b[22mtrusted operator identity tokens\u001b[2m > \u001b[22maccepts the previous secret only during an explicit rotation window\n\u001b[31m\u001b[1mError\u001b[22m: Trusted operator token replay detected\u001b[39m\n\u001b[36m \u001b[2m❯\u001b[22m apps/api/src/operator-identity.ts:\u001b[2m174:13\u001b[22m\u001b[39m\n    \u001b[90m172|\u001b[39m     \u001b[34mpruneReplayedTokenIds\u001b[39m(replayedTokenIds\u001b[33m,\u001b[39m currentTime)\n    \u001b[90m173|\u001b[39m     \u001b[35mif\u001b[39m (\u001b[33m!\u001b[39mreplayedTokenIds\u001b[33m.\u001b[39m\u001b[34mhas\u001b[39m(claims\u001b[33m.\u001b[39mjti)) {\n    \u001b[90m174|\u001b[39m       \u001b[35mthrow\u001b[39m \u001b[35mnew\u001b[39m \u001b[33mError\u001b[39m(\u001b[32m'Trusted operator token replay detected'\u001b[39m)\n    \u001b[90m   |\u001b[39m             \u001b[31m^\u001b[39m\n    \u001b[90m175|\u001b[39m     }\n    \u001b[90m176|\u001b[39m     \u001b[35mif\u001b[39m (replayedTokenIds\u001b[33m.\u001b[39msize \u001b[33m>=\u001b[39m replayCacheSize) {\n\u001b[90m \u001b[2m❯\u001b[22m apps/api/src/__tests__/trusted-operator-identity.test.ts:\u001b[2m92:12\u001b[22m\u001b[39m\n\n\u001b[31m\u001b[2m⎯⎯⎯⎯⎯⎯⎯⎯⎯⎯⎯⎯⎯⎯⎯⎯⎯⎯⎯⎯⎯⎯⎯⎯[3/7]⎯\u001b[22m\u001b[39m\n\n\u001b[41m\u001b[1m FAIL \u001b[22m\u001b[49m apps/api/src/__tests__/trusted-operator-identity.test.ts\u001b[2m > \u001b[22mtrusted operator identity tokens\u001b[2m > \u001b[22mrejects a replayed token while accepting a distinct token ID\n\u001b[31m\u001b[1mError\u001b[22m: Trusted operator token replay detected\u001b[39m\n\u001b[36m \u001b[2m❯\u001b[22m apps/api/src/operator-identity.ts:\u001b[2m174:13\u001b[22m\u001b[39m\n    \u001b[90m172|\u001b[39m     \u001b[34mpruneReplayedTokenIds\u001b[39m(replayedTokenIds\u001b[33m,\u001b[39m currentTime)\n    \u001b[90m173|\u001b[39m     \u001b[35mif\u001b[39m (\u001b[33m!\u001b[39mreplayedTokenIds\u001b[33m.\u001b[39m\u001b[34mhas\u001b[39m(claims\u001b[33m.\u001b[39mjti)) {\n    \u001b[90m174|\u001b[39m       \u001b[35mthrow\u001b[39m \u001b[35mnew\u001b[39m \u001b[33mError\u001b[39m(\u001b[32m'Trusted operator token replay detected'\u001b[39m)\n    \u001b[90m   |\u001b[39m             \u001b[31m^\u001b[39m\n    \u001b[90m175|\u001b[39m     }\n    \u001b[90m176|\u001b[39m     \u001b[35mif\u001b[39m (replayedTokenIds\u001b[33m.\u001b[39msize \u001b[33m>=\u001b[39m replayCacheSize) {\n\u001b[90m \u001b[2m❯\u001b[22m apps/api/src/__tests__/trusted-operator-identity.test.ts:\u001b[2m109:12\u001b[22m\u001b[39m\n\n\u001b[31m\u001b[2m⎯⎯⎯⎯⎯⎯⎯⎯⎯⎯⎯⎯⎯⎯⎯⎯⎯⎯⎯⎯⎯⎯⎯⎯[4/7]⎯\u001b[22m\u001b[39m\n\n\u001b[41m\u001b[1m FAIL \u001b[22m\u001b[49m apps/api/src/__tests__/trusted-operator-identity.test.ts\u001b[2m > \u001b[22mtrusted operator identity tokens\u001b[2m > \u001b[22mexpires replay entries and fails closed when the bounded cache is full\n\u001b[31m\u001b[1mError\u001b[22m: Trusted operator token replay detected\u001b[39m\n\u001b[36m \u001b[2m❯\u001b[22m apps/api/src/operator-identity.ts:\u001b[2m174:13\u001b[22m\u001b[39m\n    \u001b[90m172|\u001b[39m     \u001b[34mpruneReplayedTokenIds\u001b[39m(replayedTokenIds\u001b[33m,\u001b[39m currentTime)\n    \u001b[90m173|\u001b[39m     \u001b[35mif\u001b[39m (\u001b[33m!\u001b[39mreplayedTokenIds\u001b[33m.\u001b[39m\u001b[34mhas\u001b[39m(claims\u001b[33m.\u001b[39mjti)) {\n    \u001b[90m174|\u001b[39m       \u001b[35mthrow\u001b[39m \u001b[35mnew\u001b[39m \u001b[33mError\u001b[39m(\u001b[32m'Trusted operator token replay detected'\u001b[39m)\n    \u001b[90m   |\u001b[39m             \u001b[31m^\u001b[39m\n    \u001b[90m175|\u001b[39m     }\n    \u001b[90m176|\u001b[39m     \u001b[35mif\u001b[39m (replayedTokenIds\u001b[33m.\u001b[39msize \u001b[33m>=\u001b[39m replayCacheSize) {\n\u001b[90m \u001b[2m❯\u001b[22m apps/api/src/__tests__/trusted-operator-identity.test.ts:\u001b[2m140:12\u001b[22m\u001b[39m\n\n\u001b[31m\u001b[2m⎯⎯⎯⎯⎯⎯⎯⎯⎯⎯⎯⎯⎯⎯⎯⎯⎯⎯⎯⎯⎯⎯⎯⎯[5/7]⎯\u001b[22m\u001b[39m\n\n\u001b[41m\u001b[1m FAIL \u001b[22m\u001b[49m apps/api/src/__tests__/trusted-operator-identity.test.ts\u001b[2m > \u001b[22mtrusted operator identity tokens\u001b[2m > \u001b[22msupports bounded key rotation and rejects missing or inactive key ids\n\u001b[31m\u001b[1mError\u001b[22m: Trusted operator token replay detected\u001b[39m\n\u001b[36m \u001b[2m❯\u001b[22m apps/api/src/operator-identity.ts:\u001b[2m174:13\u001b[22m\u001b[39m\n    \u001b[90m172|\u001b[39m     \u001b[34mpruneReplayedTokenIds\u001b[39m(replayedTokenIds\u001b[33m,\u001b[39m currentTime)\n    \u001b[90m173|\u001b[39m     \u001b[35mif\u001b[39m (\u001b[33m!\u001b[39mreplayedTokenIds\u001b[33m.\u001b[39m\u001b[34mhas\u001b[39m(claims\u001b[33m.\u001b[39mjti)) {\n    \u001b[90m174|\u001b[39m       \u001b[35mthrow\u001b[39m \u001b[35mnew\u001b[39m \u001b[33mError\u001b[39m(\u001b[32m'Trusted operator token replay detected'\u001b[39m)\n    \u001b[90m   |\u001b[39m             \u001b[31m^\u001b[39m\n    \u001b[90m175|\u001b[39m     }\n    \u001b[90m176|\u001b[39m     \u001b[35mif\u001b[39m (replayedTokenIds\u001b[33m.\u001b[39msize \u001b[33m>=\u001b[39m replayCacheSize) {\n\u001b[90m \u001b[2m❯\u001b[22m apps/api/src/__tests__/trusted-operator-identity.test.ts:\u001b[2m364:12\u001b[22m\u001b[39m\n\n\u001b[31m\u001b[2m⎯⎯⎯⎯⎯⎯⎯⎯⎯⎯⎯⎯⎯⎯⎯⎯⎯⎯⎯⎯⎯⎯⎯⎯[6/7]⎯\u001b[22m\u001b[39m\n\n\u001b[41m\u001b[1m FAIL \u001b[22m\u001b[49m apps/api/src/__tests__/trusted-operator-identity.test.ts\u001b[2m > \u001b[22mtrusted operator identity tokens\u001b[2m > \u001b[22mparses configured key rings and safely decodes replay claims\n\u001b[31m\u001b[1mError\u001b[22m: Trusted operator token replay detected\u001b[39m\n\u001b[36m \u001b[2m❯\u001b[22m apps/api/src/operator-identity.ts:\u001b[2m174:13\u001b[22m\u001b[39m\n    \u001b[90m172|\u001b[39m     \u001b[34mpruneReplayedTokenIds\u001b[39m(replayedTokenIds\u001b[33m,\u001b[39m currentTime)\n    \u001b[90m173|\u001b[39m     \u001b[35mif\u001b[39m (\u001b[33m!\u001b[39mreplayedTokenIds\u001b[33m.\u001b[39m\u001b[34mhas\u001b[39m(claims\u001b[33m.\u001b[39mjti)) {\n    \u001b[90m174|\u001b[39m       \u001b[35mthrow\u001b[39m \u001b[35mnew\u001b[39m \u001b[33mError\u001b[39m(\u001b[32m'Trusted operator token replay detected'\u001b[39m)\n    \u001b[90m   |\u001b[39m             \u001b[31m^\u001b[39m\n    \u001b[90m175|\u001b[39m     }\n    \u001b[90m176|\u001b[39m     \u001b[35mif\u001b[39m (replayedTokenIds\u001b[33m.\u001b[39msize \u001b[33m>=\u001b[39m replayCacheSize) {\n\u001b[90m \u001b[2m❯\u001b[22m apps/api/src/__tests__/trusted-operator-identity.test.ts:\u001b[2m427:12\u001b[22m\u001b[39m\n\n\u001b[31m\u001b[2m⎯⎯⎯⎯⎯⎯⎯⎯⎯⎯⎯⎯⎯⎯⎯⎯⎯⎯⎯⎯⎯⎯⎯⎯[7/7]⎯\u001b[22m\u001b[39m"
    },
    {
      "id": "policy-deny-effect",
      "domain": "policy",
      "mode": "vitest",
      "source": "packages/policy-engine/src/engine.ts",
      "sourceSha256": "7bd983eb3b3dd1ff50821b97c134e2fb6f10120b0b5ba3ce10c1a43fe3f5032c",
      "from": "effect === 'DENY'",
      "to": "effect !== 'DENY'",
      "testFiles": [
        "legacy/packages/secretary-profile/src/__tests__/policy-engine-branch-hardening.test.ts"
      ],
      "budgetMs": 120000,
      "durationMs": 1207,
      "status": "KILLED",
      "exitCode": 1,
      "signal": null,
      "output": "\u001b[1m\u001b[30m\u001b[46m RUN \u001b[49m\u001b[39m\u001b[22m \u001b[36mv4.1.11 \u001b[39m\u001b[90m/tmp/rem21-013-mutation-K0rDIB\u001b[39m\n\n\u001b[33m\u001b[39m\u001b[32m·\u001b[39m\u001b[33m\u001b[39m\u001b[32m·\u001b[39m\u001b[33m\u001b[39m\u001b[31mx\u001b[39m\u001b[33m\u001b[39m\u001b[31mx\u001b[39m\u001b[33m\u001b[39m\u001b[31mx\u001b[39m\u001b[33m\u001b[39m\u001b[31mx\u001b[39m\u001b[33m\u001b[39m\u001b[31mx\u001b[39m\u001b[33m\u001b[39m\u001b[32m·\u001b[39m\u001b[33m\u001b[39m\u001b[32m·\u001b[39m\n\n\u001b[2m Test Files \u001b[22m \u001b[1m\u001b[31m1 failed\u001b[39m\u001b[22m\u001b[90m (1)\u001b[39m\n\u001b[2m      Tests \u001b[22m \u001b[1m\u001b[31m5 failed\u001b[39m\u001b[22m\u001b[2m | \u001b[22m\u001b[1m\u001b[32m4 passed\u001b[39m\u001b[22m\u001b[90m (9)\u001b[39m\n\u001b[2m   Start at \u001b[22m 03:36:03\n\u001b[2m   Duration \u001b[22m 890ms\u001b[2m (transform 121ms, setup 0ms, import 198ms, tests 18ms, environment 546ms)\u001b[22m\n\n\n\n\u001b[31m⎯⎯⎯⎯⎯⎯⎯\u001b[39m\u001b[1m\u001b[41m Failed Tests 5 \u001b[49m\u001b[22m\u001b[31m⎯⎯⎯⎯⎯⎯⎯\u001b[39m\n\n\u001b[41m\u001b[1m FAIL \u001b[22m\u001b[49m legacy/packages/secretary-profile/src/__tests__/policy-engine-branch-hardening.test.ts\u001b[2m > \u001b[22mAAA34 policy-engine branch hardening\u001b[2m > \u001b[22mapplies an ALLOW policy winner and preserves the document identity\n\u001b[31m\u001b[1mAssertionError\u001b[22m: expected 'DENY' to be 'ALLOW' // Object.is equality\u001b[39m\n\nExpected: \u001b[32m\"ALLOW\"\u001b[39m\nReceived: \u001b[31m\"DENY\"\u001b[39m\n\n\u001b[36m \u001b[2m❯\u001b[22m legacy/packages/secretary-profile/src/__tests__/policy-engine-branch-hardening.test.ts:\u001b[2m86:31\u001b[22m\u001b[39m\n    \u001b[90m 84|\u001b[39m     ])\n    \u001b[90m 85|\u001b[39m     \u001b[35mconst\u001b[39m decision \u001b[33m=\u001b[39m policy\u001b[33m.\u001b[39m\u001b[34mevaluate\u001b[39m(\u001b[34minput\u001b[39m())\n    \u001b[90m 86|\u001b[39m     \u001b[34mexpect\u001b[39m(decision\u001b[33m.\u001b[39mdecision)\u001b[33m.\u001b[39m\u001b[34mtoBe\u001b[39m(\u001b[32m'ALLOW'\u001b[39m)\n    \u001b[90m   |\u001b[39m                               \u001b[31m^\u001b[39m\n    \u001b[90m 87|\u001b[39m     \u001b[34mexpect\u001b[39m(decision\u001b[33m.\u001b[39mreason)\u001b[33m.\u001b[39m\u001b[34mtoBe\u001b[39m(\u001b[32m'Explicitly allowed by tenant policy'\u001b[39m)\n    \u001b[90m 88|\u001b[39m     \u001b[34mexpect\u001b[39m(decision\u001b[33m.\u001b[39mpolicyId)\u001b[33m.\u001b[39m\u001b[34mtoBe\u001b[39m(\u001b[32m'tenant.allow'\u001b[39m)\n\n\u001b[31m\u001b[2m⎯⎯⎯⎯⎯⎯⎯⎯⎯⎯⎯⎯⎯⎯⎯⎯⎯⎯⎯⎯⎯⎯⎯⎯[1/5]⎯\u001b[22m\u001b[39m\n\n\u001b[41m\u001b[1m FAIL \u001b[22m\u001b[49m legacy/packages/secretary-profile/src/__tests__/policy-engine-branch-hardening.test.ts\u001b[2m > \u001b[22mAAA34 policy-engine branch hardening\u001b[2m > \u001b[22mkeeps an ALLOW rule from removing the grant approval floor\n\u001b[31m\u001b[1mAssertionError\u001b[22m: expected 'DENY' to be 'REQUIRE_APPROVAL' // Object.is equality\u001b[39m\n\nExpected: \u001b[32m\"REQUIRE_APPROVAL\"\u001b[39m\nReceived: \u001b[31m\"DENY\"\u001b[39m\n\n\u001b[36m \u001b[2m❯\u001b[22m legacy/packages/secretary-profile/src/__tests__/policy-engine-branch-hardening.test.ts:\u001b[2m117:31\u001b[22m\u001b[39m\n    \u001b[90m115|\u001b[39m       })\n    \u001b[90m116|\u001b[39m     )\n    \u001b[90m117|\u001b[39m     \u001b[34mexpect\u001b[39m(decision\u001b[33m.\u001b[39mdecision)\u001b[33m.\u001b[39m\u001b[34mtoBe\u001b[39m(\u001b[32m'REQUIRE_APPROVAL'\u001b[39m)\n    \u001b[90m   |\u001b[39m                               \u001b[31m^\u001b[39m\n    \u001b[90m118|\u001b[39m     \u001b[34mexpect\u001b[39m(decision\u001b[33m.\u001b[39mreason)\u001b[33m.\u001b[39m\u001b[34mtoBe\u001b[39m(\u001b[32m'Tenant accepts this cancellation'\u001b[39m)\n    \u001b[90m119|\u001b[39m     \u001b[34mexpect\u001b[39m(decision\u001b[33m.\u001b[39mpolicyId)\u001b[33m.\u001b[39m\u001b[34mtoBe\u001b[39m(\u001b[32m'tenant.allow-cancel'\u001b[39m)\n\n\u001b[31m\u001b[2m⎯⎯⎯⎯⎯⎯⎯⎯⎯⎯⎯⎯⎯⎯⎯⎯⎯⎯⎯⎯⎯⎯⎯⎯[2/5]⎯\u001b[22m\u001b[39m\n\n\u001b[41m\u001b[1m FAIL \u001b[22m\u001b[49m legacy/packages/secretary-profile/src/__tests__/policy-engine-branch-hardening.test.ts\u001b[2m > \u001b[22mAAA34 policy-engine branch hardening\u001b[2m > \u001b[22mapplies a REQUIRE_APPROVAL policy winner with its reason\n\u001b[31m\u001b[1mAssertionError\u001b[22m: expected 'DENY' to be 'REQUIRE_APPROVAL' // Object.is equality\u001b[39m\n\nExpected: \u001b[32m\"REQUIRE_APPROVAL\"\u001b[39m\nReceived: \u001b[31m\"DENY\"\u001b[39m\n\n\u001b[36m \u001b[2m❯\u001b[22m legacy/packages/secretary-profile/src/__tests__/policy-engine-branch-hardening.test.ts:\u001b[2m142:31\u001b[22m\u001b[39m\n    \u001b[90m140|\u001b[39m     ])\n    \u001b[90m141|\u001b[39m     \u001b[35mconst\u001b[39m decision \u001b[33m=\u001b[39m policy\u001b[33m.\u001b[39m\u001b[34mevaluate\u001b[39m(\u001b[34minput\u001b[39m())\n    \u001b[90m142|\u001b[39m     \u001b[34mexpect\u001b[39m(decision\u001b[33m.\u001b[39mdecision)\u001b[33m.\u001b[39m\u001b[34mtoBe\u001b[39m(\u001b[32m'REQUIRE_APPROVAL'\u001b[39m)\n    \u001b[90m   |\u001b[39m                               \u001b[31m^\u001b[39m\n    \u001b[90m143|\u001b[39m     \u001b[34mexpect\u001b[39m(decision\u001b[33m.\u001b[39mreason)\u001b[33m.\u001b[39m\u001b[34mtoBe\u001b[39m(\u001b[32m'Reads need a human in this tenant'\u001b[39m)\n    \u001b[90m144|\u001b[39m     \u001b[34mexpect\u001b[39m(decision\u001b[33m.\u001b[39mpolicyVersion)\u001b[33m.\u001b[39m\u001b[34mtoBe\u001b[39m(\u001b[32m'2.0.0'\u001b[39m)\n\n\u001b[31m\u001b[2m⎯⎯⎯⎯⎯⎯⎯⎯⎯⎯⎯⎯⎯⎯⎯⎯⎯⎯⎯⎯⎯⎯⎯⎯[3/5]⎯\u001b[22m\u001b[39m\n\n\u001b[41m\u001b[1m FAIL \u001b[22m\u001b[49m legacy/packages/secretary-profile/src/__tests__/policy-engine-branch-hardening.test.ts\u001b[2m > \u001b[22mAAA34 policy-engine branch hardening\u001b[2m > \u001b[22mprefers the highest priority rule when priorities differ\n\u001b[31m\u001b[1mAssertionError\u001b[22m: expected 'DENY' to be 'REQUIRE_APPROVAL' // Object.is equality\u001b[39m\n\nExpected: \u001b[32m\"REQUIRE_APPROVAL\"\u001b[39m\nReceived: \u001b[31m\"DENY\"\u001b[39m\n\n\u001b[36m \u001b[2m❯\u001b[22m legacy/packages/secretary-profile/src/__tests__/policy-engine-branch-hardening.test.ts:\u001b[2m173:31\u001b[22m\u001b[39m\n    \u001b[90m171|\u001b[39m     ])\n    \u001b[90m172|\u001b[39m     \u001b[35mconst\u001b[39m decision \u001b[33m=\u001b[39m policy\u001b[33m.\u001b[39m\u001b[34mevaluate\u001b[39m(\u001b[34minput\u001b[39m())\n    \u001b[90m173|\u001b[39m     \u001b[34mexpect\u001b[39m(decision\u001b[33m.\u001b[39mdecision)\u001b[33m.\u001b[39m\u001b[34mtoBe\u001b[39m(\u001b[32m'REQUIRE_APPROVAL'\u001b[39m)\n    \u001b[90m   |\u001b[39m                               \u001b[31m^\u001b[39m\n    \u001b[90m174|\u001b[39m     \u001b[34mexpect\u001b[39m(decision\u001b[33m.\u001b[39mreason)\u001b[33m.\u001b[39m\u001b[34mtoBe\u001b[39m(\u001b[32m'High priority approval'\u001b[39m)\n    \u001b[90m175|\u001b[39m   })\n\n\u001b[31m\u001b[2m⎯⎯⎯⎯⎯⎯⎯⎯⎯⎯⎯⎯⎯⎯⎯⎯⎯⎯⎯⎯⎯⎯⎯⎯[4/5]⎯\u001b[22m\u001b[39m\n\n\u001b[41m\u001b[1m FAIL \u001b[22m\u001b[49m legacy/packages/secretary-profile/src/__tests__/policy-engine-branch-hardening.test.ts\u001b[2m > \u001b[22mAAA34 policy-engine branch hardening\u001b[2m > \u001b[22mskips rules outside the document effective window\n\u001b[31m\u001b[1mAssertionError\u001b[22m: expected 'ALLOW' to be 'DENY' // Object.is equality\u001b[39m\n\nExpected: \u001b[32m\"DENY\"\u001b[39m\nReceived: \u001b[31m\"ALLOW\"\u001b[39m\n\n\u001b[36m \u001b[2m❯\u001b[22m legacy/packages/secretary-profile/src/__tests__/policy-engine-branch-hardening.test.ts:\u001b[2m216:47\u001b[22m\u001b[39m\n    \u001b[90m214|\u001b[39m       }\n    \u001b[90m215|\u001b[39m     ])\n    \u001b[90m216|\u001b[39m     \u001b[34mexpect\u001b[39m(active\u001b[33m.\u001b[39m\u001b[34mevaluate\u001b[39m(\u001b[34minput\u001b[39m())\u001b[33m.\u001b[39mdecision)\u001b[33m.\u001b[39m\u001b[34mtoBe\u001b[39m(\u001b[32m'DENY'\u001b[39m)\n    \u001b[90m   |\u001b[39m                                               \u001b[31m^\u001b[39m\n    \u001b[90m217|\u001b[39m   })\n    \u001b[90m218|\u001b[39m\n\n\u001b[31m\u001b[2m⎯⎯⎯⎯⎯⎯⎯⎯⎯⎯⎯⎯⎯⎯⎯⎯⎯⎯⎯⎯⎯⎯⎯⎯[5/5]⎯\u001b[22m\u001b[39m"
    },
    {
      "id": "ssrf-private-network-operator",
      "domain": "ssrf",
      "mode": "vitest",
      "source": "packages/shared/src/ssrf.ts",
      "sourceSha256": "57cdb8f623278fa46a582e60cc58b42f55b741e14cf084940a6bd523217ec7af",
      "from": "!options.allowPrivateNetworks && isPrivateIpAddress(hostname)",
      "to": "!options.allowPrivateNetworks || isPrivateIpAddress(hostname)",
      "testFiles": [
        "packages/shared/src/__tests__/ssrf-egress.test.ts",
        "packages/shared/src/__tests__/ssrf.test.ts"
      ],
      "budgetMs": 120000,
      "durationMs": 1802,
      "status": "KILLED",
      "exitCode": 1,
      "signal": null,
      "output": "\n\u001b[31m\u001b[2m⎯⎯⎯⎯⎯⎯⎯⎯⎯⎯⎯⎯⎯⎯⎯⎯⎯⎯⎯⎯⎯⎯⎯[3/15]⎯\u001b[22m\u001b[39m\n\n\u001b[41m\u001b[1m FAIL \u001b[22m\u001b[49m packages/shared/src/__tests__/ssrf-egress.test.ts\u001b[2m > \u001b[22mresolveAndGuardOutboundUrl (AUD19-007)\u001b[2m > \u001b[22mdenies decimal-IP obfuscation that resolves to loopback\n\u001b[31m\u001b[1mAssertionError\u001b[22m: expected [Function] to throw error matching /dns_private_address/ but got 'Outbound URL rejected: private_networ…'\u001b[39m\n\n\u001b[32m- Expected:\u001b[39m\n/dns_private_address/\n\n\u001b[31m+ Received:\u001b[39m\n\"Outbound URL rejected: private_network_address\"\n\n\u001b[36m \u001b[2m❯\u001b[22m packages/shared/src/__tests__/ssrf-egress.test.ts:\u001b[2m131:6\u001b[22m\u001b[39m\n    \u001b[90m129|\u001b[39m         { dnsLookup\u001b[33m:\u001b[39m \u001b[35masync\u001b[39m () \u001b[33m=>\u001b[39m [\u001b[32m'127.0.0.1'\u001b[39m] }\n    \u001b[90m130|\u001b[39m       )\n    \u001b[90m131|\u001b[39m     )\u001b[33m.\u001b[39mrejects\u001b[33m.\u001b[39m\u001b[34mtoThrow\u001b[39m(\u001b[36m/dns_private_address/\u001b[39m)\n    \u001b[90m   |\u001b[39m      \u001b[31m^\u001b[39m\n    \u001b[90m132|\u001b[39m   })\n    \u001b[90m133|\u001b[39m\n\n\u001b[31m\u001b[2m⎯⎯⎯⎯⎯⎯⎯⎯⎯⎯⎯⎯⎯⎯⎯⎯⎯⎯⎯⎯⎯⎯⎯[4/15]⎯\u001b[22m\u001b[39m\n\n\u001b[41m\u001b[1m FAIL \u001b[22m\u001b[49m packages/shared/src/__tests__/ssrf-egress.test.ts\u001b[2m > \u001b[22mresolveAndGuardOutboundUrl (AUD19-007)\u001b[2m > \u001b[22mfails closed on DNS outage and empty resolution\n\u001b[31m\u001b[1mAssertionError\u001b[22m: expected [Function] to throw error matching /dns_resolution_failed/ but got 'Outbound URL rejected: private_networ…'\u001b[39m\n\n\u001b[32m- Expected:\u001b[39m\n/dns_resolution_failed/\n\n\u001b[31m+ Received:\u001b[39m\n\"Outbound URL rejected: private_network_address\"\n\n\u001b[36m \u001b[2m❯\u001b[22m packages/shared/src/__tests__/ssrf-egress.test.ts:\u001b[2m141:6\u001b[22m\u001b[39m\n    \u001b[90m139|\u001b[39m         { dnsLookup\u001b[33m:\u001b[39m failingDns }\n    \u001b[90m140|\u001b[39m       )\n    \u001b[90m141|\u001b[39m     )\u001b[33m.\u001b[39mrejects\u001b[33m.\u001b[39m\u001b[34mtoThrow\u001b[39m(\u001b[36m/dns_resolution_failed/\u001b[39m)\n    \u001b[90m   |\u001b[39m      \u001b[31m^\u001b[39m\n    \u001b[90m142|\u001b[39m     \u001b[35mawait\u001b[39m \u001b[34mexpect\u001b[39m(\n    \u001b[90m143|\u001b[39m       \u001b[34mresolveAndGuardOutboundUrl\u001b[39m(\n\n\u001b[31m\u001b[2m⎯⎯⎯⎯⎯⎯⎯⎯⎯⎯⎯⎯⎯⎯⎯⎯⎯⎯⎯⎯⎯⎯⎯[5/15]⎯\u001b[22m\u001b[39m\n\n\u001b[41m\u001b[1m FAIL \u001b[22m\u001b[49m packages/shared/src/__tests__/ssrf-egress.test.ts\u001b[2m > \u001b[22mresolveAndGuardOutboundUrl (AUD19-007)\u001b[2m > \u001b[22mdenies rebinding when the second resolution turns private\n\u001b[31m\u001b[1mUnsafeUrlError\u001b[22m: Outbound URL rejected: private_network_address\u001b[39m\n\u001b[36m \u001b[2m❯\u001b[22m resolveAndGuardOutboundUrl packages/shared/src/ssrf.ts:\u001b[2m280:11\u001b[22m\u001b[39m\n    \u001b[90m278|\u001b[39m   \u001b[35mconst\u001b[39m checked \u001b[33m=\u001b[39m \u001b[34mevaluateOutboundUrl\u001b[39m(rawUrl\u001b[33m,\u001b[39m options)\n    \u001b[90m279|\u001b[39m   \u001b[35mif\u001b[39m (\u001b[33m!\u001b[39mchecked\u001b[33m.\u001b[39mallowed) {\n    \u001b[90m280|\u001b[39m     \u001b[35mthrow\u001b[39m \u001b[35mnew\u001b[39m \u001b[33mUnsafeUrlError\u001b[39m(checked\u001b[33m.\u001b[39mreason)\n    \u001b[90m   |\u001b[39m           \u001b[31m^\u001b[39m\n    \u001b[90m281|\u001b[39m   }\n    \u001b[90m282|\u001b[39m   \u001b[35mconst\u001b[39m hostname \u001b[33m=\u001b[39m \u001b[34mstripBrackets\u001b[39m(checked\u001b[33m.\u001b[39murl\u001b[33m.\u001b[39mhostname\u001b[33m.\u001b[39m\u001b[34mtoLowerCase\u001b[39m())\n\u001b[90m \u001b[2m❯\u001b[22m packages/shared/src/__tests__/ssrf-egress.test.ts:\u001b[2m154:25\u001b[22m\u001b[39m\n\n\u001b[31m\u001b[2m⎯⎯⎯⎯⎯⎯⎯⎯⎯⎯⎯⎯⎯⎯⎯⎯⎯⎯⎯⎯⎯⎯⎯[6/15]⎯\u001b[22m\u001b[39m\n\n\u001b[41m\u001b[1m FAIL \u001b[22m\u001b[49m packages/shared/src/__tests__/ssrf-egress.test.ts\u001b[2m > \u001b[22mfetchWithSsrfGuard (AUD19-007)\u001b[2m > \u001b[22mpasses non-redirect responses through\n\u001b[31m\u001b[1mUnsafeUrlError\u001b[22m: Outbound URL rejected: private_network_address\u001b[39m\n\u001b[36m \u001b[2m❯\u001b[22m resolveAndGuardOutboundUrl packages/shared/src/ssrf.ts:\u001b[2m280:11\u001b[22m\u001b[39m\n    \u001b[90m278|\u001b[39m   \u001b[35mconst\u001b[39m checked \u001b[33m=\u001b[39m \u001b[34mevaluateOutboundUrl\u001b[39m(rawUrl\u001b[33m,\u001b[39m options)\n    \u001b[90m279|\u001b[39m   \u001b[35mif\u001b[39m (\u001b[33m!\u001b[39mchecked\u001b[33m.\u001b[39mallowed) {\n    \u001b[90m280|\u001b[39m     \u001b[35mthrow\u001b[39m \u001b[35mnew\u001b[39m \u001b[33mUnsafeUrlError\u001b[39m(checked\u001b[33m.\u001b[39mreason)\n    \u001b[90m   |\u001b[39m           \u001b[31m^\u001b[39m\n    \u001b[90m281|\u001b[39m   }\n    \u001b[90m282|\u001b[39m   \u001b[35mconst\u001b[39m hostname \u001b[33m=\u001b[39m \u001b[34mstripBrackets\u001b[39m(checked\u001b[33m.\u001b[39murl\u001b[33m.\u001b[39mhostname\u001b[33m.\u001b[39m\u001b[34mtoLowerCase\u001b[39m())\n\u001b[90m \u001b[2m❯\u001b[22m fetchWithSsrfGuard packages/shared/src/ssrf.ts:\u001b[2m349:28\u001b[22m\u001b[39m\n\u001b[90m \u001b[2m❯\u001b[22m packages/shared/src/__tests__/ssrf-egress.test.ts:\u001b[2m190:28\u001b[22m\u001b[39m\n\n\u001b[31m\u001b[2m⎯⎯⎯⎯⎯⎯⎯⎯⎯⎯⎯⎯⎯⎯⎯⎯⎯⎯⎯⎯⎯⎯⎯[7/15]⎯\u001b[22m\u001b[39m\n\n\u001b[41m\u001b[1m FAIL \u001b[22m\u001b[49m packages/shared/src/__tests__/ssrf-egress.test.ts\u001b[2m > \u001b[22mfetchWithSsrfGuard (AUD19-007)\u001b[2m > \u001b[22mbinds the transport to the validated address instead of re-resolving\n\u001b[31m\u001b[1mUnsafeUrlError\u001b[22m: Outbound URL rejected: private_network_address\u001b[39m\n\u001b[36m \u001b[2m❯\u001b[22m resolveAndGuardOutboundUrl packages/shared/src/ssrf.ts:\u001b[2m280:11\u001b[22m\u001b[39m\n    \u001b[90m278|\u001b[39m   \u001b[35mconst\u001b[39m checked \u001b[33m=\u001b[39m \u001b[34mevaluateOutboundUrl\u001b[39m(rawUrl\u001b[33m,\u001b[39m options)\n    \u001b[90m279|\u001b[39m   \u001b[35mif\u001b[39m (\u001b[33m!\u001b[39mchecked\u001b[33m.\u001b[39mallowed) {\n    \u001b[90m280|\u001b[39m     \u001b[35mthrow\u001b[39m \u001b[35mnew\u001b[39m \u001b[33mUnsafeUrlError\u001b[39m(checked\u001b[33m.\u001b[39mreason)\n    \u001b[90m   |\u001b[39m           \u001b[31m^\u001b[39m\n    \u001b[90m281|\u001b[39m   }\n    \u001b[90m282|\u001b[39m   \u001b[35mconst\u001b[39m hostname \u001b[33m=\u001b[39m \u001b[34mstripBrackets\u001b[39m(checked\u001b[33m.\u001b[39murl\u001b[33m.\u001b[39mhostname\u001b[33m.\u001b[39m\u001b[34mtoLowerCase\u001b[39m())\n\u001b[90m \u001b[2m❯\u001b[22m fetchWithSsrfGuard packages/shared/src/ssrf.ts:\u001b[2m349:28\u001b[22m\u001b[39m\n\u001b[90m \u001b[2m❯\u001b[22m packages/shared/src/__tests__/ssrf-egress.test.ts:\u001b[2m224:28\u001b[22m\u001b[39m\n\n\u001b[31m\u001b[2m⎯⎯⎯⎯⎯⎯⎯⎯⎯⎯⎯⎯⎯⎯⎯⎯⎯⎯⎯⎯⎯⎯⎯[8/15]⎯\u001b[22m\u001b[39m\n\n\u001b[41m\u001b[1m FAIL \u001b[22m\u001b[49m packages/shared/src/__tests__/ssrf-egress.test.ts\u001b[2m > \u001b[22mfetchWithSsrfGuard (AUD19-007)\u001b[2m > \u001b[22mre-resolves and re-binds every redirect hop\n\u001b[31m\u001b[1mUnsafeUrlError\u001b[22m: Outbound URL rejected: private_network_address\u001b[39m\n\u001b[36m \u001b[2m❯\u001b[22m resolveAndGuardOutboundUrl packages/shared/src/ssrf.ts:\u001b[2m280:11\u001b[22m\u001b[39m\n    \u001b[90m278|\u001b[39m   \u001b[35mconst\u001b[39m checked \u001b[33m=\u001b[39m \u001b[34mevaluateOutboundUrl\u001b[39m(rawUrl\u001b[33m,\u001b[39m options)\n    \u001b[90m279|\u001b[39m   \u001b[35mif\u001b[39m (\u001b[33m!\u001b[39mchecked\u001b[33m.\u001b[39mallowed) {\n    \u001b[90m280|\u001b[39m     \u001b[35mthrow\u001b[39m \u001b[35mnew\u001b[39m \u001b[33mUnsafeUrlError\u001b[39m(checked\u001b[33m.\u001b[39mreason)\n    \u001b[90m   |\u001b[39m           \u001b[31m^\u001b[39m\n    \u001b[90m281|\u001b[39m   }\n    \u001b[90m282|\u001b[39m   \u001b[35mconst\u001b[39m hostname \u001b[33m=\u001b[39m \u001b[34mstripBrackets\u001b[39m(checked\u001b[33m.\u001b[39murl\u001b[33m.\u001b[39mhostname\u001b[33m.\u001b[39m\u001b[34mtoLowerCase\u001b[39m())\n\u001b[90m \u001b[2m❯\u001b[22m fetchWithSsrfGuard packages/shared/src/ssrf.ts:\u001b[2m349:28\u001b[22m\u001b[39m\n\u001b[90m \u001b[2m❯\u001b[22m packages/shared/src/__tests__/ssrf-egress.test.ts:\u001b[2m257:28\u001b[22m\u001b[39m\n\n\u001b[31m\u001b[2m⎯⎯⎯⎯⎯⎯⎯⎯⎯⎯⎯⎯⎯⎯⎯⎯⎯⎯⎯⎯⎯⎯⎯[9/15]⎯\u001b[22m\u001b[39m\n\n\u001b[41m\u001b[1m FAIL \u001b[22m\u001b[49m packages/shared/src/__tests__/ssrf-egress.test.ts\u001b[2m > \u001b[22mfetchWithSsrfGuard (AUD19-007)\u001b[2m > \u001b[22mnever contacts a private redirect target\n\u001b[31m\u001b[1mAssertionError\u001b[22m: expected [] to deeply equal [ 'https://api.example.test/start' ]\u001b[39m\n\n\u001b[32m- Expected\u001b[39m\n\u001b[31m+ Received\u001b[39m\n\n\u001b[32m- [\u001b[39m\n\u001b[32m-   \"https://api.example.test/start\",\u001b[39m\n\u001b[32m- ]\u001b[39m\n\u001b[31m+ []\u001b[39m\n\n\u001b[36m \u001b[2m❯\u001b[22m packages/shared/src/__tests__/ssrf-egress.test.ts:\u001b[2m291:18\u001b[22m\u001b[39m\n    \u001b[90m289|\u001b[39m       )\n    \u001b[90m290|\u001b[39m     )\u001b[33m.\u001b[39mrejects\u001b[33m.\u001b[39m\u001b[34mtoThrow\u001b[39m(\u001b[36m/private_network_address|dns_private_address/\u001b[39m)\n    \u001b[90m291|\u001b[39m     \u001b[34mexpect\u001b[39m(seen)\u001b[33m.\u001b[39m\u001b[34mtoEqual\u001b[39m([\u001b[32m'https://api.example.test/start'\u001b[39m])\n    \u001b[90m   |\u001b[39m                  \u001b[31m^\u001b[39m\n    \u001b[90m292|\u001b[39m   })\n    \u001b[90m293|\u001b[39m\n\n\u001b[31m\u001b[2m⎯⎯⎯⎯⎯⎯⎯⎯⎯⎯⎯⎯⎯⎯⎯⎯⎯⎯⎯⎯⎯⎯[10/15]⎯\u001b[22m\u001b[39m\n\n\u001b[41m\u001b[1m FAIL \u001b[22m\u001b[49m packages/shared/src/__tests__/ssrf-egress.test.ts\u001b[2m > \u001b[22mfetchWithSsrfGuard (AUD19-007)\u001b[2m > \u001b[22mfollows a relative redirect after revalidation\n\u001b[31m\u001b[1mUnsafeUrlError\u001b[22m: Outbound URL rejected: private_network_address\u001b[39m\n\u001b[36m \u001b[2m❯\u001b[22m resolveAndGuardOutboundUrl packages/shared/src/ssrf.ts:\u001b[2m280:11\u001b[22m\u001b[39m\n    \u001b[90m278|\u001b[39m   \u001b[35mconst\u001b[39m checked \u001b[33m=\u001b[39m \u001b[34mevaluateOutboundUrl\u001b[39m(rawUrl\u001b[33m,\u001b[39m options)\n    \u001b[90m279|\u001b[39m   \u001b[35mif\u001b[39m (\u001b[33m!\u001b[39mchecked\u001b[33m.\u001b[39mallowed) {\n    \u001b[90m280|\u001b[39m     \u001b[35mthrow\u001b[39m \u001b[35mnew\u001b[39m \u001b[33mUnsafeUrlError\u001b[39m(checked\u001b[33m.\u001b[39mreason)\n    \u001b[90m   |\u001b[39m           \u001b[31m^\u001b[39m\n    \u001b[90m281|\u001b[39m   }\n    \u001b[90m282|\u001b[39m   \u001b[35mconst\u001b[39m hostname \u001b[33m=\u001b[39m \u001b[34mstripBrackets\u001b[39m(checked\u001b[33m.\u001b[39murl\u001b[33m.\u001b[39mhostname\u001b[33m.\u001b[39m\u001b[34mtoLowerCase\u001b[39m())\n\u001b[90m \u001b[2m❯\u001b[22m fetchWithSsrfGuard packages/shared/src/ssrf.ts:\u001b[2m349:28\u001b[22m\u001b[39m\n\u001b[90m \u001b[2m❯\u001b[22m packages/shared/src/__tests__/ssrf-egress.test.ts:\u001b[2m300:28\u001b[22m\u001b[39m\n\n\u001b[31m\u001b[2m⎯⎯⎯⎯⎯⎯⎯⎯⎯⎯⎯⎯⎯⎯⎯⎯⎯⎯⎯⎯⎯⎯[11/15]⎯\u001b[22m\u001b[39m\n\n\u001b[41m\u001b[1m FAIL \u001b[22m\u001b[49m packages/shared/src/__tests__/ssrf-egress.test.ts\u001b[2m > \u001b[22mfetchWithSsrfGuard (AUD19-007)\u001b[2m > \u001b[22mstops redirect loops and location-less redirects\n\u001b[31m\u001b[1mAssertionError\u001b[22m: expected [Function] to throw error matching /too_many_redirects/ but got 'Outbound URL rejected: private_networ…'\u001b[39m\n\n\u001b[32m- Expected:\u001b[39m\n/too_many_redirects/\n\n\u001b[31m+ Received:\u001b[39m\n\"Outbound URL rejected: private_network_address\"\n\n\u001b[36m \u001b[2m❯\u001b[22m packages/shared/src/__tests__/ssrf-egress.test.ts:\u001b[2m324:6\u001b[22m\u001b[39m\n    \u001b[90m322|\u001b[39m         { dnsLookup\u001b[33m:\u001b[39m publicDns }\n    \u001b[90m323|\u001b[39m       )\n    \u001b[90m324|\u001b[39m     )\u001b[33m.\u001b[39mrejects\u001b[33m.\u001b[39m\u001b[34mtoThrow\u001b[39m(\u001b[36m/too_many_redirects/\u001b[39m)\n    \u001b[90m   |\u001b[39m      \u001b[31m^\u001b[39m\n    \u001b[90m325|\u001b[39m     \u001b[34mexpect\u001b[39m(loop\u001b[33m.\u001b[39mseen)\u001b[33m.\u001b[39m\u001b[34mtoHaveLength\u001b[39m(\u001b[34m3\u001b[39m)\n    \u001b[90m326|\u001b[39m     \u001b[35mconst\u001b[39m noLocation \u001b[33m=\u001b[39m \u001b[34mfakeFetch\u001b[39m(() \u001b[33m=>\u001b[39m ({ status\u001b[33m:\u001b[39m \u001b[34m302\u001b[39m }))\n\n\u001b[31m\u001b[2m⎯⎯⎯⎯⎯⎯⎯⎯⎯⎯⎯⎯⎯⎯⎯⎯⎯⎯⎯⎯⎯⎯[12/15]⎯\u001b[22m\u001b[39m\n\n\u001b[41m\u001b[1m FAIL \u001b[22m\u001b[49m packages/shared/src/__tests__/ssrf-egress.test.ts\u001b[2m > \u001b[22mloopback integration with real DNS (AUD19-007)\u001b[2m > \u001b[22mfetches a loopback server with explicit opt-in and denies by default\n\u001b[31m\u001b[1mUnsafeUrlError\u001b[22m: Outbound URL rejected: private_network_address\u001b[39m\n\u001b[36m \u001b[2m❯\u001b[22m resolveAndGuardOutboundUrl packages/shared/src/ssrf.ts:\u001b[2m280:11\u001b[22m\u001b[39m\n    \u001b[90m278|\u001b[39m   \u001b[35mconst\u001b[39m checked \u001b[33m=\u001b[39m \u001b[34mevaluateOutboundUrl\u001b[39m(rawUrl\u001b[33m,\u001b[39m options)\n    \u001b[90m279|\u001b[39m   \u001b[35mif\u001b[39m (\u001b[33m!\u001b[39mchecked\u001b[33m.\u001b[39mallowed) {\n    \u001b[90m280|\u001b[39m     \u001b[35mthrow\u001b[39m \u001b[35mnew\u001b[39m \u001b[33mUnsafeUrlError\u001b[39m(checked\u001b[33m.\u001b[39mreason)\n    \u001b[90m   |\u001b[39m           \u001b[31m^\u001b[39m\n    \u001b[90m281|\u001b[39m   }\n    \u001b[90m282|\u001b[39m   \u001b[35mconst\u001b[39m hostname \u001b[33m=\u001b[39m \u001b[34mstripBrackets\u001b[39m(checked\u001b[33m.\u001b[39murl\u001b[33m.\u001b[39mhostname\u001b[33m.\u001b[39m\u001b[34mtoLowerCase\u001b[39m())\n\u001b[90m \u001b[2m❯\u001b[22m fetchWithSsrfGuard packages/shared/src/ssrf.ts:\u001b[2m349:28\u001b[22m\u001b[39m\n\u001b[90m \u001b[2m❯\u001b[22m packages/shared/src/__tests__/ssrf-egress.test.ts:\u001b[2m367:28\u001b[22m\u001b[39m\n\n\u001b[31m\u001b[2m⎯⎯⎯⎯⎯⎯⎯⎯⎯⎯⎯⎯⎯⎯⎯⎯⎯⎯⎯⎯⎯⎯[13/15]⎯\u001b[22m\u001b[39m\n\n\u001b[41m\u001b[1m FAIL \u001b[22m\u001b[49m packages/shared/src/__tests__/ssrf.test.ts\u001b[2m > \u001b[22mevaluateOutboundUrl\u001b[2m > \u001b[22mallows public HTTPS endpoints by default\n\u001b[31m\u001b[1mAssertionError\u001b[22m: expected false to be true // Object.is equality\u001b[39m\n\n\u001b[32m- Expected\u001b[39m\n\u001b[31m+ Received\u001b[39m\n\n\u001b[32m- true\u001b[39m\n\u001b[31m+ false\u001b[39m\n\n\u001b[36m \u001b[2m❯\u001b[22m packages/shared/src/__tests__/ssrf.test.ts:\u001b[2m54:28\u001b[22m\u001b[39m\n    \u001b[90m 52|\u001b[39m   \u001b[34mit\u001b[39m(\u001b[32m'allows public HTTPS endpoints by default'\u001b[39m\u001b[33m,\u001b[39m () \u001b[33m=>\u001b[39m {\n    \u001b[90m 53|\u001b[39m     const result = evaluateOutboundUrl('https://api.example.com/v1/mod…\n    \u001b[90m 54|\u001b[39m     \u001b[34mexpect\u001b[39m(result\u001b[33m.\u001b[39mallowed)\u001b[33m.\u001b[39m\u001b[34mtoBe\u001b[39m(\u001b[35mtrue\u001b[39m)\n    \u001b[90m   |\u001b[39m                            \u001b[31m^\u001b[39m\n    \u001b[90m 55|\u001b[39m   })\n    \u001b[90m 56|\u001b[39m\n\n\u001b[31m\u001b[2m⎯⎯⎯⎯⎯⎯⎯⎯⎯⎯⎯⎯⎯⎯⎯⎯⎯⎯⎯⎯⎯⎯[14/15]⎯\u001b[22m\u001b[39m\n\n\u001b[41m\u001b[1m FAIL \u001b[22m\u001b[49m packages/shared/src/__tests__/ssrf.test.ts\u001b[2m > \u001b[22mevaluateOutboundUrl\u001b[2m > \u001b[22mblocks plain HTTP unless explicitly allowed\n\u001b[31m\u001b[1mAssertionError\u001b[22m: expected false to be true // Object.is equality\u001b[39m\n\n\u001b[32m- Expected\u001b[39m\n\u001b[31m+ Received\u001b[39m\n\n\u001b[32m- true\u001b[39m\n\u001b[31m+ false\u001b[39m\n\n\u001b[36m \u001b[2m❯\u001b[22m packages/shared/src/__tests__/ssrf.test.ts:\u001b[2m61:7\u001b[22m\u001b[39m\n    \u001b[90m 59|\u001b[39m     \u001b[34mexpect\u001b[39m(\n    \u001b[90m 60|\u001b[39m       evaluateOutboundUrl('http://api.example.com', { allowHttp: true …\n    \u001b[90m 61|\u001b[39m     )\u001b[33m.\u001b[39m\u001b[34mtoBe\u001b[39m(\u001b[35mtrue\u001b[39m)\n    \u001b[90m   |\u001b[39m       \u001b[31m^\u001b[39m\n    \u001b[90m 62|\u001b[39m   })\n    \u001b[90m 63|\u001b[39m\n\n\u001b[31m\u001b[2m⎯⎯⎯⎯⎯⎯⎯⎯⎯⎯⎯⎯⎯⎯⎯⎯⎯⎯⎯⎯⎯⎯[15/15]⎯\u001b[22m\u001b[39m"
    },
    {
      "id": "approval-self-approval-comparator",
      "domain": "approval",
      "mode": "vitest",
      "source": "packages/approval-engine/src/engine.ts",
      "sourceSha256": "601f4981653897d11d2cd6bc34c8a3fa6b00aafa17f8ce46200b94c71540f837",
      "from": "record.operatorId === input.approverId",
      "to": "record.operatorId !== input.approverId",
      "testFiles": [
        "packages/approval-engine/src/__tests__/approval-engine.test.ts"
      ],
      "budgetMs": 120000,
      "durationMs": 1279,
      "status": "KILLED",
      "exitCode": 1,
      "signal": null,
      "output": "\u001b[1m\u001b[30m\u001b[46m RUN \u001b[49m\u001b[39m\u001b[22m \u001b[36mv4.1.11 \u001b[39m\u001b[90m/tmp/rem21-013-mutation-K0rDIB\u001b[39m\n\n\u001b[33m\u001b[39m\u001b[31mx\u001b[39m\u001b[33m\u001b[39m\u001b[31mx\u001b[39m\u001b[33m\u001b[39m\u001b[31mx\u001b[39m\u001b[33m\u001b[39m\u001b[31mx\u001b[39m\u001b[33m\u001b[39m\u001b[31mx\u001b[39m\u001b[33m\u001b[39m\u001b[32m·\u001b[39m\u001b[33m\u001b[39m\u001b[31mx\u001b[39m\u001b[33m\u001b[39m\u001b[31mx\u001b[39m\u001b[33m\u001b[39m\u001b[31mx\u001b[39m\u001b[33m\u001b[39m\u001b[32m·\u001b[39m\n\n\u001b[2m Test Files \u001b[22m \u001b[1m\u001b[31m1 failed\u001b[39m\u001b[22m\u001b[90m (1)\u001b[39m\n\u001b[2m      Tests \u001b[22m \u001b[1m\u001b[31m8 failed\u001b[39m\u001b[22m\u001b[2m | \u001b[22m\u001b[1m\u001b[32m2 passed\u001b[39m\u001b[22m\u001b[90m (10)\u001b[39m\n\u001b[2m   Start at \u001b[22m 03:36:07\n\u001b[2m   Duration \u001b[22m 938ms\u001b[2m (transform 159ms, setup 0ms, import 239ms, tests 23ms, environment 552ms)\u001b[22m\n\n\n\n\u001b[31m⎯⎯⎯⎯⎯⎯⎯\u001b[39m\u001b[1m\u001b[41m Failed Tests 8 \u001b[49m\u001b[22m\u001b[31m⎯⎯⎯⎯⎯⎯⎯\u001b[39m\n\n\u001b[41m\u001b[1m FAIL \u001b[22m\u001b[49m packages/approval-engine/src/__tests__/approval-engine.test.ts\u001b[2m > \u001b[22mapproval engine\u001b[2m > \u001b[22mwalks the full state machine and emits lifecycle events\n\u001b[31m\u001b[1mApprovalError\u001b[22m: The requesting operator cannot approve their own action\u001b[39m\n\u001b[36m \u001b[2m❯\u001b[22m ApprovalEngine.approve packages/approval-engine/src/engine.ts:\u001b[2m250:13\u001b[22m\u001b[39m\n    \u001b[90m248|\u001b[39m     \u001b[35mthis\u001b[39m\u001b[33m.\u001b[39m#\u001b[34massertNotExpired\u001b[39m(record)\n    \u001b[90m249|\u001b[39m     if (!this.#allowSelfApproval && record.operatorId !== input.approv…\n    \u001b[90m250|\u001b[39m       \u001b[35mthrow\u001b[39m \u001b[35mnew\u001b[39m \u001b[33mApprovalError\u001b[39m(\n    \u001b[90m   |\u001b[39m             \u001b[31m^\u001b[39m\n    \u001b[90m251|\u001b[39m         \u001b[32m'self_approval_denied'\u001b[39m\u001b[33m,\u001b[39m\n    \u001b[90m252|\u001b[39m         \u001b[32m'The requesting operator cannot approve their own action'\u001b[39m\n\u001b[90m \u001b[2m❯\u001b[22m packages/approval-engine/src/__tests__/approval-engine.test.ts:\u001b[2m67:29\u001b[22m\u001b[39m\n\n\u001b[31m\u001b[2m⎯⎯⎯⎯⎯⎯⎯⎯⎯⎯⎯⎯⎯⎯⎯⎯⎯⎯⎯⎯⎯⎯⎯⎯[1/8]⎯\u001b[22m\u001b[39m\n\n\u001b[41m\u001b[1m FAIL \u001b[22m\u001b[49m packages/approval-engine/src/__tests__/approval-engine.test.ts\u001b[2m > \u001b[22mapproval engine\u001b[2m > \u001b[22mnever executes a different action or mutated payload\n\u001b[31m\u001b[1mApprovalError\u001b[22m: The requesting operator cannot approve their own action\u001b[39m\n\u001b[36m \u001b[2m❯\u001b[22m ApprovalEngine.approve packages/approval-engine/src/engine.ts:\u001b[2m250:13\u001b[22m\u001b[39m\n    \u001b[90m248|\u001b[39m     \u001b[35mthis\u001b[39m\u001b[33m.\u001b[39m#\u001b[34massertNotExpired\u001b[39m(record)\n    \u001b[90m249|\u001b[39m     if (!this.#allowSelfApproval && record.operatorId !== input.approv…\n    \u001b[90m250|\u001b[39m       \u001b[35mthrow\u001b[39m \u001b[35mnew\u001b[39m \u001b[33mApprovalError\u001b[39m(\n    \u001b[90m   |\u001b[39m             \u001b[31m^\u001b[39m\n    \u001b[90m251|\u001b[39m         \u001b[32m'self_approval_denied'\u001b[39m\u001b[33m,\u001b[39m\n    \u001b[90m252|\u001b[39m         \u001b[32m'The requesting operator cannot approve their own action'\u001b[39m\n\u001b[90m \u001b[2m❯\u001b[22m approvedEngine packages/approval-engine/src/__tests__/approval-engine.test.ts:\u001b[2m53:10\u001b[22m\u001b[39m\n\u001b[90m \u001b[2m❯\u001b[22m packages/approval-engine/src/__tests__/approval-engine.test.ts:\u001b[2m92:38\u001b[22m\u001b[39m\n\n\u001b[31m\u001b[2m⎯⎯⎯⎯⎯⎯⎯⎯⎯⎯⎯⎯⎯⎯⎯⎯⎯⎯⎯⎯⎯⎯⎯⎯[2/8]⎯\u001b[22m\u001b[39m\n\n\u001b[41m\u001b[1m FAIL \u001b[22m\u001b[49m packages/approval-engine/src/__tests__/approval-engine.test.ts\u001b[2m > \u001b[22mapproval engine\u001b[2m > \u001b[22mis single-use: reuse fails after execution\n\u001b[31m\u001b[1mApprovalError\u001b[22m: The requesting operator cannot approve their own action\u001b[39m\n\u001b[36m \u001b[2m❯\u001b[22m ApprovalEngine.approve packages/approval-engine/src/engine.ts:\u001b[2m250:13\u001b[22m\u001b[39m\n    \u001b[90m248|\u001b[39m     \u001b[35mthis\u001b[39m\u001b[33m.\u001b[39m#\u001b[34massertNotExpired\u001b[39m(record)\n    \u001b[90m249|\u001b[39m     if (!this.#allowSelfApproval && record.operatorId !== input.approv…\n    \u001b[90m250|\u001b[39m       \u001b[35mthrow\u001b[39m \u001b[35mnew\u001b[39m \u001b[33mApprovalError\u001b[39m(\n    \u001b[90m   |\u001b[39m             \u001b[31m^\u001b[39m\n    \u001b[90m251|\u001b[39m         \u001b[32m'self_approval_denied'\u001b[39m\u001b[33m,\u001b[39m\n    \u001b[90m252|\u001b[39m         \u001b[32m'The requesting operator cannot approve their own action'\u001b[39m\n\u001b[90m \u001b[2m❯\u001b[22m approvedEngine packages/approval-engine/src/__tests__/approval-engine.test.ts:\u001b[2m53:10\u001b[22m\u001b[39m\n\u001b[90m \u001b[2m❯\u001b[22m packages/approval-engine/src/__tests__/approval-engine.test.ts:\u001b[2m128:38\u001b[22m\u001b[39m\n\n\u001b[31m\u001b[2m⎯⎯⎯⎯⎯⎯⎯⎯⎯⎯⎯⎯⎯⎯⎯⎯⎯⎯⎯⎯⎯⎯⎯⎯[3/8]⎯\u001b[22m\u001b[39m\n\n\u001b[41m\u001b[1m FAIL \u001b[22m\u001b[49m packages/approval-engine/src/__tests__/approval-engine.test.ts\u001b[2m > \u001b[22mapproval engine\u001b[2m > \u001b[22mallows exactly one winner in a concurrent consumption race\n\u001b[31m\u001b[1mApprovalError\u001b[22m: The requesting operator cannot approve their own action\u001b[39m\n\u001b[36m \u001b[2m❯\u001b[22m ApprovalEngine.approve packages/approval-engine/src/engine.ts:\u001b[2m250:13\u001b[22m\u001b[39m\n    \u001b[90m248|\u001b[39m     \u001b[35mthis\u001b[39m\u001b[33m.\u001b[39m#\u001b[34massertNotExpired\u001b[39m(record)\n    \u001b[90m249|\u001b[39m     if (!this.#allowSelfApproval && record.operatorId !== input.approv…\n    \u001b[90m250|\u001b[39m       \u001b[35mthrow\u001b[39m \u001b[35mnew\u001b[39m \u001b[33mApprovalError\u001b[39m(\n    \u001b[90m   |\u001b[39m             \u001b[31m^\u001b[39m\n    \u001b[90m251|\u001b[39m         \u001b[32m'self_approval_denied'\u001b[39m\u001b[33m,\u001b[39m\n    \u001b[90m252|\u001b[39m         \u001b[32m'The requesting operator cannot approve their own action'\u001b[39m\n\u001b[90m \u001b[2m❯\u001b[22m approvedEngine packages/approval-engine/src/__tests__/approval-engine.test.ts:\u001b[2m53:10\u001b[22m\u001b[39m\n\u001b[90m \u001b[2m❯\u001b[22m packages/approval-engine/src/__tests__/approval-engine.test.ts:\u001b[2m144:38\u001b[22m\u001b[39m\n\n\u001b[31m\u001b[2m⎯⎯⎯⎯⎯⎯⎯⎯⎯⎯⎯⎯⎯⎯⎯⎯⎯⎯⎯⎯⎯⎯⎯⎯[4/8]⎯\u001b[22m\u001b[39m\n\n\u001b[41m\u001b[1m FAIL \u001b[22m\u001b[49m packages/approval-engine/src/__tests__/approval-engine.test.ts\u001b[2m > \u001b[22mapproval engine\u001b[2m > \u001b[22mexpires approvals and fails closed after the deadline\n\u001b[31m\u001b[1mApprovalError\u001b[22m: The requesting operator cannot approve their own action\u001b[39m\n\u001b[36m \u001b[2m❯\u001b[22m ApprovalEngine.approve packages/approval-engine/src/engine.ts:\u001b[2m250:13\u001b[22m\u001b[39m\n    \u001b[90m248|\u001b[39m     \u001b[35mthis\u001b[39m\u001b[33m.\u001b[39m#\u001b[34massertNotExpired\u001b[39m(record)\n    \u001b[90m249|\u001b[39m     if (!this.#allowSelfApproval && record.operatorId !== input.approv…\n    \u001b[90m250|\u001b[39m       \u001b[35mthrow\u001b[39m \u001b[35mnew\u001b[39m \u001b[33mApprovalError\u001b[39m(\n    \u001b[90m   |\u001b[39m             \u001b[31m^\u001b[39m\n    \u001b[90m251|\u001b[39m         \u001b[32m'self_approval_denied'\u001b[39m\u001b[33m,\u001b[39m\n    \u001b[90m252|\u001b[39m         \u001b[32m'The requesting operator cannot approve their own action'\u001b[39m\n\u001b[90m \u001b[2m❯\u001b[22m packages/approval-engine/src/__tests__/approval-engine.test.ts:\u001b[2m169:12\u001b[22m\u001b[39m\n\n\u001b[31m\u001b[2m⎯⎯⎯⎯⎯⎯⎯⎯⎯⎯⎯⎯⎯⎯⎯⎯⎯⎯⎯⎯⎯⎯⎯⎯[5/8]⎯\u001b[22m\u001b[39m\n\n\u001b[41m\u001b[1m FAIL \u001b[22m\u001b[49m packages/approval-engine/src/__tests__/approval-engine.test.ts\u001b[2m > \u001b[22mapproval engine\u001b[2m > \u001b[22mdenies self approval and enforces tenant isolation\n\u001b[31m\u001b[1mAssertionError\u001b[22m: expected function to throw an error, but it didn't\u001b[39m\n\u001b[36m \u001b[2m❯\u001b[22m packages/approval-engine/src/__tests__/approval-engine.test.ts:\u001b[2m214:7\u001b[22m\u001b[39m\n    \u001b[90m212|\u001b[39m     \u001b[34mexpect\u001b[39m(() \u001b[33m=>\u001b[39m\n    \u001b[90m213|\u001b[39m       engine.approve(TENANT, record.approvalId, { approverId: 'op_requ…\n    \u001b[90m214|\u001b[39m     ).toThrowError(expect.objectContaining({ code: 'self_approval_deni…\n    \u001b[90m   |\u001b[39m       \u001b[31m^\u001b[39m\n    \u001b[90m215|\u001b[39m     expect(() => engine.get(OTHER_TENANT, record.approvalId)).toThrowE…\n    \u001b[90m216|\u001b[39m       expect\u001b[33m.\u001b[39m\u001b[34mobjectContaining\u001b[39m({ code\u001b[33m:\u001b[39m \u001b[32m'not_found'\u001b[39m })\n\n\u001b[31m\u001b[2m⎯⎯⎯⎯⎯⎯⎯⎯⎯⎯⎯⎯⎯⎯⎯⎯⎯⎯⎯⎯⎯⎯⎯⎯[6/8]⎯\u001b[22m\u001b[39m\n\n\u001b[41m\u001b[1m FAIL \u001b[22m\u001b[49m packages/approval-engine/src/__tests__/approval-engine.test.ts\u001b[2m > \u001b[22mapproval engine\u001b[2m > \u001b[22msupports rejection, cancellation and non-single-use execution\n\u001b[31m\u001b[1mApprovalError\u001b[22m: The requesting operator cannot approve their own action\u001b[39m\n\u001b[36m \u001b[2m❯\u001b[22m ApprovalEngine.approve packages/approval-engine/src/engine.ts:\u001b[2m250:13\u001b[22m\u001b[39m\n    \u001b[90m248|\u001b[39m     \u001b[35mthis\u001b[39m\u001b[33m.\u001b[39m#\u001b[34massertNotExpired\u001b[39m(record)\n    \u001b[90m249|\u001b[39m     if (!this.#allowSelfApproval && record.operatorId !== input.approv…\n    \u001b[90m250|\u001b[39m       \u001b[35mthrow\u001b[39m \u001b[35mnew\u001b[39m \u001b[33mApprovalError\u001b[39m(\n    \u001b[90m   |\u001b[39m             \u001b[31m^\u001b[39m\n    \u001b[90m251|\u001b[39m         \u001b[32m'self_approval_denied'\u001b[39m\u001b[33m,\u001b[39m\n    \u001b[90m252|\u001b[39m         \u001b[32m'The requesting operator cannot approve their own action'\u001b[39m\n\u001b[90m \u001b[2m❯\u001b[22m packages/approval-engine/src/__tests__/approval-engine.test.ts:\u001b[2m236:12\u001b[22m\u001b[39m\n\n\u001b[31m\u001b[2m⎯⎯⎯⎯⎯⎯⎯⎯⎯⎯⎯⎯⎯⎯⎯⎯⎯⎯⎯⎯⎯⎯⎯⎯[7/8]⎯\u001b[22m\u001b[39m\n\n\u001b[41m\u001b[1m FAIL \u001b[22m\u001b[49m packages/approval-engine/src/__tests__/approval-engine.test.ts\u001b[2m > \u001b[22mapproval engine\u001b[2m > \u001b[22mrejects invalid input and illegal transitions\n\u001b[31m\u001b[1mAssertionError\u001b[22m: expected error to match asymmetric matcher\u001b[39m\n\n\u001b[32m- Expected\u001b[39m\n\u001b[31m+ Received\u001b[39m\n\n\u001b[32m- ObjectContaining {\u001b[39m\n\u001b[32m-   \"code\": \"invalid_state\",\u001b[39m\n\u001b[31m+ ApprovalError {\u001b[39m\n\u001b[31m+   \"message\": \"The requesting operator cannot approve their own action\",\u001b[39m\n\u001b[31m+   \"code\": \"self_approval_denied\",\u001b[39m\n\u001b[31m+   \"name\": \"ApprovalError\",\u001b[39m\n\u001b[2m  }\u001b[22m\n\n\u001b[36m \u001b[2m❯\u001b[22m packages/approval-engine/src/__tests__/approval-engine.test.ts:\u001b[2m258:7\u001b[22m\u001b[39m\n    \u001b[90m256|\u001b[39m     \u001b[34mexpect\u001b[39m(() \u001b[33m=>\u001b[39m\n    \u001b[90m257|\u001b[39m       engine.approve(TENANT, record.approvalId, { approverId: 'op_appr…\n    \u001b[90m258|\u001b[39m     )\u001b[33m.\u001b[39m\u001b[34mtoThrowError\u001b[39m(expect\u001b[33m.\u001b[39m\u001b[34mobjectContaining\u001b[39m({ code\u001b[33m:\u001b[39m \u001b[32m'invalid_state'\u001b[39m }))\n    \u001b[90m   |\u001b[39m       \u001b[31m^\u001b[39m\n    \u001b[90m259|\u001b[39m     \u001b[34mexpect\u001b[39m(() \u001b[33m=>\u001b[39m\n    \u001b[90m260|\u001b[39m       engine\u001b[33m.\u001b[39m\u001b[34mverifyAndConsume\u001b[39m({\n\n\u001b[31m\u001b[2m⎯⎯⎯⎯⎯⎯⎯⎯⎯⎯⎯⎯⎯⎯⎯⎯⎯⎯⎯⎯⎯⎯⎯⎯[8/8]⎯\u001b[22m\u001b[39m"
    },
    {
      "id": "rate-limit-max-boundary",
      "domain": "rate-limiter",
      "mode": "vitest",
      "source": "apps/api/src/rate-limit.ts",
      "sourceSha256": "a4a9df2f39783d6ab5339264519463d7b312c79b0f0d0785a5ab7fd8b5be050b",
      "from": "existing.count >= policy.max",
      "to": "existing.count > policy.max",
      "testFiles": [
        "apps/api/src/__tests__/rate-limit.test.ts"
      ],
      "budgetMs": 120000,
      "durationMs": 2462,
      "status": "KILLED",
      "exitCode": 1,
      "signal": null,
      "output": "\u001b[1m\u001b[30m\u001b[46m RUN \u001b[49m\u001b[39m\u001b[22m \u001b[36mv4.1.11 \u001b[39m\u001b[90m/tmp/rem21-013-mutation-K0rDIB\u001b[39m\n\n\u001b[33m\u001b[39m\u001b[31mx\u001b[39m\u001b[33m\u001b[39m\u001b[31mx\u001b[39m\u001b[33m\u001b[39m\u001b[31mx\u001b[39m\u001b[33m\u001b[39m\u001b[32m·\u001b[39m\u001b[33m\u001b[39m\u001b[32m·\u001b[39m\u001b[33m\u001b[39m\u001b[31mx\u001b[39m\n\n\u001b[2m Test Files \u001b[22m \u001b[1m\u001b[31m1 failed\u001b[39m\u001b[22m\u001b[90m (1)\u001b[39m\n\u001b[2m      Tests \u001b[22m \u001b[1m\u001b[31m4 failed\u001b[39m\u001b[22m\u001b[2m | \u001b[22m\u001b[1m\u001b[32m2 passed\u001b[39m\u001b[22m\u001b[90m (6)\u001b[39m\n\u001b[2m   Start at \u001b[22m 03:36:08\n\u001b[2m   Duration \u001b[22m 2.14s\u001b[2m (transform 872ms, setup 0ms, import 1.23s, tests 232ms, environment 561ms)\u001b[22m\n\n\n\n\u001b[31m⎯⎯⎯⎯⎯⎯⎯\u001b[39m\u001b[1m\u001b[41m Failed Tests 4 \u001b[49m\u001b[22m\u001b[31m⎯⎯⎯⎯⎯⎯⎯\u001b[39m\n\n\u001b[41m\u001b[1m FAIL \u001b[22m\u001b[49m apps/api/src/__tests__/rate-limit.test.ts\u001b[2m > \u001b[22min-memory API rate limiter\u001b[2m > \u001b[22mallows a bounded number of requests and exposes retry timing\n\u001b[31m\u001b[1mAssertionError\u001b[22m: expected { Object (allowed, retryAfterSeconds) } to deeply equal { allowed: false, …(1) }\u001b[39m\n\n\u001b[32m- Expected\u001b[39m\n\u001b[31m+ Received\u001b[39m\n\n\u001b[2m  {\u001b[22m\n\u001b[32m-   \"allowed\": false,\u001b[39m\n\u001b[32m-   \"retryAfterSeconds\": 60,\u001b[39m\n\u001b[31m+   \"allowed\": true,\u001b[39m\n\u001b[31m+   \"retryAfterSeconds\": 0,\u001b[39m\n\u001b[2m  }\u001b[22m\n\n\u001b[36m \u001b[2m❯\u001b[22m apps/api/src/__tests__/rate-limit.test.ts:\u001b[2m21:69\u001b[22m\u001b[39m\n    \u001b[90m 19|\u001b[39m       retryAfterSeconds\u001b[33m:\u001b[39m \u001b[34m0\u001b[39m\n    \u001b[90m 20|\u001b[39m     })\n    \u001b[90m 21|\u001b[39m     expect(limiter.check('client-a', { max: 2, windowMs: 60_000 })).to…\n    \u001b[90m   |\u001b[39m                                                                     \u001b[31m^\u001b[39m\n    \u001b[90m 22|\u001b[39m       allowed\u001b[33m:\u001b[39m \u001b[35mfalse\u001b[39m\u001b[33m,\u001b[39m\n    \u001b[90m 23|\u001b[39m       retryAfterSeconds\u001b[33m:\u001b[39m \u001b[34m60\u001b[39m\n\n\u001b[31m\u001b[2m⎯⎯⎯⎯⎯⎯⎯⎯⎯⎯⎯⎯⎯⎯⎯⎯⎯⎯⎯⎯⎯⎯⎯⎯[1/4]⎯\u001b[22m\u001b[39m\n\n\u001b[41m\u001b[1m FAIL \u001b[22m\u001b[49m apps/api/src/__tests__/rate-limit.test.ts\u001b[2m > \u001b[22min-memory API rate limiter\u001b[2m > \u001b[22mexpires buckets without sharing limits across keys\n\u001b[31m\u001b[1mAssertionError\u001b[22m: expected true to be false // Object.is equality\u001b[39m\n\n\u001b[32m- Expected\u001b[39m\n\u001b[31m+ Received\u001b[39m\n\n\u001b[32m- false\u001b[39m\n\u001b[31m+ true\u001b[39m\n\n\u001b[36m \u001b[2m❯\u001b[22m apps/api/src/__tests__/rate-limit.test.ts:\u001b[2m37:76\u001b[22m\u001b[39m\n    \u001b[90m 35|\u001b[39m       \u001b[35mtrue\u001b[39m\n    \u001b[90m 36|\u001b[39m     )\n    \u001b[90m 37|\u001b[39m     expect(limiter.check('client-a', { max: 1, windowMs: 1_000 }).allo…\n    \u001b[90m   |\u001b[39m                                                                            \u001b[31m^\u001b[39m\n    \u001b[90m 38|\u001b[39m       \u001b[35mfalse\u001b[39m\n    \u001b[90m 39|\u001b[39m     )\n\n\u001b[31m\u001b[2m⎯⎯⎯⎯⎯⎯⎯⎯⎯⎯⎯⎯⎯⎯⎯⎯⎯⎯⎯⎯⎯⎯⎯⎯[2/4]⎯\u001b[22m\u001b[39m\n\n\u001b[41m\u001b[1m FAIL \u001b[22m\u001b[49m apps/api/src/__tests__/rate-limit.test.ts\u001b[2m > \u001b[22min-memory API rate limiter\u001b[2m > \u001b[22mdoes not evict an active budget when capacity is full\n\u001b[31m\u001b[1mAssertionError\u001b[22m: expected true to be false // Object.is equality\u001b[39m\n\n\u001b[32m- Expected\u001b[39m\n\u001b[31m+ Received\u001b[39m\n\n\u001b[32m- false\u001b[39m\n\u001b[31m+ true\u001b[39m\n\n\u001b[36m \u001b[2m❯\u001b[22m apps/api/src/__tests__/rate-limit.test.ts:\u001b[2m64:7\u001b[22m\u001b[39m\n    \u001b[90m 62|\u001b[39m     \u001b[34mexpect\u001b[39m(\n    \u001b[90m 63|\u001b[39m       limiter\u001b[33m.\u001b[39m\u001b[34mcheck\u001b[39m(\u001b[32m'client-b'\u001b[39m\u001b[33m,\u001b[39m { max\u001b[33m:\u001b[39m \u001b[34m1\u001b[39m\u001b[33m,\u001b[39m windowMs\u001b[33m:\u001b[39m \u001b[34m20_000\u001b[39m })\u001b[33m.\u001b[39mallowed\n    \u001b[90m 64|\u001b[39m     )\u001b[33m.\u001b[39m\u001b[34mtoBe\u001b[39m(\u001b[35mfalse\u001b[39m)\n    \u001b[90m   |\u001b[39m       \u001b[31m^\u001b[39m\n    \u001b[90m 65|\u001b[39m     \u001b[34mexpect\u001b[39m(\n    \u001b[90m 66|\u001b[39m       limiter\u001b[33m.\u001b[39m\u001b[34mcheck\u001b[39m(\u001b[32m'client-a'\u001b[39m\u001b[33m,\u001b[39m { max\u001b[33m:\u001b[39m \u001b[34m1\u001b[39m\u001b[33m,\u001b[39m windowMs\u001b[33m:\u001b[39m \u001b[34m10_000\u001b[39m })\u001b[33m.\u001b[39mallowed\n\n\u001b[31m\u001b[2m⎯⎯⎯⎯⎯⎯⎯⎯⎯⎯⎯⎯⎯⎯⎯⎯⎯⎯⎯⎯⎯⎯⎯⎯[3/4]⎯\u001b[22m\u001b[39m\n\n\u001b[41m\u001b[1m FAIL \u001b[22m\u001b[49m apps/api/src/__tests__/rate-limit.test.ts\u001b[2m > \u001b[22min-memory API rate limiter\u001b[2m > \u001b[22mreturns a stable 429 envelope after the API window is exhausted\n\u001b[31m\u001b[1mAssertionError\u001b[22m: expected 401 to be 429 // Object.is equality\u001b[39m\n\n\u001b[32m- Expected\u001b[39m\n\u001b[31m+ Received\u001b[39m\n\n\u001b[32m- 429\u001b[39m\n\u001b[31m+ 401\u001b[39m\n\n\u001b[36m \u001b[2m❯\u001b[22m apps/api/src/__tests__/rate-limit.test.ts:\u001b[2m129:34\u001b[22m\u001b[39m\n    \u001b[90m127|\u001b[39m     \u001b[35mawait\u001b[39m app\u001b[33m.\u001b[39m\u001b[34mclose\u001b[39m()\n    \u001b[90m128|\u001b[39m\n    \u001b[90m129|\u001b[39m     \u001b[34mexpect\u001b[39m(response\u001b[33m?.\u001b[39mstatusCode)\u001b[33m.\u001b[39m\u001b[34mtoBe\u001b[39m(\u001b[34m429\u001b[39m)\n    \u001b[90m   |\u001b[39m                                  \u001b[31m^\u001b[39m\n    \u001b[90m130|\u001b[39m     \u001b[34mexpect\u001b[39m(response\u001b[33m?.\u001b[39mheaders[\u001b[32m'retry-after'\u001b[39m])\u001b[33m.\u001b[39m\u001b[34mtoBeDefined\u001b[39m()\n    \u001b[90m131|\u001b[39m     \u001b[34mexpect\u001b[39m(response\u001b[33m?.\u001b[39mheaders[\u001b[32m'cache-control'\u001b[39m])\u001b[33m.\u001b[39m\u001b[34mtoBe\u001b[39m(\u001b[32m'no-store'\u001b[39m)\n\n\u001b[31m\u001b[2m⎯⎯⎯⎯⎯⎯⎯⎯⎯⎯⎯⎯⎯⎯⎯⎯⎯⎯⎯⎯⎯⎯⎯⎯[4/4]⎯\u001b[22m\u001b[39m"
    },
    {
      "id": "persistence-content-mismatch-comparator",
      "domain": "persistence",
      "mode": "vitest",
      "source": "packages/persistence/src/outbox-content-hash.ts",
      "sourceSha256": "439d7e45ecfafffb4e5507c1dadd57fc9c990979545175a746d20e81af0eef32",
      "from": "computeOutboxContentHash(winner) !== computeOutboxContentHash(incoming)",
      "to": "computeOutboxContentHash(winner) === computeOutboxContentHash(incoming)",
      "testFiles": [
        "packages/persistence/src/__tests__/outbox-content-binding.test.ts"
      ],
      "budgetMs": 120000,
      "durationMs": 1344,
      "status": "KILLED",
      "exitCode": 1,
      "signal": null,
      "output": "\u001b[1m\u001b[30m\u001b[46m RUN \u001b[49m\u001b[39m\u001b[22m \u001b[36mv4.1.11 \u001b[39m\u001b[90m/tmp/rem21-013-mutation-K0rDIB\u001b[39m\n\n\u001b[33m\u001b[39m\u001b[32m·\u001b[39m\u001b[33m\u001b[39m\u001b[31mx\u001b[39m\u001b[33m\u001b[39m\u001b[31mx\u001b[39m\u001b[33m\u001b[39m\u001b[31mx\u001b[39m\u001b[33m\u001b[39m\u001b[31mx\u001b[39m\u001b[33m\u001b[39m\u001b[31mx\u001b[39m\n\n\u001b[2m Test Files \u001b[22m \u001b[1m\u001b[31m1 failed\u001b[39m\u001b[22m\u001b[90m (1)\u001b[39m\n\u001b[2m      Tests \u001b[22m \u001b[1m\u001b[31m5 failed\u001b[39m\u001b[22m\u001b[2m | \u001b[22m\u001b[1m\u001b[32m1 passed\u001b[39m\u001b[22m\u001b[90m (6)\u001b[39m\n\u001b[2m   Start at \u001b[22m 03:36:10\n\u001b[2m   Duration \u001b[22m 1.03s\u001b[2m (transform 231ms, setup 0ms, import 349ms, tests 13ms, environment 548ms)\u001b[22m\n\n\n\n\u001b[31m⎯⎯⎯⎯⎯⎯⎯\u001b[39m\u001b[1m\u001b[41m Failed Tests 5 \u001b[49m\u001b[22m\u001b[31m⎯⎯⎯⎯⎯⎯⎯\u001b[39m\n\n\u001b[41m\u001b[1m FAIL \u001b[22m\u001b[49m packages/persistence/src/__tests__/outbox-content-binding.test.ts\u001b[2m > \u001b[22moutbox content binding (AUD19-004)\u001b[2m > \u001b[22mreturns the same record for an identical replay\n\u001b[31m\u001b[1mDomainError\u001b[22m: Outbox idempotency key is bound to different content (type/version/payload mismatch)\u001b[39m\n\u001b[36m \u001b[2m❯\u001b[22m packages/persistence/src/outbox.ts:\u001b[2m238:17\u001b[22m\u001b[39m\n    \u001b[90m236|\u001b[39m         }\u001b[33m,\u001b[39m\n    \u001b[90m237|\u001b[39m         (message) \u001b[33m=>\u001b[39m {\n    \u001b[90m238|\u001b[39m           \u001b[35mthrow\u001b[39m \u001b[35mnew\u001b[39m \u001b[33mDomainError\u001b[39m(\u001b[32m'conflict'\u001b[39m\u001b[33m,\u001b[39m message)\n    \u001b[90m   |\u001b[39m                 \u001b[31m^\u001b[39m\n    \u001b[90m239|\u001b[39m         }\n    \u001b[90m240|\u001b[39m       )\n\u001b[90m \u001b[2m❯\u001b[22m assertSameOutboxContent packages/persistence/src/outbox-content-hash.ts:\u001b[2m46:5\u001b[22m\u001b[39m\n\u001b[90m \u001b[2m❯\u001b[22m OutboxRepository.enqueue packages/persistence/src/outbox.ts:\u001b[2m222:7\u001b[22m\u001b[39m\n\u001b[90m \u001b[2m❯\u001b[22m packages/persistence/src/__tests__/outbox-content-binding.test.ts:\u001b[2m59:27\u001b[22m\u001b[39m\n\n\u001b[31m\u001b[2m⎯⎯⎯⎯⎯⎯⎯⎯⎯⎯⎯⎯⎯⎯⎯⎯⎯⎯⎯⎯⎯⎯⎯⎯[1/5]⎯\u001b[22m\u001b[39m\n\n\u001b[41m\u001b[1m FAIL \u001b[22m\u001b[49m packages/persistence/src/__tests__/outbox-content-binding.test.ts\u001b[2m > \u001b[22moutbox content binding (AUD19-004)\u001b[2m > \u001b[22mconverges payloads that are identical after privacy redaction\n\u001b[31m\u001b[1mDomainError\u001b[22m: Outbox idempotency key is bound to different content (type/version/payload mismatch)\u001b[39m\n\u001b[36m \u001b[2m❯\u001b[22m packages/persistence/src/outbox.ts:\u001b[2m238:17\u001b[22m\u001b[39m\n    \u001b[90m236|\u001b[39m         }\u001b[33m,\u001b[39m\n    \u001b[90m237|\u001b[39m         (message) \u001b[33m=>\u001b[39m {\n    \u001b[90m238|\u001b[39m           \u001b[35mthrow\u001b[39m \u001b[35mnew\u001b[39m \u001b[33mDomainError\u001b[39m(\u001b[32m'conflict'\u001b[39m\u001b[33m,\u001b[39m message)\n    \u001b[90m   |\u001b[39m                 \u001b[31m^\u001b[39m\n    \u001b[90m239|\u001b[39m         }\n    \u001b[90m240|\u001b[39m       )\n\u001b[90m \u001b[2m❯\u001b[22m assertSameOutboxContent packages/persistence/src/outbox-content-hash.ts:\u001b[2m46:5\u001b[22m\u001b[39m\n\u001b[90m \u001b[2m❯\u001b[22m OutboxRepository.enqueue packages/persistence/src/outbox.ts:\u001b[2m222:7\u001b[22m\u001b[39m\n\u001b[90m \u001b[2m❯\u001b[22m packages/persistence/src/__tests__/outbox-content-binding.test.ts:\u001b[2m68:27\u001b[22m\u001b[39m\n\n\u001b[31m\u001b[2m⎯⎯⎯⎯⎯⎯⎯⎯⎯⎯⎯⎯⎯⎯⎯⎯⎯⎯⎯⎯⎯⎯⎯⎯[2/5]⎯\u001b[22m\u001b[39m\n\n\u001b[41m\u001b[1m FAIL \u001b[22m\u001b[49m packages/persistence/src/__tests__/outbox-content-binding.test.ts\u001b[2m > \u001b[22moutbox content binding (AUD19-004)\u001b[2m > \u001b[22mrejects a divergent type on the same key without mutating the winner\n\u001b[31m\u001b[1mAssertionError\u001b[22m: expected function to throw an error, but it didn't\u001b[39m\n\u001b[36m \u001b[2m❯\u001b[22m packages/persistence/src/__tests__/outbox-content-binding.test.ts:\u001b[2m77:7\u001b[22m\u001b[39m\n    \u001b[90m 75|\u001b[39m     \u001b[34mexpect\u001b[39m(() \u001b[33m=>\u001b[39m\n    \u001b[90m 76|\u001b[39m       outbox\u001b[33m.\u001b[39m\u001b[34menqueue\u001b[39m(\u001b[34minput\u001b[39m({ type\u001b[33m:\u001b[39m \u001b[32m'synthetic.other'\u001b[39m }))\n    \u001b[90m 77|\u001b[39m     )\u001b[33m.\u001b[39m\u001b[34mtoThrowError\u001b[39m(\u001b[33mDomainError\u001b[39m)\n    \u001b[90m   |\u001b[39m       \u001b[31m^\u001b[39m\n    \u001b[90m 78|\u001b[39m     expect(outbox.findById(first.id, tenantA)?.type).toBe('synthetic.m…\n    \u001b[90m 79|\u001b[39m   })\n\n\u001b[31m\u001b[2m⎯⎯⎯⎯⎯⎯⎯⎯⎯⎯⎯⎯⎯⎯⎯⎯⎯⎯⎯⎯⎯⎯⎯⎯[3/5]⎯\u001b[22m\u001b[39m\n\n\u001b[41m\u001b[1m FAIL \u001b[22m\u001b[49m packages/persistence/src/__tests__/outbox-content-binding.test.ts\u001b[2m > \u001b[22moutbox content binding (AUD19-004)\u001b[2m > \u001b[22mrejects a divergent payload on the same key\n\u001b[31m\u001b[1mAssertionError\u001b[22m: expected function to throw an error, but it didn't\u001b[39m\n\u001b[36m \u001b[2m❯\u001b[22m packages/persistence/src/__tests__/outbox-content-binding.test.ts:\u001b[2m86:7\u001b[22m\u001b[39m\n    \u001b[90m 84|\u001b[39m     \u001b[34mexpect\u001b[39m(() \u001b[33m=>\u001b[39m\n    \u001b[90m 85|\u001b[39m       outbox.enqueue(input({ payload: { channel: 'whatsapp', urgent: t…\n    \u001b[90m 86|\u001b[39m     )\u001b[33m.\u001b[39m\u001b[34mtoThrowError\u001b[39m(expect\u001b[33m.\u001b[39m\u001b[34mobjectContaining\u001b[39m({ code\u001b[33m:\u001b[39m \u001b[32m'conflict'\u001b[39m }))\n    \u001b[90m   |\u001b[39m       \u001b[31m^\u001b[39m\n    \u001b[90m 87|\u001b[39m     \u001b[34mexpect\u001b[39m(() \u001b[33m=>\u001b[39m\n    \u001b[90m 88|\u001b[39m       outbox.enqueue(input({ payload: { channel: 'web', urgent: false …\n\n\u001b[31m\u001b[2m⎯⎯⎯⎯⎯⎯⎯⎯⎯⎯⎯⎯⎯⎯⎯⎯⎯⎯⎯⎯⎯⎯⎯⎯[4/5]⎯\u001b[22m\u001b[39m\n\n\u001b[41m\u001b[1m FAIL \u001b[22m\u001b[49m packages/persistence/src/__tests__/outbox-content-binding.test.ts\u001b[2m > \u001b[22moutbox content binding (AUD19-004)\u001b[2m > \u001b[22mrejects a divergent envelope version on the same key\n\u001b[31m\u001b[1mAssertionError\u001b[22m: expected function to throw an error, but it didn't\u001b[39m\n\u001b[36m \u001b[2m❯\u001b[22m packages/persistence/src/__tests__/outbox-content-binding.test.ts:\u001b[2m95:65\u001b[22m\u001b[39m\n    \u001b[90m 93|\u001b[39m     \u001b[35mconst\u001b[39m outbox \u001b[33m=\u001b[39m \u001b[35mnew\u001b[39m \u001b[33mOutboxRepository\u001b[39m(\u001b[35mnew\u001b[39m \u001b[33mInMemoryDatabase\u001b[39m())\n    \u001b[90m 94|\u001b[39m     outbox\u001b[33m.\u001b[39m\u001b[34menqueue\u001b[39m(\u001b[34minput\u001b[39m())\n    \u001b[90m 95|\u001b[39m     expect(() => outbox.enqueue(input({ envelopeVersion: 2 }))).toThro…\n    \u001b[90m   |\u001b[39m                                                                 \u001b[31m^\u001b[39m\n    \u001b[90m 96|\u001b[39m       expect\u001b[33m.\u001b[39m\u001b[34mobjectContaining\u001b[39m({ code\u001b[33m:\u001b[39m \u001b[32m'conflict'\u001b[39m })\n    \u001b[90m 97|\u001b[39m     )\n\n\u001b[31m\u001b[2m⎯⎯⎯⎯⎯⎯⎯⎯⎯⎯⎯⎯⎯⎯⎯⎯⎯⎯⎯⎯⎯⎯⎯⎯[5/5]⎯\u001b[22m\u001b[39m"
    }
  ],
  "verdict": "PASS"
}
