$ npm run test:coverage && npm run coverage:critical && npm run mutation:guard
# runId=run-aud53-20260925d candidateId=865514e33d60fd21aafa22acecd80128ab0637d23f21da284457456d32321c7c gate=coverage command=npm run test:coverage && npm run coverage:critical && npm run mutation:guard
# exitCode=0 durationMs=466826


> cvg-operational-harness@1.0.0 test:coverage
> vitest run --coverage --no-file-parallelism --maxWorkers=2


 RUN  v4.1.11 /home/ricardo/Área de trabalho/cvg-operational-harness
      Coverage enabled with v8

{"event":"worker.started","level":"info","timestamp":"2026-09-26T02:32:18.784Z","workerId":"worker-pg-continuous-192-a","concurrency":2,"pollIntervalMs":5,"idleMaxBackoffMs":5000,"errorBackoffMs":500,"errorMaxBackoffMs":30000,"leaseMs":1000,"heartbeatIntervalMs":333,"drainMs":5000,"backlogProbe":true,"sweeps":false,"externalEffects":false,"durable":true}
{"event":"worker.outbox.summary","level":"info","timestamp":"2026-09-26T02:32:18.785Z","workerId":"worker-pg-continuous-192-a","reason":"start","claimed":0,"processed":0,"failed":0,"deadLettered":0,"handoffs":0,"errors":0,"claimFailures":0,"leaseLost":0,"heartbeats":0,"idlePolls":0,"released":0,"lag":null,"inFlight":0}
{"event":"worker.metric","name":"worker_outbox_lag","value":0,"attributes":{"operation":"outbox"},"timestamp":"2026-09-26T02:32:18.813Z"}
{"event":"worker.idle_backoff","level":"debug","timestamp":"2026-09-26T02:32:18.813Z","workerId":"worker-pg-continuous-192-a","backoffMs":5,"lag":0}
{"event":"worker.idle_backoff","level":"debug","timestamp":"2026-09-26T02:32:18.823Z","workerId":"worker-pg-continuous-192-a","backoffMs":10,"lag":0}
{"event":"worker.metric","name":"worker_outbox_processed_total","value":1,"attributes":{"status":"processed"},"timestamp":"2026-09-26T02:32:18.832Z"}
{"event":"worker.outbox.processed","level":"info","timestamp":"2026-09-26T02:32:18.832Z","eventId":"outbox_d4734ce3-7f69-4593-a243-6818ef6b9679","workerId":"worker-pg-continuous-192-a","status":"processed","attempt":1,"leaseLost":false,"operation":"outbox"}
{"event":"worker.idle_backoff","level":"debug","timestamp":"2026-09-26T02:32:18.840Z","workerId":"worker-pg-continuous-192-a","backoffMs":20,"lag":0}
{"event":"worker.outbox.summary","level":"info","timestamp":"2026-09-26T02:32:18.840Z","workerId":"worker-pg-continuous-192-a","reason":"stop","claimed":1,"processed":1,"failed":0,"deadLettered":0,"handoffs":0,"errors":0,"claimFailures":0,"leaseLost":0,"heartbeats":0,"idlePolls":3,"released":0,"lag":0,"inFlight":0}
{"event":"worker.stopped","level":"info","timestamp":"2026-09-26T02:32:18.840Z","workerId":"worker-pg-continuous-192-a","drained":true,"released":0,"releaseFailed":0,"processed":1,"failed":0,"deadLettered":0,"lag":0}
{"event":"worker.started","level":"info","timestamp":"2026-09-26T02:32:18.848Z","workerId":"worker-pg-continuous-192-b","concurrency":2,"pollIntervalMs":5,"idleMaxBackoffMs":5000,"errorBackoffMs":500,"errorMaxBackoffMs":30000,"leaseMs":1000,"heartbeatIntervalMs":333,"drainMs":5000,"backlogProbe":true,"sweeps":false,"externalEffects":false,"durable":true}
{"event":"worker.outbox.summary","level":"info","timestamp":"2026-09-26T02:32:18.848Z","workerId":"worker-pg-continuous-192-b","reason":"start","claimed":0,"processed":0,"failed":0,"deadLettered":0,"handoffs":0,"errors":0,"claimFailures":0,"leaseLost":0,"heartbeats":0,"idlePolls":0,"released":0,"lag":null,"inFlight":0}
{"event":"worker.metric","name":"worker_outbox_lag","value":0,"attributes":{"operation":"outbox"},"timestamp":"2026-09-26T02:32:18.877Z"}
{"event":"worker.metric","name":"worker_outbox_dead_lettered_total","value":1,"attributes":{"status":"dead_letter"},"timestamp":"2026-09-26T02:32:18.889Z"}
{"event":"worker.outbox.dead_letter","level":"info","timestamp":"2026-09-26T02:32:18.889Z","eventId":"outbox_1408f9bd-29fc-4019-bc97-421d0d46cd73","workerId":"worker-pg-continuous-192-b","status":"dead_letter","attempt":1,"leaseLost":false,"error":"[redacted-outbox-error]","operation":"outbox"}
{"event":"worker.metric","name":"worker_outbox_processed_total","value":1,"attributes":{"status":"processed"},"timestamp":"2026-09-26T02:32:18.895Z"}
{"event":"worker.outbox.processed","level":"info","timestamp":"2026-09-26T02:32:18.895Z","eventId":"outbox_7cfc85cc-cee6-48ac-ad3a-a3ea476eaa63","workerId":"worker-pg-continuous-192-b","status":"processed","attempt":1,"leaseLost":false,"operation":"outbox"}
{"event":"worker.idle_backoff","level":"debug","timestamp":"2026-09-26T02:32:18.897Z","workerId":"worker-pg-continuous-192-b","backoffMs":5,"lag":0}
{"event":"worker.idle_backoff","level":"debug","timestamp":"2026-09-26T02:32:18.904Z","workerId":"worker-pg-continuous-192-b","backoffMs":10,"lag":0}
{"event":"worker.outbox.summary","level":"info","timestamp":"2026-09-26T02:32:18.904Z","workerId":"worker-pg-continuous-192-b","reason":"stop","claimed":2,"processed":1,"failed":0,"deadLettered":1,"handoffs":0,"errors":0,"claimFailures":0,"leaseLost":0,"heartbeats":0,"idlePolls":2,"released":0,"lag":0,"inFlight":0}
{"event":"worker.stopped","level":"info","timestamp":"2026-09-26T02:32:18.904Z","workerId":"worker-pg-continuous-192-b","drained":true,"released":0,"releaseFailed":0,"processed":1,"failed":0,"deadLettered":1,"lag":0}
{"event":"worker.started","level":"info","timestamp":"2026-09-26T02:32:20.067Z","workerId":"worker-pg-continuous-192-d","concurrency":2,"pollIntervalMs":5,"idleMaxBackoffMs":5000,"errorBackoffMs":500,"errorMaxBackoffMs":30000,"leaseMs":1000,"heartbeatIntervalMs":333,"drainMs":5000,"backlogProbe":true,"sweeps":false,"externalEffects":false,"durable":true}
{"event":"worker.outbox.summary","level":"info","timestamp":"2026-09-26T02:32:20.068Z","workerId":"worker-pg-continuous-192-d","reason":"start","claimed":0,"processed":0,"failed":0,"deadLettered":0,"handoffs":0,"errors":0,"claimFailures":0,"leaseLost":0,"heartbeats":0,"idlePolls":0,"released":0,"lag":null,"inFlight":0}
{"event":"worker.metric","name":"worker_outbox_lag","value":0,"attributes":{"operation":"outbox"},"timestamp":"2026-09-26T02:32:20.092Z"}
{"event":"worker.metric","name":"worker_outbox_processed_total","value":1,"attributes":{"status":"processed"},"timestamp":"2026-09-26T02:32:20.105Z"}
{"event":"worker.outbox.processed","level":"info","timestamp":"2026-09-26T02:32:20.105Z","eventId":"outbox_2a5d84bc-fb4b-48ef-a9a2-76c06e437bdb","workerId":"worker-pg-continuous-192-d","status":"processed","attempt":1,"leaseLost":false,"operation":"outbox"}
{"event":"worker.metric","name":"worker_outbox_processed_total","value":1,"attributes":{"status":"processed"},"timestamp":"2026-09-26T02:32:20.111Z"}
{"event":"worker.outbox.processed","level":"info","timestamp":"2026-09-26T02:32:20.111Z","eventId":"outbox_678fb8fc-3930-4f0d-980a-38ec843b17d9","workerId":"worker-pg-continuous-192-d","status":"processed","attempt":1,"leaseLost":false,"operation":"outbox"}
{"event":"worker.idle_backoff","level":"debug","timestamp":"2026-09-26T02:32:20.112Z","workerId":"worker-pg-continuous-192-d","backoffMs":5,"lag":0}
{"event":"worker.outbox.summary","level":"info","timestamp":"2026-09-26T02:32:20.118Z","workerId":"worker-pg-continuous-192-d","reason":"stop","claimed":2,"processed":2,"failed":0,"deadLettered":0,"handoffs":0,"errors":0,"claimFailures":0,"leaseLost":0,"heartbeats":0,"idlePolls":1,"released":0,"lag":0,"inFlight":0}
{"event":"worker.stopped","level":"info","timestamp":"2026-09-26T02:32:20.118Z","workerId":"worker-pg-continuous-192-d","drained":true,"released":0,"releaseFailed":0,"processed":2,"failed":0,"deadLettered":0,"lag":0}
{"event":"worker.started","level":"info","timestamp":"2026-09-26T02:32:20.123Z","workerId":"worker-pg-continuous-192-e","concurrency":1,"pollIntervalMs":5,"idleMaxBackoffMs":5000,"errorBackoffMs":500,"errorMaxBackoffMs":30000,"leaseMs":1000,"heartbeatIntervalMs":333,"drainMs":5000,"backlogProbe":true,"sweeps":false,"externalEffects":false,"durable":true}
{"event":"worker.outbox.summary","level":"info","timestamp":"2026-09-26T02:32:20.123Z","workerId":"worker-pg-continuous-192-e","reason":"start","claimed":0,"processed":0,"failed":0,"deadLettered":0,"handoffs":0,"errors":0,"claimFailures":0,"leaseLost":0,"heartbeats":0,"idlePolls":0,"released":0,"lag":null,"inFlight":0}
{"event":"worker.metric","name":"worker_outbox_lag","value":0,"attributes":{"operation":"outbox"},"timestamp":"2026-09-26T02:32:20.145Z"}
{"event":"worker.shutdown_release","level":"warn","timestamp":"2026-09-26T02:32:20.181Z","eventId":"outbox_47161b0a-d344-4277-82ac-1e3288102ac0","workerId":"worker-pg-continuous-192-e","operation":"outbox"}
{"event":"worker.metric","name":"worker_outbox_shutdown_releases_total","value":1,"attributes":{"outcome":"released"},"timestamp":"2026-09-26T02:32:20.181Z"}
{"event":"worker.outbox.summary","level":"info","timestamp":"2026-09-26T02:32:20.181Z","workerId":"worker-pg-continuous-192-e","reason":"stop","claimed":1,"processed":0,"failed":0,"deadLettered":0,"handoffs":0,"errors":0,"claimFailures":0,"leaseLost":0,"heartbeats":0,"idlePolls":0,"released":1,"lag":0,"inFlight":1}
{"event":"worker.stopped","level":"info","timestamp":"2026-09-26T02:32:20.181Z","workerId":"worker-pg-continuous-192-e","drained":false,"released":1,"releaseFailed":0,"processed":0,"failed":0,"deadLettered":0,"lag":0}
{"event":"worker.event_error","level":"error","timestamp":"2026-09-26T02:32:20.186Z","eventId":"outbox_47161b0a-d344-4277-82ac-1e3288102ac0","workerId":"worker-pg-continuous-192-e","attempt":1,"error":"outbox_error:conflict","operation":"outbox"}
{"event":"worker.metric","name":"worker_outbox_errors_total","value":1,"attributes":{"outcome":"error"},"timestamp":"2026-09-26T02:32:20.186Z"}
{"event":"worker.started","level":"info","timestamp":"2026-09-26T02:32:20.189Z","workerId":"worker-pg-continuous-192-f","concurrency":2,"pollIntervalMs":5,"idleMaxBackoffMs":5000,"errorBackoffMs":500,"errorMaxBackoffMs":30000,"leaseMs":1000,"heartbeatIntervalMs":333,"drainMs":5000,"backlogProbe":true,"sweeps":false,"externalEffects":false,"durable":true}
{"event":"worker.outbox.summary","level":"info","timestamp":"2026-09-26T02:32:20.189Z","workerId":"worker-pg-continuous-192-f","reason":"start","claimed":0,"processed":0,"failed":0,"deadLettered":0,"handoffs":0,"errors":0,"claimFailures":0,"leaseLost":0,"heartbeats":0,"idlePolls":0,"released":0,"lag":null,"inFlight":0}
{"event":"worker.metric","name":"worker_outbox_lag","value":0,"attributes":{"operation":"outbox"},"timestamp":"2026-09-26T02:32:20.204Z"}
{"event":"worker.idle_backoff","level":"debug","timestamp":"2026-09-26T02:32:20.205Z","workerId":"worker-pg-continuous-192-f","backoffMs":5,"lag":0}
{"event":"worker.idle_backoff","level":"debug","timestamp":"2026-09-26T02:32:20.212Z","workerId":"worker-pg-continuous-192-f","backoffMs":10,"lag":0}
{"event":"worker.idle_backoff","level":"debug","timestamp":"2026-09-26T02:32:20.226Z","workerId":"worker-pg-continuous-192-f","backoffMs":20,"lag":0}
{"event":"worker.idle_backoff","level":"debug","timestamp":"2026-09-26T02:32:20.248Z","workerId":"worker-pg-continuous-192-f","backoffMs":40,"lag":0}
{"event":"worker.idle_backoff","level":"debug","timestamp":"2026-09-26T02:32:20.293Z","workerId":"worker-pg-continuous-192-f","backoffMs":80,"lag":0}
{"event":"worker.idle_backoff","level":"debug","timestamp":"2026-09-26T02:32:20.375Z","workerId":"worker-pg-continuous-192-f","backoffMs":160,"lag":0}
{"event":"worker.idle_backoff","level":"debug","timestamp":"2026-09-26T02:32:20.539Z","workerId":"worker-pg-continuous-192-f","backoffMs":320,"lag":0}
{"event":"worker.idle_backoff","level":"debug","timestamp":"2026-09-26T02:32:20.861Z","workerId":"worker-pg-continuous-192-f","backoffMs":640,"lag":0}
{"event":"worker.outbox.summary","level":"info","timestamp":"2026-09-26T02:32:21.189Z","workerId":"worker-pg-continuous-192-f","reason":"interval","claimed":0,"processed":0,"failed":0,"deadLettered":0,"handoffs":0,"errors":0,"claimFailures":0,"leaseLost":0,"heartbeats":0,"idlePolls":8,"released":0,"lag":0,"inFlight":0}
{"event":"worker.metric","name":"worker_outbox_lag","value":0,"attributes":{"operation":"outbox"},"timestamp":"2026-09-26T02:32:21.514Z"}
{"event":"worker.idle_backoff","level":"debug","timestamp":"2026-09-26T02:32:21.514Z","workerId":"worker-pg-continuous-192-f","backoffMs":5,"lag":0}
{"event":"worker.idle_backoff","level":"debug","timestamp":"2026-09-26T02:32:21.522Z","workerId":"worker-pg-continuous-192-f","backoffMs":10,"lag":0}
{"event":"worker.idle_backoff","level":"debug","timestamp":"2026-09-26T02:32:21.534Z","workerId":"worker-pg-continuous-192-f","backoffMs":20,"lag":0}
{"event":"worker.metric","name":"worker_outbox_processed_total","value":1,"attributes":{"status":"processed"},"timestamp":"2026-09-26T02:32:21.535Z"}
{"event":"worker.outbox.processed","level":"info","timestamp":"2026-09-26T02:32:21.536Z","eventId":"outbox_47161b0a-d344-4277-82ac-1e3288102ac0","workerId":"worker-pg-continuous-192-f","status":"processed","attempt":2,"leaseLost":false,"operation":"outbox"}
{"event":"worker.outbox.summary","level":"info","timestamp":"2026-09-26T02:32:21.544Z","workerId":"worker-pg-continuous-192-f","reason":"stop","claimed":1,"processed":1,"failed":0,"deadLettered":0,"handoffs":0,"errors":0,"claimFailures":0,"leaseLost":0,"heartbeats":0,"idlePolls":11,"released":0,"lag":0,"inFlight":0}
{"event":"worker.stopped","level":"info","timestamp":"2026-09-26T02:32:21.544Z","workerId":"worker-pg-continuous-192-f","drained":true,"released":0,"releaseFailed":0,"processed":1,"failed":0,"deadLettered":0,"lag":0}
{"event":"worker.started","level":"info","timestamp":"2026-09-26T02:33:40.718Z","workerId":"worker-restart-190-a","concurrency":2,"pollIntervalMs":5,"idleMaxBackoffMs":5000,"errorBackoffMs":500,"errorMaxBackoffMs":30000,"leaseMs":1000,"heartbeatIntervalMs":333,"drainMs":10000,"backlogProbe":true,"sweeps":false,"externalEffects":false,"durable":true}
{"event":"worker.outbox.summary","level":"info","timestamp":"2026-09-26T02:33:40.719Z","workerId":"worker-restart-190-a","reason":"start","claimed":0,"processed":0,"failed":0,"deadLettered":0,"handoffs":0,"errors":0,"claimFailures":0,"leaseLost":0,"heartbeats":0,"idlePolls":0,"released":0,"lag":null,"inFlight":0}
{"event":"worker.metric","name":"worker_outbox_lag","value":0,"attributes":{"operation":"outbox"},"timestamp":"2026-09-26T02:33:40.720Z"}
{"event":"worker.metric","name":"worker_outbox_processed_total","value":1,"attributes":{"status":"processed"},"timestamp":"2026-09-26T02:33:40.721Z"}
{"event":"worker.outbox.processed","level":"info","timestamp":"2026-09-26T02:33:40.721Z","eventId":"outbox_bd8c8f5e-40d0-4084-a6e1-fd8f64d65478","workerId":"worker-restart-190-a","status":"processed","attempt":1,"leaseLost":false,"operation":"outbox"}
{"event":"worker.idle_backoff","level":"debug","timestamp":"2026-09-26T02:33:40.721Z","workerId":"worker-restart-190-a","backoffMs":5,"lag":0}
{"event":"worker.outbox.summary","level":"info","timestamp":"2026-09-26T02:33:40.725Z","workerId":"worker-restart-190-a","reason":"stop","claimed":1,"processed":1,"failed":0,"deadLettered":0,"handoffs":0,"errors":0,"claimFailures":0,"leaseLost":0,"heartbeats":0,"idlePolls":1,"released":0,"lag":0,"inFlight":0}
{"event":"worker.stopped","level":"info","timestamp":"2026-09-26T02:33:40.725Z","workerId":"worker-restart-190-a","drained":true,"released":0,"releaseFailed":0,"processed":1,"failed":0,"deadLettered":0,"lag":0}
{"event":"worker.started","level":"info","timestamp":"2026-09-26T02:33:40.725Z","workerId":"worker-restart-190-b","concurrency":2,"pollIntervalMs":5,"idleMaxBackoffMs":5000,"errorBackoffMs":500,"errorMaxBackoffMs":30000,"leaseMs":1000,"heartbeatIntervalMs":333,"drainMs":10000,"backlogProbe":true,"sweeps":false,"externalEffects":false,"durable":true}
{"event":"worker.outbox.summary","level":"info","timestamp":"2026-09-26T02:33:40.726Z","workerId":"worker-restart-190-b","reason":"start","claimed":0,"processed":0,"failed":0,"deadLettered":0,"handoffs":0,"errors":0,"claimFailures":0,"leaseLost":0,"heartbeats":0,"idlePolls":0,"released":0,"lag":null,"inFlight":0}
{"event":"worker.metric","name":"worker_outbox_lag","value":0,"attributes":{"operation":"outbox"},"timestamp":"2026-09-26T02:33:40.726Z"}
{"event":"worker.metric","name":"worker_outbox_processed_total","value":1,"attributes":{"status":"processed"},"timestamp":"2026-09-26T02:33:40.726Z"}
{"event":"worker.outbox.processed","level":"info","timestamp":"2026-09-26T02:33:40.726Z","eventId":"outbox_21cba3c5-f97a-4161-90da-c52c66cee8a1","workerId":"worker-restart-190-b","status":"processed","attempt":1,"leaseLost":false,"operation":"outbox"}
{"event":"worker.idle_backoff","level":"debug","timestamp":"2026-09-26T02:33:40.726Z","workerId":"worker-restart-190-b","backoffMs":5,"lag":0}
{"event":"worker.outbox.summary","level":"info","timestamp":"2026-09-26T02:33:40.731Z","workerId":"worker-restart-190-b","reason":"stop","claimed":1,"processed":1,"failed":0,"deadLettered":0,"handoffs":0,"errors":0,"claimFailures":0,"leaseLost":0,"heartbeats":0,"idlePolls":1,"released":0,"lag":0,"inFlight":0}
{"event":"worker.stopped","level":"info","timestamp":"2026-09-26T02:33:40.731Z","workerId":"worker-restart-190-b","drained":true,"released":0,"releaseFailed":0,"processed":1,"failed":0,"deadLettered":0,"lag":0}
{"event":"worker.started","level":"info","timestamp":"2026-09-26T02:33:40.749Z","workerId":"worker-retry-190","concurrency":2,"pollIntervalMs":5,"idleMaxBackoffMs":5000,"errorBackoffMs":500,"errorMaxBackoffMs":30000,"leaseMs":1000,"heartbeatIntervalMs":333,"drainMs":10000,"backlogProbe":true,"sweeps":false,"externalEffects":false,"durable":true}
{"event":"worker.outbox.summary","level":"info","timestamp":"2026-09-26T02:33:40.749Z","workerId":"worker-retry-190","reason":"start","claimed":0,"processed":0,"failed":0,"deadLettered":0,"handoffs":0,"errors":0,"claimFailures":0,"leaseLost":0,"heartbeats":0,"idlePolls":0,"released":0,"lag":null,"inFlight":0}
{"event":"worker.metric","name":"worker_outbox_lag","value":0,"attributes":{"operation":"outbox"},"timestamp":"2026-09-26T02:33:40.750Z"}
{"event":"worker.metric","name":"worker_outbox_failed_total","value":1,"attributes":{"status":"failed"},"timestamp":"2026-09-26T02:33:40.750Z"}
{"event":"worker.outbox.failed","level":"info","timestamp":"2026-09-26T02:33:40.750Z","eventId":"outbox_b2b73590-df47-4245-a060-7953149c8e10","workerId":"worker-retry-190","status":"failed","attempt":1,"leaseLost":false,"error":"[redacted-outbox-error]","operation":"outbox"}
{"event":"worker.idle_backoff","level":"debug","timestamp":"2026-09-26T02:33:40.750Z","workerId":"worker-retry-190","backoffMs":5,"lag":0}
{"event":"worker.idle_backoff","level":"debug","timestamp":"2026-09-26T02:33:40.755Z","workerId":"worker-retry-190","backoffMs":5,"lag":0}
{"event":"worker.metric","name":"worker_outbox_processed_total","value":1,"attributes":{"status":"processed"},"timestamp":"2026-09-26T02:33:40.755Z"}
{"event":"worker.outbox.processed","level":"info","timestamp":"2026-09-26T02:33:40.755Z","eventId":"outbox_b2b73590-df47-4245-a060-7953149c8e10","workerId":"worker-retry-190","status":"processed","attempt":2,"leaseLost":false,"operation":"outbox"}
{"event":"worker.outbox.summary","level":"info","timestamp":"2026-09-26T02:33:40.759Z","workerId":"worker-retry-190","reason":"stop","claimed":2,"processed":1,"failed":1,"deadLettered":0,"handoffs":0,"errors":0,"claimFailures":0,"leaseLost":0,"heartbeats":0,"idlePolls":2,"released":0,"lag":0,"inFlight":0}
{"event":"worker.stopped","level":"info","timestamp":"2026-09-26T02:33:40.759Z","workerId":"worker-retry-190","drained":true,"released":0,"releaseFailed":0,"processed":1,"failed":1,"deadLettered":0,"lag":0}
{"event":"worker.started","level":"info","timestamp":"2026-09-26T02:33:40.760Z","workerId":"worker-poison-190","concurrency":1,"pollIntervalMs":5,"idleMaxBackoffMs":5000,"errorBackoffMs":500,"errorMaxBackoffMs":30000,"leaseMs":1000,"heartbeatIntervalMs":333,"drainMs":10000,"backlogProbe":true,"sweeps":false,"externalEffects":false,"durable":true}
{"event":"worker.outbox.summary","level":"info","timestamp":"2026-09-26T02:33:40.760Z","workerId":"worker-poison-190","reason":"start","claimed":0,"processed":0,"failed":0,"deadLettered":0,"handoffs":0,"errors":0,"claimFailures":0,"leaseLost":0,"heartbeats":0,"idlePolls":0,"released":0,"lag":null,"inFlight":0}
{"event":"worker.metric","name":"worker_outbox_lag","value":1,"attributes":{"operation":"outbox"},"timestamp":"2026-09-26T02:33:40.761Z"}
{"event":"worker.metric","name":"worker_outbox_dead_lettered_total","value":1,"attributes":{"status":"dead_letter"},"timestamp":"2026-09-26T02:33:40.761Z"}
{"event":"worker.outbox.dead_letter","level":"info","timestamp":"2026-09-26T02:33:40.761Z","eventId":"outbox_7fda0cde-c696-4826-b2ea-3d3fed256500","workerId":"worker-poison-190","status":"dead_letter","attempt":1,"leaseLost":false,"error":"[redacted-outbox-error]","operation":"outbox"}
{"event":"worker.metric","name":"worker_outbox_processed_total","value":1,"attributes":{"status":"processed"},"timestamp":"2026-09-26T02:33:40.767Z"}
{"event":"worker.outbox.processed","level":"info","timestamp":"2026-09-26T02:33:40.767Z","eventId":"outbox_1a2ec9a9-8d9b-4afb-9ef3-4f9825a337f0","workerId":"worker-poison-190","status":"processed","attempt":1,"leaseLost":false,"operation":"outbox"}
{"event":"worker.outbox.summary","level":"info","timestamp":"2026-09-26T02:33:40.771Z","workerId":"worker-poison-190","reason":"stop","claimed":2,"processed":1,"failed":0,"deadLettered":1,"handoffs":0,"errors":0,"claimFailures":0,"leaseLost":0,"heartbeats":0,"idlePolls":0,"released":0,"lag":1,"inFlight":0}
{"event":"worker.stopped","level":"info","timestamp":"2026-09-26T02:33:40.771Z","workerId":"worker-poison-190","drained":true,"released":0,"releaseFailed":0,"processed":1,"failed":0,"deadLettered":1,"lag":1}
{"event":"worker.started","level":"info","timestamp":"2026-09-26T02:33:40.772Z","workerId":"worker-requeue-190-a","concurrency":1,"pollIntervalMs":5,"idleMaxBackoffMs":5000,"errorBackoffMs":500,"errorMaxBackoffMs":30000,"leaseMs":1000,"heartbeatIntervalMs":333,"drainMs":10000,"backlogProbe":true,"sweeps":false,"externalEffects":false,"durable":true}
{"event":"worker.outbox.summary","level":"info","timestamp":"2026-09-26T02:33:40.772Z","workerId":"worker-requeue-190-a","reason":"start","claimed":0,"processed":0,"failed":0,"deadLettered":0,"handoffs":0,"errors":0,"claimFailures":0,"leaseLost":0,"heartbeats":0,"idlePolls":0,"released":0,"lag":null,"inFlight":0}
{"event":"worker.metric","name":"worker_outbox_lag","value":0,"attributes":{"operation":"outbox"},"timestamp":"2026-09-26T02:33:40.773Z"}
{"event":"worker.metric","name":"worker_outbox_dead_lettered_total","value":1,"attributes":{"status":"dead_letter"},"timestamp":"2026-09-26T02:33:40.773Z"}
{"event":"worker.outbox.dead_letter","level":"info","timestamp":"2026-09-26T02:33:40.773Z","eventId":"outbox_1f8d7fd4-0365-4cca-97ca-cdcea43b3e53","workerId":"worker-requeue-190-a","status":"dead_letter","attempt":1,"leaseLost":false,"error":"[redacted-outbox-error]","operation":"outbox"}
{"event":"worker.outbox.summary","level":"info","timestamp":"2026-09-26T02:33:40.778Z","workerId":"worker-requeue-190-a","reason":"stop","claimed":1,"processed":0,"failed":0,"deadLettered":1,"handoffs":0,"errors":0,"claimFailures":0,"leaseLost":0,"heartbeats":0,"idlePolls":0,"released":0,"lag":0,"inFlight":0}
{"event":"worker.stopped","level":"info","timestamp":"2026-09-26T02:33:40.778Z","workerId":"worker-requeue-190-a","drained":true,"released":0,"releaseFailed":0,"processed":0,"failed":0,"deadLettered":1,"lag":0}
{"event":"worker.started","level":"info","timestamp":"2026-09-26T02:33:40.779Z","workerId":"worker-requeue-190-b","concurrency":1,"pollIntervalMs":5,"idleMaxBackoffMs":5000,"errorBackoffMs":500,"errorMaxBackoffMs":30000,"leaseMs":1000,"heartbeatIntervalMs":333,"drainMs":10000,"backlogProbe":true,"sweeps":false,"externalEffects":false,"durable":true}
{"event":"worker.outbox.summary","level":"info","timestamp":"2026-09-26T02:33:40.779Z","workerId":"worker-requeue-190-b","reason":"start","claimed":0,"processed":0,"failed":0,"deadLettered":0,"handoffs":0,"errors":0,"claimFailures":0,"leaseLost":0,"heartbeats":0,"idlePolls":0,"released":0,"lag":null,"inFlight":0}
{"event":"worker.metric","name":"worker_outbox_lag","value":0,"attributes":{"operation":"outbox"},"timestamp":"2026-09-26T02:33:40.780Z"}
{"event":"worker.metric","name":"worker_outbox_processed_total","value":1,"attributes":{"status":"processed"},"timestamp":"2026-09-26T02:33:40.780Z"}
{"event":"worker.outbox.processed","level":"info","timestamp":"2026-09-26T02:33:40.780Z","eventId":"outbox_1f8d7fd4-0365-4cca-97ca-cdcea43b3e53","workerId":"worker-requeue-190-b","status":"processed","attempt":1,"leaseLost":false,"operation":"outbox"}
{"event":"worker.outbox.summary","level":"info","timestamp":"2026-09-26T02:33:40.785Z","workerId":"worker-requeue-190-b","reason":"stop","claimed":1,"processed":1,"failed":0,"deadLettered":0,"handoffs":0,"errors":0,"claimFailures":0,"leaseLost":0,"heartbeats":0,"idlePolls":0,"released":0,"lag":0,"inFlight":0}
{"event":"worker.stopped","level":"info","timestamp":"2026-09-26T02:33:40.785Z","workerId":"worker-requeue-190-b","drained":true,"released":0,"releaseFailed":0,"processed":1,"failed":0,"deadLettered":0,"lag":0}
{"event":"worker.started","level":"info","timestamp":"2026-09-26T02:33:40.810Z","workerId":"worker-sigterm-190","concurrency":2,"pollIntervalMs":5,"idleMaxBackoffMs":5000,"errorBackoffMs":500,"errorMaxBackoffMs":30000,"leaseMs":1000,"heartbeatIntervalMs":333,"drainMs":10000,"backlogProbe":true,"sweeps":false,"externalEffects":false,"durable":true}
{"event":"worker.outbox.summary","level":"info","timestamp":"2026-09-26T02:33:40.810Z","workerId":"worker-sigterm-190","reason":"start","claimed":0,"processed":0,"failed":0,"deadLettered":0,"handoffs":0,"errors":0,"claimFailures":0,"leaseLost":0,"heartbeats":0,"idlePolls":0,"released":0,"lag":null,"inFlight":0}
{"event":"worker.metric","name":"worker_outbox_lag","value":0,"attributes":{"operation":"outbox"},"timestamp":"2026-09-26T02:33:40.811Z"}
{"event":"worker.idle_backoff","level":"debug","timestamp":"2026-09-26T02:33:40.811Z","workerId":"worker-sigterm-190","backoffMs":5,"lag":0}
{"event":"worker.metric","name":"worker_outbox_processed_total","value":1,"attributes":{"status":"processed"},"timestamp":"2026-09-26T02:33:40.837Z"}
{"event":"worker.outbox.processed","level":"info","timestamp":"2026-09-26T02:33:40.837Z","eventId":"outbox_ab0892d9-5ed6-46fb-a136-7a9deb0a9f81","workerId":"worker-sigterm-190","status":"processed","attempt":1,"leaseLost":false,"operation":"outbox"}
{"event":"worker.outbox.summary","level":"info","timestamp":"2026-09-26T02:33:40.837Z","workerId":"worker-sigterm-190","reason":"stop","claimed":1,"processed":1,"failed":0,"deadLettered":0,"handoffs":0,"errors":0,"claimFailures":0,"leaseLost":0,"heartbeats":0,"idlePolls":1,"released":0,"lag":0,"inFlight":0}
{"event":"worker.stopped","level":"info","timestamp":"2026-09-26T02:33:40.837Z","workerId":"worker-sigterm-190","drained":true,"released":0,"releaseFailed":0,"processed":1,"failed":0,"deadLettered":0,"lag":0}
{"event":"worker.started","level":"info","timestamp":"2026-09-26T02:33:40.838Z","workerId":"worker-release-190-a","concurrency":2,"pollIntervalMs":5,"idleMaxBackoffMs":5000,"errorBackoffMs":500,"errorMaxBackoffMs":30000,"leaseMs":1000,"heartbeatIntervalMs":333,"drainMs":10000,"backlogProbe":true,"sweeps":false,"externalEffects":false,"durable":true}
{"event":"worker.outbox.summary","level":"info","timestamp":"2026-09-26T02:33:40.838Z","workerId":"worker-release-190-a","reason":"start","claimed":0,"processed":0,"failed":0,"deadLettered":0,"handoffs":0,"errors":0,"claimFailures":0,"leaseLost":0,"heartbeats":0,"idlePolls":0,"released":0,"lag":null,"inFlight":0}
{"event":"worker.metric","name":"worker_outbox_lag","value":0,"attributes":{"operation":"outbox"},"timestamp":"2026-09-26T02:33:40.838Z"}
{"event":"worker.idle_backoff","level":"debug","timestamp":"2026-09-26T02:33:40.838Z","workerId":"worker-release-190-a","backoffMs":5,"lag":0}
{"event":"worker.shutdown_release","level":"warn","timestamp":"2026-09-26T02:33:40.873Z","eventId":"outbox_682d13b8-0f8f-4467-8960-a9e838b287f1","workerId":"worker-release-190-a","operation":"outbox"}
{"event":"worker.metric","name":"worker_outbox_shutdown_releases_total","value":1,"attributes":{"outcome":"released"},"timestamp":"2026-09-26T02:33:40.873Z"}
{"event":"worker.outbox.summary","level":"info","timestamp":"2026-09-26T02:33:40.873Z","workerId":"worker-release-190-a","reason":"stop","claimed":1,"processed":0,"failed":0,"deadLettered":0,"handoffs":0,"errors":0,"claimFailures":0,"leaseLost":0,"heartbeats":0,"idlePolls":1,"released":1,"lag":0,"inFlight":1}
{"event":"worker.stopped","level":"info","timestamp":"2026-09-26T02:33:40.873Z","workerId":"worker-release-190-a","drained":false,"released":1,"releaseFailed":0,"processed":0,"failed":0,"deadLettered":0,"lag":0}
{"event":"worker.started","level":"info","timestamp":"2026-09-26T02:33:40.873Z","workerId":"worker-release-190-b","concurrency":2,"pollIntervalMs":5,"idleMaxBackoffMs":5000,"errorBackoffMs":500,"errorMaxBackoffMs":30000,"leaseMs":1000,"heartbeatIntervalMs":333,"drainMs":10000,"backlogProbe":true,"sweeps":false,"externalEffects":false,"durable":true}
{"event":"worker.outbox.summary","level":"info","timestamp":"2026-09-26T02:33:40.873Z","workerId":"worker-release-190-b","reason":"start","claimed":0,"processed":0,"failed":0,"deadLettered":0,"handoffs":0,"errors":0,"claimFailures":0,"leaseLost":0,"heartbeats":0,"idlePolls":0,"released":0,"lag":null,"inFlight":0}
{"event":"worker.metric","name":"worker_outbox_lag","value":0,"attributes":{"operation":"outbox"},"timestamp":"2026-09-26T02:33:40.874Z"}
{"event":"worker.idle_backoff","level":"debug","timestamp":"2026-09-26T02:33:40.874Z","workerId":"worker-release-190-b","backoffMs":5,"lag":0}
{"event":"worker.idle_backoff","level":"debug","timestamp":"2026-09-26T02:33:40.880Z","workerId":"worker-release-190-b","backoffMs":5,"lag":0}
{"event":"worker.metric","name":"worker_outbox_processed_total","value":1,"attributes":{"status":"processed"},"timestamp":"2026-09-26T02:33:40.880Z"}
{"event":"worker.outbox.processed","level":"info","timestamp":"2026-09-26T02:33:40.880Z","eventId":"outbox_682d13b8-0f8f-4467-8960-a9e838b287f1","workerId":"worker-release-190-b","status":"processed","attempt":2,"leaseLost":false,"operation":"outbox"}
{"event":"worker.outbox.summary","level":"info","timestamp":"2026-09-26T02:33:40.884Z","workerId":"worker-release-190-b","reason":"stop","claimed":1,"processed":1,"failed":0,"deadLettered":0,"handoffs":0,"errors":0,"claimFailures":0,"leaseLost":0,"heartbeats":0,"idlePolls":2,"released":0,"lag":0,"inFlight":0}
{"event":"worker.stopped","level":"info","timestamp":"2026-09-26T02:33:40.884Z","workerId":"worker-release-190-b","drained":true,"released":0,"releaseFailed":0,"processed":1,"failed":0,"deadLettered":0,"lag":0}
{"event":"worker.event_error","level":"error","timestamp":"2026-09-26T02:33:40.885Z","eventId":"outbox_682d13b8-0f8f-4467-8960-a9e838b287f1","workerId":"worker-release-190-a","attempt":1,"error":"outbox_error:conflict","operation":"outbox"}
{"event":"worker.metric","name":"worker_outbox_errors_total","value":1,"attributes":{"outcome":"error"},"timestamp":"2026-09-26T02:33:40.885Z"}
{"event":"worker.started","level":"info","timestamp":"2026-09-26T02:33:40.906Z","workerId":"worker-heartbeat-renew-190","concurrency":2,"pollIntervalMs":5,"idleMaxBackoffMs":5000,"errorBackoffMs":500,"errorMaxBackoffMs":30000,"leaseMs":1000,"heartbeatIntervalMs":10,"drainMs":10000,"backlogProbe":true,"sweeps":false,"externalEffects":false,"durable":true}
{"event":"worker.outbox.summary","level":"info","timestamp":"2026-09-26T02:33:40.906Z","workerId":"worker-heartbeat-renew-190","reason":"start","claimed":0,"processed":0,"failed":0,"deadLettered":0,"handoffs":0,"errors":0,"claimFailures":0,"leaseLost":0,"heartbeats":0,"idlePolls":0,"released":0,"lag":null,"inFlight":0}
{"event":"worker.metric","name":"worker_outbox_lag","value":0,"attributes":{"operation":"outbox"},"timestamp":"2026-09-26T02:33:40.906Z"}
{"event":"worker.idle_backoff","level":"debug","timestamp":"2026-09-26T02:33:40.906Z","workerId":"worker-heartbeat-renew-190","backoffMs":5,"lag":0}
{"event":"worker.idle_backoff","level":"debug","timestamp":"2026-09-26T02:33:40.912Z","workerId":"worker-heartbeat-renew-190","backoffMs":10,"lag":0}
{"event":"worker.metric","name":"worker_outbox_heartbeats_total","value":1,"attributes":{"outcome":"renewed"},"timestamp":"2026-09-26T02:33:40.916Z"}
{"event":"worker.metric","name":"worker_outbox_processed_total","value":1,"attributes":{"status":"processed"},"timestamp":"2026-09-26T02:33:40.918Z"}
{"event":"worker.outbox.processed","level":"info","timestamp":"2026-09-26T02:33:40.918Z","eventId":"outbox_2f29b42a-aa5b-42e5-98c7-f06d49677890","workerId":"worker-heartbeat-renew-190","status":"processed","attempt":1,"leaseLost":false,"operation":"outbox"}
{"event":"worker.idle_backoff","level":"debug","timestamp":"2026-09-26T02:33:40.922Z","workerId":"worker-heartbeat-renew-190","backoffMs":20,"lag":0}
{"event":"worker.outbox.summary","level":"info","timestamp":"2026-09-26T02:33:40.923Z","workerId":"worker-heartbeat-renew-190","reason":"stop","claimed":1,"processed":1,"failed":0,"deadLettered":0,"handoffs":0,"errors":0,"claimFailures":0,"leaseLost":0,"heartbeats":1,"idlePolls":3,"released":0,"lag":0,"inFlight":0}
{"event":"worker.stopped","level":"info","timestamp":"2026-09-26T02:33:40.923Z","workerId":"worker-heartbeat-renew-190","drained":true,"released":0,"releaseFailed":0,"processed":1,"failed":0,"deadLettered":0,"lag":0}
{"event":"worker.started","level":"info","timestamp":"2026-09-26T02:33:40.947Z","workerId":"worker-handoff-190","concurrency":2,"pollIntervalMs":5,"idleMaxBackoffMs":5000,"errorBackoffMs":500,"errorMaxBackoffMs":30000,"leaseMs":1000,"heartbeatIntervalMs":333,"drainMs":10000,"backlogProbe":true,"sweeps":false,"externalEffects":false,"durable":true}
{"event":"worker.outbox.summary","level":"info","timestamp":"2026-09-26T02:33:40.947Z","workerId":"worker-handoff-190","reason":"start","claimed":0,"processed":0,"failed":0,"deadLettered":0,"handoffs":0,"errors":0,"claimFailures":0,"leaseLost":0,"heartbeats":0,"idlePolls":0,"released":0,"lag":null,"inFlight":0}
{"event":"worker.metric","name":"worker_outbox_lag","value":0,"attributes":{"operation":"outbox"},"timestamp":"2026-09-26T02:33:40.947Z"}
{"event":"worker.outbox.handoff","level":"warn","timestamp":"2026-09-26T02:33:40.947Z","eventId":"outbox_42dd8dbf-8201-48fa-b77a-3c0a27004bc6","workerId":"worker-handoff-190","status":"handoff","operation":"outbox"}
{"event":"worker.metric","name":"worker_outbox_handoffs_total","value":1,"attributes":{"outcome":"handoff"},"timestamp":"2026-09-26T02:33:40.947Z"}
{"event":"worker.idle_backoff","level":"debug","timestamp":"2026-09-26T02:33:40.948Z","workerId":"worker-handoff-190","backoffMs":5,"lag":0}
{"event":"worker.outbox.summary","level":"info","timestamp":"2026-09-26T02:33:40.952Z","workerId":"worker-handoff-190","reason":"stop","claimed":1,"processed":0,"failed":0,"deadLettered":0,"handoffs":1,"errors":0,"claimFailures":0,"leaseLost":0,"heartbeats":0,"idlePolls":1,"released":0,"lag":0,"inFlight":0}
{"event":"worker.stopped","level":"info","timestamp":"2026-09-26T02:33:40.952Z","workerId":"worker-handoff-190","drained":true,"released":0,"releaseFailed":0,"processed":0,"failed":0,"deadLettered":0,"lag":0}
{"event":"worker.started","level":"info","timestamp":"2026-09-26T02:33:40.983Z","workerId":"worker-stop-190","concurrency":2,"pollIntervalMs":5,"idleMaxBackoffMs":5000,"errorBackoffMs":500,"errorMaxBackoffMs":30000,"leaseMs":1000,"heartbeatIntervalMs":333,"drainMs":10000,"backlogProbe":true,"sweeps":false,"externalEffects":false,"durable":true}
{"event":"worker.outbox.summary","level":"info","timestamp":"2026-09-26T02:33:40.983Z","workerId":"worker-stop-190","reason":"start","claimed":0,"processed":0,"failed":0,"deadLettered":0,"handoffs":0,"errors":0,"claimFailures":0,"leaseLost":0,"heartbeats":0,"idlePolls":0,"released":0,"lag":null,"inFlight":0}
{"event":"worker.metric","name":"worker_outbox_lag","value":0,"attributes":{"operation":"outbox"},"timestamp":"2026-09-26T02:33:40.984Z"}
{"event":"worker.idle_backoff","level":"debug","timestamp":"2026-09-26T02:33:40.984Z","workerId":"worker-stop-190","backoffMs":5,"lag":0}
{"event":"worker.outbox.summary","level":"info","timestamp":"2026-09-26T02:33:40.984Z","workerId":"worker-stop-190","reason":"stop","claimed":0,"processed":0,"failed":0,"deadLettered":0,"handoffs":0,"errors":0,"claimFailures":0,"leaseLost":0,"heartbeats":0,"idlePolls":1,"released":0,"lag":0,"inFlight":0}
{"event":"worker.stopped","level":"info","timestamp":"2026-09-26T02:33:40.984Z","workerId":"worker-stop-190","drained":true,"released":0,"releaseFailed":0,"processed":0,"failed":0,"deadLettered":0,"lag":0}
{"event":"worker.sweep_tick","level":"info","timestamp":"2026-09-26T02:35:40.961Z","now":"2026-09-13T00:00:00.000Z","journalReleased":1,"approvalsReleased":2,"approvalsUncertain":1,"durationMs":0,"operation":"sweep"}
{"event":"worker.metric","name":"worker_sweep_journal_released_total","value":1,"attributes":{"operation":"sweep"},"timestamp":"2026-09-26T02:35:40.961Z"}
{"event":"worker.metric","name":"worker_sweep_approvals_released_total","value":2,"attributes":{"status":"released"},"timestamp":"2026-09-26T02:35:40.962Z"}
{"event":"worker.metric","name":"worker_sweep_approvals_uncertain_total","value":1,"attributes":{"status":"uncertain"},"timestamp":"2026-09-26T02:35:40.962Z"}
{"event":"worker.started","level":"info","timestamp":"2026-09-26T02:35:40.963Z","workerId":"worker-sweeps-191","concurrency":2,"pollIntervalMs":5,"idleMaxBackoffMs":5000,"errorBackoffMs":500,"errorMaxBackoffMs":30000,"leaseMs":1000,"heartbeatIntervalMs":333,"drainMs":10000,"backlogProbe":true,"sweeps":true,"externalEffects":false,"durable":true}
{"event":"worker.sweep_started","level":"info","timestamp":"2026-09-26T02:35:40.963Z","intervalMs":10,"operation":"sweep"}
{"event":"worker.outbox.summary","level":"info","timestamp":"2026-09-26T02:35:40.963Z","workerId":"worker-sweeps-191","reason":"start","claimed":0,"processed":0,"failed":0,"deadLettered":0,"handoffs":0,"errors":0,"claimFailures":0,"leaseLost":0,"heartbeats":0,"idlePolls":0,"released":0,"lag":null,"inFlight":0}
{"event":"worker.metric","name":"worker_outbox_lag","value":0,"attributes":{"operation":"outbox"},"timestamp":"2026-09-26T02:35:40.964Z"}
{"event":"worker.idle_backoff","level":"debug","timestamp":"2026-09-26T02:35:40.964Z","workerId":"worker-sweeps-191","backoffMs":5,"lag":0}
{"event":"worker.idle_backoff","level":"debug","timestamp":"2026-09-26T02:35:40.970Z","workerId":"worker-sweeps-191","backoffMs":10,"lag":0}
{"event":"worker.sweep_tick","level":"info","timestamp":"2026-09-26T02:35:40.973Z","now":"2026-09-26T02:35:40.972Z","journalReleased":0,"approvalsReleased":0,"approvalsUncertain":0,"durationMs":0,"operation":"sweep"}
{"event":"worker.metric","name":"worker_sweep_journal_released_total","value":0,"attributes":{"operation":"sweep"},"timestamp":"2026-09-26T02:35:40.973Z"}
{"event":"worker.metric","name":"worker_sweep_approvals_released_total","value":0,"attributes":{"status":"released"},"timestamp":"2026-09-26T02:35:40.973Z"}
{"event":"worker.metric","name":"worker_sweep_approvals_uncertain_total","value":0,"attributes":{"status":"uncertain"},"timestamp":"2026-09-26T02:35:40.973Z"}
{"event":"worker.sweep_stopped","level":"info","timestamp":"2026-09-26T02:35:40.974Z","operation":"sweep"}
{"event":"worker.outbox.summary","level":"info","timestamp":"2026-09-26T02:35:40.974Z","workerId":"worker-sweeps-191","reason":"stop","claimed":0,"processed":0,"failed":0,"deadLettered":0,"handoffs":0,"errors":0,"claimFailures":0,"leaseLost":0,"heartbeats":0,"idlePolls":2,"released":0,"lag":0,"inFlight":0}
{"event":"worker.stopped","level":"info","timestamp":"2026-09-26T02:35:40.975Z","workerId":"worker-sweeps-191","drained":true,"released":0,"releaseFailed":0,"processed":0,"failed":0,"deadLettered":0,"lag":0}

 Test Files  324 passed (324)
      Tests  2295 passed (2295)
   Start at  23:31:29
   Duration  454.48s (transform 4.72s, setup 0ms, import 57.24s, tests 125.67s, environment 205.67s)

 % Coverage report from v8
-------------------|---------|----------|---------|---------|-------------------
File               | % Stmts | % Branch | % Funcs | % Lines | Uncovered Line #s
-------------------|---------|----------|---------|---------|-------------------
All files          |    92.6 |     87.7 |   94.99 |   93.59 |
 apps/api/src      |   93.98 |    88.02 |      97 |   95.28 |
  ...log-alerts.ts |     100 |    73.68 |     100 |     100 | 56,74-83
  http-security.ts |   90.54 |    88.57 |     100 |   97.32 | ...12,293,308,478
  ...r-identity.ts |   92.74 |    93.64 |   96.77 |    95.4 | ...35,346-349,446
  ...ssion-hook.ts |   78.26 |    71.42 |     100 |      80 | 45-51
  ...or-session.ts |   81.48 |    71.79 |     100 |    91.3 | 33,48,52,88
  ...n-boundary.ts |     100 |     90.9 |     100 |     100 | 17
  rate-limit.ts    |   93.12 |    89.88 |     100 |    95.2 | ...08,139,156,170
  readiness.ts     |     100 |     87.5 |     100 |     100 | 105-117
  server.ts        |   93.69 |    84.19 |   94.68 |   94.31 | ...5768,5788,5793
  ...up-failure.ts |      96 |       90 |     100 |      96 | 32
  ...-preflight.ts |   98.83 |     95.9 |   97.36 |   98.78 | 371,570
  ...k-security.ts |   98.34 |    97.69 |     100 |   98.14 | 76-77,475
 apps/worker/src   |   82.64 |     78.8 |    89.4 |   84.29 |
  ...ous-worker.ts |   87.74 |    83.85 |    91.3 |   89.45 | ...70,812,843,878
  ...led-worker.ts |      96 |    88.88 |     100 |   95.45 | 106
  health.ts        |     100 |    72.72 |     100 |     100 | 55-59,81
  ...log-worker.ts |   29.28 |    31.39 |   42.85 |   31.29 | 58,68,87,202-404
  ...omposition.ts |    87.5 |       70 |      90 |   88.23 | ...93,496,499,527
  ...ess-worker.ts |   87.37 |    83.94 |    90.9 |   90.32 | ...24,343,348,353
  ...tic-effect.ts |     100 |       80 |     100 |     100 | 57
  ...etic-agent.ts |   95.06 |    87.23 |   93.54 |      96 | 160,297-298
  ...controlled.ts |   94.28 |    89.13 |   94.44 |   94.23 | ...50-256,353,381
  ...-preflight.ts |   93.15 |    87.83 |     100 |   93.05 | ...68,290-293,301
  readiness.ts     |      90 |    81.81 |     100 |     100 | 38,58
  sweeps.ts        |   89.58 |    72.72 |     100 |   97.72 | 81
  ...ervability.ts |      95 |    93.33 |     100 |   94.44 | 87
  worker.ts        |   91.37 |    88.05 |     100 |   91.37 | ...01,114,122,131
 ...orker/src/jobs |     100 |    95.45 |     100 |     100 |
  ...tbox-event.ts |     100 |    95.45 |     100 |     100 | 121
 ...s/adapters/src |   90.38 |    88.11 |     100 |   90.09 |
  ...d-delivery.ts |   92.85 |    83.78 |     100 |   92.72 | 145,155,164,173
  model-adapter.ts |   85.71 |    90.47 |     100 |   85.36 | ...62,145,157,169
 ...pters/src/fake |     100 |       50 |     100 |     100 |
  ...pp-adapter.ts |     100 |       50 |     100 |     100 | 19
 ...agent-core/src |   94.11 |    77.77 |     100 |   94.11 |
  ...nciliation.ts |   94.11 |    77.77 |     100 |   94.11 | 91
 .../src/agent-run |       0 |      100 |       0 |       0 |
  ...un-service.ts |       0 |      100 |       0 |       0 | 4-5
 ...core/src/audit |       0 |      100 |       0 |       0 |
  audit-hook.ts    |       0 |      100 |       0 |       0 | 8
 ...e/src/commands |   87.03 |    77.65 |    90.9 |   86.79 |
  ...ff-summary.ts |     100 |    77.27 |     100 |     100 | 22-26
  ...shed-agent.ts |     100 |    94.73 |     100 |     100 | 103,118
  ...nd-message.ts |   70.83 |       60 |   66.66 |   70.83 | 124,139-156,185
  ...agent-turn.ts |     100 |       50 |     100 |     100 | 12-14
 ...gent-evals/src |   92.43 |    85.55 |   83.33 |   95.45 |
  agent.ts         |      80 |      100 |   66.66 |    87.5 | 220
  metrics.ts       |   93.61 |    70.96 |     100 |   97.56 | 50
  runner.ts        |    93.1 |    92.15 |   83.33 |   94.73 | 70,115,149
 ...s/src/datasets |   33.33 |      100 |       0 |   33.33 |
  core.ts          |   33.33 |      100 |       0 |   33.33 | 468-469
 ...nt-runtime/src |   97.11 |     95.2 |   97.52 |   97.55 |
  composition.ts   |      94 |    76.47 |     100 |   97.82 | 258
  ...ct-journal.ts |   98.45 |    98.79 |   95.45 |   99.57 | 842
  proposal.ts      |     100 |    96.15 |     100 |     100 | 135
  runtime.ts       |   96.64 |    95.81 |     100 |   96.66 | ...2444,2448-2449
 ...val-engine/src |   99.72 |    98.67 |     100 |   99.71 |
  engine.ts        |    99.7 |    98.58 |     100 |   99.68 | 325
 ...el-gateway/src |   98.43 |    97.61 |    95.4 |     100 |
  ...urnal-file.ts |   98.12 |      100 |   90.32 |     100 |
  ...ct-journal.ts |    97.9 |    96.07 |     100 |     100 | 370,424,446,473
  gateway.ts       |   99.07 |     96.2 |    90.9 |     100 | 96,273,385
 ...y/src/adapters |   80.22 |    74.51 |   71.73 |   86.07 |
  chatwoot.ts      |   95.89 |    89.53 |     100 |   97.14 | 95,232
  evolution.ts     |   96.92 |    91.17 |     100 |   98.41 | 90
  ssrf-node.ts     |   56.07 |       40 |      48 |   65.51 | ...31-142,153,166
 ...ages/chaos/src |   94.11 |    92.85 |   94.73 |   93.93 |
  faults.ts        |   94.11 |    92.85 |   94.73 |   93.93 | 121-122
 .../contracts/src |   77.46 |    74.62 |    87.5 |   76.81 |
  execution-v2.ts  |   77.14 |    74.62 |    87.5 |   76.47 | ...00,303,311,317
 ...nversation/src |   89.75 |    83.61 |   96.92 |   90.38 |
  ...n-language.ts |     100 |       75 |     100 |     100 | 25
  ...xt-adapter.ts |   91.66 |    66.66 |     100 |   91.66 | 58
  contracts.ts     |   90.24 |    76.92 |   92.85 |      90 | 883-886,987
  ...on-service.ts |   88.78 |    86.92 |     100 |   90.84 | ...1083,1086,1132
  delivery.ts      |   83.75 |    81.35 |     100 |   82.89 | ...71,288-289,322
  ...ue-manager.ts |   83.22 |    74.33 |   91.66 |   83.97 | ...57,374,552,629
  handoff.ts       |   76.08 |    74.57 |   84.61 |    75.6 | ...35-137,146,152
  ...ess-bridge.ts |   76.81 |    77.41 |     100 |   81.25 | ...13-221,286,313
  interpreter.ts   |    92.9 |    72.28 |   93.61 |   92.51 | ...08,468,611,656
  memory-store.ts  |   81.81 |    79.14 |   91.17 |   82.96 | ...40,552,559,575
  ...gres-store.ts |   95.98 |    90.62 |     100 |   96.31 | ...7,411,888,1025
  profiles.ts      |   96.29 |    83.87 |     100 |   96.15 | 29
  ...e-composer.ts |   85.47 |    82.52 |     100 |   85.96 | ...87-288,325,333
  state.ts         |   97.64 |    93.37 |     100 |   97.65 | ...71-872,888,897
 ...es/harness/src |   90.71 |    84.61 |   95.54 |    91.6 |
  ...y-boundary.ts |   85.77 |     78.3 |   93.18 |   87.32 | ...11,544,611,631
  completion.ts    |   95.45 |    94.44 |     100 |     100 | 51-52,83,92,135
  ...ext-engine.ts |   91.54 |    80.85 |   93.33 |   91.17 | 272,275,310-320
  ...nalHarness.ts |     100 |    93.22 |     100 |     100 | 99-103,110,116
  ...ct-journal.ts |   82.55 |    80.59 |     100 |   85.18 | ...26-227,383-390
  ...tion-spine.ts |   95.98 |    90.95 |   96.49 |   96.52 | ...1343,1414,1449
  ...e-dispatch.ts |   84.58 |     75.1 |   76.92 |   84.79 | ...1037-1039,1054
  ...ve-runtime.ts |   92.32 |    85.58 |     100 |   93.69 | ...1381,1453,1486
  runtime.ts       |   90.81 |    84.81 |   86.36 |   90.76 | ...,982,1034,1082
  step-store.ts    |   89.65 |    86.11 |   94.11 |   88.88 | ...15,124,131,188
  trajectory.ts    |      80 |       50 |     100 |     100 | 20-34
 ...sts__/fixtures |    97.7 |    84.78 |   92.85 |   97.59 |
  ...3-fixtures.ts |    97.7 |    84.78 |   92.85 |   97.59 | 374,402
 ...ness/src/evals |   77.56 |    71.02 |      75 |    77.7 |
  loop-evals.ts    |   79.71 |    78.68 |    62.5 |      80 | ...81,389,395,403
  ...3-fixtures.ts |   75.86 |    60.86 |   82.14 |    75.9 | ...07,344-387,402
 ...el-gateway/src |   98.16 |    95.78 |   98.27 |   98.29 |
  ...it-breaker.ts |   94.36 |    96.96 |   91.66 |   93.93 | 31-34
  gateway.ts       |   97.93 |    90.74 |     100 |   98.52 | 230,421
  router.ts        |     100 |     97.5 |     100 |     100 | 87
 .../src/providers |    85.6 |    80.57 |   79.54 |   89.87 |
  ollama.ts        |     100 |    96.15 |     100 |     100 | 138,202
  ...compatible.ts |   98.33 |    98.33 |     100 |    98.3 | 225
  ssrf-node.ts     |   65.42 |    48.23 |      64 |   73.56 | ...31-142,155,166
 ...ervability/src |   89.38 |    80.16 |    88.5 |   92.53 |
  audit-ledger.ts  |   96.77 |    88.88 |     100 |   96.77 | 108
  operational.ts   |   79.03 |    70.29 |      75 |   85.71 | ...50,423,427,430
  otel.ts          |   91.22 |    81.25 |   92.85 |   96.22 | 54,82
  redaction.ts     |   97.14 |    89.28 |     100 |   96.55 | 54
  telemetry.ts     |   97.29 |    97.87 |     100 |   97.05 | 330-331
  trace-context.ts |   94.44 |    66.66 |   83.33 |   93.33 | 77
 ...chestrator/src |   90.21 |    84.05 |      95 |    91.2 |
  ...chestrator.ts |   87.71 |     77.5 |   88.88 |   89.28 | ...45,195,216-217
  scripted.ts      |    92.3 |     90.9 |     100 |    92.3 | 58,95
 ...ersistence/src |    95.5 |    89.15 |   96.96 |   96.07 |
  journeys.ts      |   92.15 |    86.48 |   98.63 |   92.59 | ...60,767,803,831
  ...al-adapter.ts |   72.72 |    66.66 |   63.15 |   74.64 | ...62-280,303-310
  ...ntent-hash.ts |     100 |       75 |     100 |     100 | 29
  outbox.ts        |    99.3 |    92.04 |     100 |     100 | ...,998,1046-1055
  restore.ts       |   99.53 |    90.62 |     100 |    99.5 | 384
  ...oval-store.ts |   98.46 |    93.82 |     100 |    99.2 | 692
 ...c/repositories |   98.75 |    94.91 |   98.11 |   99.01 |
  ...repository.ts |     100 |     93.1 |     100 |     100 | 63,95
  ...repository.ts |   98.07 |    95.68 |   96.96 |   98.97 | 219
  ...repository.ts |   98.62 |    94.82 |   97.72 |   98.55 | 429,459
  ...repository.ts |     100 |    93.33 |     100 |     100 | 60,79
 ...s/platform/src |   94.72 |    92.08 |   97.43 |   95.15 |
  ...-authority.ts |   96.62 |    97.64 |     100 |   98.68 | 194
  contracts.ts     |   95.76 |    87.75 |     100 |   95.68 | ...66,270,289,658
  ...lane-store.ts |   92.72 |     87.4 |   95.16 |   93.27 | ...1285-1290,1380
  ...ed-plugins.ts |     100 |    85.71 |     100 |     100 | 17
  ...-preflight.ts |   89.74 |    90.62 |   83.33 |   89.47 | 170-171,179-180
  event-bus.ts     |   98.87 |    98.66 |     100 |   98.82 | 230
  output-policy.ts |      90 |    86.66 |     100 |   91.66 | 154,176,263,267
  ...in-gateway.ts |    96.2 |    92.71 |   97.43 |   96.88 | ...99,768,775,781
  ...-evaluator.ts |   95.83 |    96.87 |     100 |   95.65 | 60
  ...pt-profile.ts |   92.85 |     91.3 |     100 |   92.72 | 115,139,175,220
  qualification.ts |    92.5 |     92.5 |     100 |   91.17 | 48,106,121
  ...-candidate.ts |   97.29 |       96 |     100 |   97.22 | 132
  ...ion-ledger.ts |   98.68 |    96.87 |     100 |     100 | 204
  ...assessment.ts |   95.45 |    94.11 |     100 |   97.36 | 68
  ...-evaluator.ts |     100 |    88.88 |     100 |     100 | 34,43
  test-lab.ts      |   94.93 |    93.57 |     100 |   94.66 | ...53,859,892-896
  ...n-boundary.ts |   97.95 |    94.62 |     100 |   97.75 | 122,184
  ...governance.ts |   86.17 |    88.23 |   89.47 |   87.38 | ...32,440-442,446
 ...icy-engine/src |   98.77 |    97.84 |     100 |   99.34 |
  engine.ts        |   98.98 |    98.16 |     100 |   98.92 | 285
  grants.ts        |   94.73 |    83.33 |     100 |     100 | 154
 packages/rag/src  |     100 |     93.1 |     100 |     100 |
  ...tional-rag.ts |     100 |     93.1 |     100 |     100 | 87
 ...ges/shared/src |   96.18 |    93.89 |   97.33 |   97.03 |
  ...governance.ts |   95.53 |    94.49 |     100 |   98.95 | 402
  canonical.ts     |   97.91 |    96.77 |     100 |   97.72 | 112
  env.ts           |     100 |    98.33 |     100 |     100 | 21
  ids.ts           |     100 |       75 |     100 |     100 | 13-14
  lifecycle.ts     |    97.5 |    93.75 |     100 |     100 | 62
  ssrf.ts          |   93.58 |     91.7 |   88.88 |   92.81 | ...59,286,292,317
 ...s/src/journeys |   94.73 |    67.85 |     100 |   94.73 |
  ...y-workflow.ts |   94.73 |    67.85 |     100 |   94.73 | 82
-------------------|---------|----------|---------|---------|-------------------

=============================== Coverage summary ===============================
Statements   : 92.6% ( 14489/15646 )
Branches     : 87.7% ( 11387/12983 )
Functions    : 94.99% ( 2773/2919 )
Lines        : 93.59% ( 13760/14702 )
================================================================================

> cvg-operational-harness@1.0.0 coverage:critical
> node scripts/critical-coverage.mjs

{
  "schemaVersion": 1,
  "kind": "aud20-coverage-report",
  "generatedAt": "2026-09-26T02:39:04.128Z",
  "source": "coverage/coverage-summary.json",
  "manifest": "scripts/critical-coverage-manifest.json",
  "global": {
    "thresholds": {
      "statements": 90,
      "lines": 90,
      "functions": 90,
      "branches": 85
    },
    "metrics": {
      "statements": {
        "total": 15646,
        "covered": 14489,
        "skipped": 0,
        "pct": 92.61
      },
      "lines": {
        "total": 14702,
        "covered": 13760,
        "skipped": 0,
        "pct": 93.59
      },
      "functions": {
        "total": 2919,
        "covered": 2773,
        "skipped": 0,
        "pct": 95
      },
      "branches": {
        "total": 12983,
        "covered": 11387,
        "skipped": 0,
        "pct": 87.71
      }
    },
    "pass": true,
    "failures": []
  },
  "critical": {
    "threshold": 95,
    "groups": [
      {
        "id": "kernel",
        "paths": [
          "packages/agent-runtime/src/runtime.ts"
        ],
        "missing": [],
        "files": [
          {
            "path": "/home/ricardo/Área de trabalho/cvg-operational-harness/packages/agent-runtime/src/runtime.ts",
            "manifestPath": "packages/agent-runtime/src/runtime.ts",
            "metrics": {
              "statements": {
                "total": 685,
                "covered": 662,
                "skipped": 0,
                "pct": 96.64
              },
              "lines": {
                "total": 660,
                "covered": 638,
                "skipped": 0,
                "pct": 96.67
              },
              "functions": {
                "total": 36,
                "covered": 36,
                "skipped": 0,
                "pct": 100
              },
              "branches": {
                "total": 526,
                "covered": 504,
                "skipped": 0,
                "pct": 95.82
              }
            }
          }
        ],
        "metrics": {
          "statements": {
            "total": 685,
            "covered": 662,
            "pct": 96.64
          },
          "lines": {
            "total": 660,
            "covered": 638,
            "pct": 96.67
          },
          "functions": {
            "total": 36,
            "covered": 36,
            "pct": 100
          },
          "branches": {
            "total": 526,
            "covered": 504,
            "pct": 95.82
          }
        }
      },
      {
        "id": "approval",
        "paths": [
          "packages/approval-engine/src/engine.ts"
        ],
        "missing": [],
        "files": [
          {
            "path": "/home/ricardo/Área de trabalho/cvg-operational-harness/packages/approval-engine/src/engine.ts",
            "manifestPath": "packages/approval-engine/src/engine.ts",
            "metrics": {
              "statements": {
                "total": 336,
                "covered": 335,
                "skipped": 0,
                "pct": 99.7
              },
              "lines": {
                "total": 317,
                "covered": 316,
                "skipped": 0,
                "pct": 99.68
              },
              "functions": {
                "total": 55,
                "covered": 55,
                "skipped": 0,
                "pct": 100
              },
              "branches": {
                "total": 354,
                "covered": 349,
                "skipped": 0,
                "pct": 98.59
              }
            }
          }
        ],
        "metrics": {
          "statements": {
            "total": 336,
            "covered": 335,
            "pct": 99.7
          },
          "lines": {
            "total": 317,
            "covered": 316,
            "pct": 99.68
          },
          "functions": {
            "total": 55,
            "covered": 55,
            "pct": 100
          },
          "branches": {
            "total": 354,
            "covered": 349,
            "pct": 98.59
          }
        }
      },
      {
        "id": "policy",
        "paths": [
          "packages/policy-engine/src/engine.ts"
        ],
        "missing": [],
        "files": [
          {
            "path": "/home/ricardo/Área de trabalho/cvg-operational-harness/packages/policy-engine/src/engine.ts",
            "manifestPath": "packages/policy-engine/src/engine.ts",
            "metrics": {
              "statements": {
                "total": 99,
                "covered": 98,
                "skipped": 0,
                "pct": 98.99
              },
              "lines": {
                "total": 93,
                "covered": 92,
                "skipped": 0,
                "pct": 98.92
              },
              "functions": {
                "total": 13,
                "covered": 13,
                "skipped": 0,
                "pct": 100
              },
              "branches": {
                "total": 109,
                "covered": 107,
                "skipped": 0,
                "pct": 98.17
              }
            }
          }
        ],
        "metrics": {
          "statements": {
            "total": 99,
            "covered": 98,
            "pct": 98.99
          },
          "lines": {
            "total": 93,
            "covered": 92,
            "pct": 98.92
          },
          "functions": {
            "total": 13,
            "covered": 13,
            "pct": 100
          },
          "branches": {
            "total": 109,
            "covered": 107,
            "pct": 98.17
          }
        }
      },
      {
        "id": "journal",
        "paths": [
          "packages/agent-runtime/src/effect-journal.ts",
          "packages/channel-gateway/src/effect-journal.ts"
        ],
        "missing": [],
        "files": [
          {
            "path": "/home/ricardo/Área de trabalho/cvg-operational-harness/packages/agent-runtime/src/effect-journal.ts",
            "manifestPath": "packages/agent-runtime/src/effect-journal.ts",
            "metrics": {
              "statements": {
                "total": 259,
                "covered": 255,
                "skipped": 0,
                "pct": 98.46
              },
              "lines": {
                "total": 234,
                "covered": 233,
                "skipped": 0,
                "pct": 99.57
              },
              "functions": {
                "total": 66,
                "covered": 63,
                "skipped": 0,
                "pct": 95.45
              },
              "branches": {
                "total": 166,
                "covered": 164,
                "skipped": 0,
                "pct": 98.8
              }
            }
          },
          {
            "path": "/home/ricardo/Área de trabalho/cvg-operational-harness/packages/channel-gateway/src/effect-journal.ts",
            "manifestPath": "packages/channel-gateway/src/effect-journal.ts",
            "metrics": {
              "statements": {
                "total": 143,
                "covered": 140,
                "skipped": 0,
                "pct": 97.9
              },
              "lines": {
                "total": 131,
                "covered": 131,
                "skipped": 0,
                "pct": 100
              },
              "functions": {
                "total": 34,
                "covered": 34,
                "skipped": 0,
                "pct": 100
              },
              "branches": {
                "total": 102,
                "covered": 98,
                "skipped": 0,
                "pct": 96.08
              }
            }
          }
        ],
        "metrics": {
          "statements": {
            "total": 402,
            "covered": 395,
            "pct": 98.26
          },
          "lines": {
            "total": 365,
            "covered": 364,
            "pct": 99.73
          },
          "functions": {
            "total": 100,
            "covered": 97,
            "pct": 97
          },
          "branches": {
            "total": 268,
            "covered": 262,
            "pct": 97.76
          }
        }
      },
      {
        "id": "channel",
        "paths": [
          "packages/channel-gateway/src/adapters/chatwoot.ts",
          "packages/channel-gateway/src/adapters/evolution.ts",
          "packages/channel-gateway/src/adapters/fake.ts",
          "packages/channel-gateway/src/contracts.ts",
          "packages/channel-gateway/src/effect-journal-file.ts",
          "packages/channel-gateway/src/errors.ts",
          "packages/channel-gateway/src/gateway.ts",
          "packages/channel-gateway/src/idempotency.ts"
        ],
        "missing": [],
        "files": [
          {
            "path": "/home/ricardo/Área de trabalho/cvg-operational-harness/packages/channel-gateway/src/adapters/chatwoot.ts",
            "manifestPath": "packages/channel-gateway/src/adapters/chatwoot.ts",
            "metrics": {
              "statements": {
                "total": 73,
                "covered": 70,
                "skipped": 0,
                "pct": 95.89
              },
              "lines": {
                "total": 70,
                "covered": 68,
                "skipped": 0,
                "pct": 97.14
              },
              "functions": {
                "total": 8,
                "covered": 8,
                "skipped": 0,
                "pct": 100
              },
              "branches": {
                "total": 86,
                "covered": 77,
                "skipped": 0,
                "pct": 89.53
              }
            }
          },
          {
            "path": "/home/ricardo/Área de trabalho/cvg-operational-harness/packages/channel-gateway/src/adapters/evolution.ts",
            "manifestPath": "packages/channel-gateway/src/adapters/evolution.ts",
            "metrics": {
              "statements": {
                "total": 65,
                "covered": 63,
                "skipped": 0,
                "pct": 96.92
              },
              "lines": {
                "total": 63,
                "covered": 62,
                "skipped": 0,
                "pct": 98.41
              },
              "functions": {
                "total": 7,
                "covered": 7,
                "skipped": 0,
                "pct": 100
              },
              "branches": {
                "total": 68,
                "covered": 62,
                "skipped": 0,
                "pct": 91.18
              }
            }
          },
          {
            "path": "/home/ricardo/Área de trabalho/cvg-operational-harness/packages/channel-gateway/src/adapters/fake.ts",
            "manifestPath": "packages/channel-gateway/src/adapters/fake.ts",
            "metrics": {
              "statements": {
                "total": 18,
                "covered": 18,
                "skipped": 0,
                "pct": 100
              },
              "lines": {
                "total": 17,
                "covered": 17,
                "skipped": 0,
                "pct": 100
              },
              "functions": {
                "total": 6,
                "covered": 6,
                "skipped": 0,
                "pct": 100
              },
              "branches": {
                "total": 20,
                "covered": 20,
                "skipped": 0,
                "pct": 100
              }
            }
          },
          {
            "path": "/home/ricardo/Área de trabalho/cvg-operational-harness/packages/channel-gateway/src/contracts.ts",
            "manifestPath": "packages/channel-gateway/src/contracts.ts",
            "metrics": {
              "statements": {
                "total": 6,
                "covered": 6,
                "skipped": 0,
                "pct": 100
              },
              "lines": {
                "total": 6,
                "covered": 6,
                "skipped": 0,
                "pct": 100
              },
              "functions": {
                "total": 1,
                "covered": 1,
                "skipped": 0,
                "pct": 100
              },
              "branches": {
                "total": 0,
                "covered": 0,
                "skipped": 0,
                "pct": null
              }
            }
          },
          {
            "path": "/home/ricardo/Área de trabalho/cvg-operational-harness/packages/channel-gateway/src/effect-journal-file.ts",
            "manifestPath": "packages/channel-gateway/src/effect-journal-file.ts",
            "metrics": {
              "statements": {
                "total": 160,
                "covered": 157,
                "skipped": 0,
                "pct": 98.13
              },
              "lines": {
                "total": 141,
                "covered": 141,
                "skipped": 0,
                "pct": 100
              },
              "functions": {
                "total": 31,
                "covered": 28,
                "skipped": 0,
                "pct": 90.32
              },
              "branches": {
                "total": 92,
                "covered": 92,
                "skipped": 0,
                "pct": 100
              }
            }
          },
          {
            "path": "/home/ricardo/Área de trabalho/cvg-operational-harness/packages/channel-gateway/src/errors.ts",
            "manifestPath": "packages/channel-gateway/src/errors.ts",
            "metrics": {
              "statements": {
                "total": 6,
                "covered": 6,
                "skipped": 0,
                "pct": 100
              },
              "lines": {
                "total": 6,
                "covered": 6,
                "skipped": 0,
                "pct": 100
              },
              "functions": {
                "total": 1,
                "covered": 1,
                "skipped": 0,
                "pct": 100
              },
              "branches": {
                "total": 4,
                "covered": 4,
                "skipped": 0,
                "pct": 100
              }
            }
          },
          {
            "path": "/home/ricardo/Área de trabalho/cvg-operational-harness/packages/channel-gateway/src/gateway.ts",
            "manifestPath": "packages/channel-gateway/src/gateway.ts",
            "metrics": {
              "statements": {
                "total": 108,
                "covered": 107,
                "skipped": 0,
                "pct": 99.07
              },
              "lines": {
                "total": 105,
                "covered": 105,
                "skipped": 0,
                "pct": 100
              },
              "functions": {
                "total": 11,
                "covered": 10,
                "skipped": 0,
                "pct": 90.91
              },
              "branches": {
                "total": 79,
                "covered": 76,
                "skipped": 0,
                "pct": 96.2
              }
            }
          },
          {
            "path": "/home/ricardo/Área de trabalho/cvg-operational-harness/packages/channel-gateway/src/idempotency.ts",
            "manifestPath": "packages/channel-gateway/src/idempotency.ts",
            "metrics": {
              "statements": {
                "total": 23,
                "covered": 23,
                "skipped": 0,
                "pct": 100
              },
              "lines": {
                "total": 19,
                "covered": 19,
                "skipped": 0,
                "pct": 100
              },
              "functions": {
                "total": 9,
                "covered": 9,
                "skipped": 0,
                "pct": 100
              },
              "branches": {
                "total": 16,
                "covered": 16,
                "skipped": 0,
                "pct": 100
              }
            }
          }
        ],
        "metrics": {
          "statements": {
            "total": 459,
            "covered": 450,
            "pct": 98.04
          },
          "lines": {
            "total": 427,
            "covered": 424,
            "pct": 99.3
          },
          "functions": {
            "total": 74,
            "covered": 70,
            "pct": 94.59
          },
          "branches": {
            "total": 365,
            "covered": 347,
            "pct": 95.07
          }
        }
      },
      {
        "id": "rls",
        "paths": [
          "apps/api/src/tenant-preflight.ts",
          "packages/persistence/src/tenant-schema.ts"
        ],
        "missing": [],
        "files": [
          {
            "path": "/home/ricardo/Área de trabalho/cvg-operational-harness/apps/api/src/tenant-preflight.ts",
            "manifestPath": "apps/api/src/tenant-preflight.ts",
            "metrics": {
              "statements": {
                "total": 171,
                "covered": 169,
                "skipped": 0,
                "pct": 98.83
              },
              "lines": {
                "total": 165,
                "covered": 163,
                "skipped": 0,
                "pct": 98.79
              },
              "functions": {
                "total": 38,
                "covered": 37,
                "skipped": 0,
                "pct": 97.37
              },
              "branches": {
                "total": 171,
                "covered": 164,
                "skipped": 0,
                "pct": 95.91
              }
            }
          },
          {
            "path": "/home/ricardo/Área de trabalho/cvg-operational-harness/packages/persistence/src/tenant-schema.ts",
            "manifestPath": "packages/persistence/src/tenant-schema.ts",
            "metrics": {
              "statements": {
                "total": 7,
                "covered": 7,
                "skipped": 0,
                "pct": 100
              },
              "lines": {
                "total": 6,
                "covered": 6,
                "skipped": 0,
                "pct": 100
              },
              "functions": {
                "total": 4,
                "covered": 4,
                "skipped": 0,
                "pct": 100
              },
              "branches": {
                "total": 1,
                "covered": 1,
                "skipped": 0,
                "pct": 100
              }
            }
          }
        ],
        "metrics": {
          "statements": {
            "total": 178,
            "covered": 176,
            "pct": 98.88
          },
          "lines": {
            "total": 171,
            "covered": 169,
            "pct": 98.83
          },
          "functions": {
            "total": 42,
            "covered": 41,
            "pct": 97.62
          },
          "branches": {
            "total": 172,
            "covered": 165,
            "pct": 95.93
          }
        }
      }
    ],
    "pass": true,
    "failures": []
  },
  "verdict": "PASS",
  "failures": []
}

> cvg-operational-harness@1.0.0 mutation:guard
> node scripts/mutation-guard.mjs

{
  "schemaVersion": 2,
  "kind": "aud21-risk-mutation-guard",
  "contract": "rem21-013-v1",
  "generatedAt": "2026-09-26T02:39:04.389Z",
  "nodeVersion": "22.23.2",
  "runId": "run-aud53-20260925d",
  "candidateId": "865514e33d60fd21aafa22acecd80128ab0637d23f21da284457456d32321c7c",
  "manifestSha256": "700210716713d583f80037838ac87be91e0af70765139601efbc756353a073da",
  "domains": [
    "approval",
    "coverage",
    "identity",
    "persistence",
    "policy",
    "rate-limiter",
    "replay",
    "ssrf"
  ],
  "selected": 10,
  "killed": 10,
  "survived": 0,
  "timedOut": 0,
  "errors": 0,
  "mutations": [
    {
      "id": "global-threshold-inclusive-boundary",
      "domain": "coverage",
      "mode": "driver",
      "source": "scripts/lib/coverage-gate.mjs",
      "sourceSha256": "6646c80f18edf5c482c85db686c9e6878d1a95efd0401f0a4b7672279aa82014",
      "from": "value < threshold",
      "to": "value <= threshold",
      "testFiles": [],
      "budgetMs": 120000,
      "durationMs": 26,
      "status": "KILLED",
      "exitCode": 1,
      "signal": null,
      "output": ""
    },
    {
      "id": "critical-threshold-inclusive-boundary",
      "domain": "coverage",
      "mode": "driver",
      "source": "scripts/lib/coverage-gate.mjs",
      "sourceSha256": "6646c80f18edf5c482c85db686c9e6878d1a95efd0401f0a4b7672279aa82014",
      "from": "branchPct < threshold",
      "to": "branchPct <= threshold",
      "testFiles": [],
      "budgetMs": 120000,
      "durationMs": 27,
      "status": "KILLED",
      "exitCode": 1,
      "signal": null,
      "output": ""
    },
    {
      "id": "coverage-weighted-denominator",
      "domain": "coverage",
      "mode": "driver",
      "source": "scripts/lib/coverage-gate.mjs",
      "sourceSha256": "6646c80f18edf5c482c85db686c9e6878d1a95efd0401f0a4b7672279aa82014",
      "from": "(dimension.covered / dimension.total) * 100",
      "to": "(dimension.covered / dimension.covered) * 100",
      "testFiles": [],
      "budgetMs": 120000,
      "durationMs": 27,
      "status": "KILLED",
      "exitCode": 1,
      "signal": null,
      "output": ""
    },
    {
      "id": "identity-expiry-inclusive-boundary",
      "domain": "identity",
      "mode": "vitest",
      "source": "apps/api/src/operator-identity.ts",
      "sourceSha256": "dc66e441757b83871be6b09e329fa3053c1fc4c249b9b1484d512782fceb46c4",
      "from": "claims.exp <= currentTime",
      "to": "claims.exp < currentTime",
      "testFiles": [
        "apps/api/src/__tests__/trusted-operator-identity.test.ts"
      ],
      "budgetMs": 120000,
      "durationMs": 1248,
      "status": "KILLED",
      "exitCode": 1,
      "signal": null,
      "output": "RUN  v4.1.11 /tmp/rem21-013-mutation-mQPcr2\n\n··········x··\n\n Test Files  1 failed (1)\n      Tests  1 failed | 12 passed (13)\n   Start at  23:39:05\n   Duration  906ms (transform 110ms, setup 0ms, import 176ms, tests 24ms, environment 588ms)\n\n\n\n⎯⎯⎯⎯⎯⎯⎯ Failed Tests 1 ⎯⎯⎯⎯⎯⎯⎯\n\n FAIL  apps/api/src/__tests__/trusted-operator-identity.test.ts > trusted operator identity tokens > rejects a token whose expiration is exactly the current second\nAssertionError: expected [Function] to throw an error\n\n- Expected:\nnull\n\n+ Received:\nundefined\n\n ❯ apps/api/src/__tests__/trusted-operator-identity.test.ts:338:7\n    336|         )\n    337|       })\n    338|     ).toThrow(/expired or not active/)\n       |       ^\n    339|   })\n    340|\n\n⎯⎯⎯⎯⎯⎯⎯⎯⎯⎯⎯⎯⎯⎯⎯⎯⎯⎯⎯⎯⎯⎯⎯⎯[1/1]⎯"
    },
    {
      "id": "replay-cache-membership",
      "domain": "replay",
      "mode": "vitest",
      "source": "apps/api/src/operator-identity.ts",
      "sourceSha256": "dc66e441757b83871be6b09e329fa3053c1fc4c249b9b1484d512782fceb46c4",
      "from": "replayedTokenIds.has(claims.jti)",
      "to": "!replayedTokenIds.has(claims.jti)",
      "testFiles": [
        "apps/api/src/__tests__/trusted-operator-identity.test.ts"
      ],
      "budgetMs": 120000,
      "durationMs": 1231,
      "status": "KILLED",
      "exitCode": 1,
      "signal": null,
      "output": "RUN  v4.1.11 /tmp/rem21-013-mutation-mQPcr2\n\nxxxxx······xx\n\n Test Files  1 failed (1)\n      Tests  7 failed | 6 passed (13)\n   Start at  23:39:06\n   Duration  891ms (transform 109ms, setup 0ms, import 174ms, tests 18ms, environment 571ms)\n\n\n\n⎯⎯⎯⎯⎯⎯⎯ Failed Tests 7 ⎯⎯⎯⎯⎯⎯⎯\n\n FAIL  apps/api/src/__tests__/trusted-operator-identity.test.ts > trusted operator identity tokens > creates and resolves a tenant-bound identity token\nError: Trusted operator token replay detected\n ❯ apps/api/src/operator-identity.ts:174:13\n    172|     pruneReplayedTokenIds(replayedTokenIds, currentTime)\n    173|     if (!replayedTokenIds.has(claims.jti)) {\n    174|       throw new Error('Trusted operator token replay detected')\n       |             ^\n    175|     }\n    176|     if (replayedTokenIds.size >= replayCacheSize) {\n ❯ apps/api/src/__tests__/trusted-operator-identity.test.ts:63:12\n\n⎯⎯⎯⎯⎯⎯⎯⎯⎯⎯⎯⎯⎯⎯⎯⎯⎯⎯⎯⎯⎯⎯⎯⎯[1/7]⎯\n\n FAIL  apps/api/src/__tests__/trusted-operator-identity.test.ts > trusted operator identity tokens > uses default resolver windows and accepts a token created with default lifetime\nError: Trusted operator token replay detected\n ❯ apps/api/src/operator-identity.ts:174:13\n    172|     pruneReplayedTokenIds(replayedTokenIds, currentTime)\n    173|     if (!replayedTokenIds.has(claims.jti)) {\n    174|       throw new Error('Trusted operator token replay detected')\n       |             ^\n    175|     }\n    176|     if (replayedTokenIds.size >= replayCacheSize) {\n ❯ apps/api/src/__tests__/trusted-operator-identity.test.ts:77:12\n\n⎯⎯⎯⎯⎯⎯⎯⎯⎯⎯⎯⎯⎯⎯⎯⎯⎯⎯⎯⎯⎯⎯⎯⎯[2/7]⎯\n\n FAIL  apps/api/src/__tests__/trusted-operator-identity.test.ts > trusted operator identity tokens > accepts the previous secret only during an explicit rotation window\nError: Trusted operator token replay detected\n ❯ apps/api/src/operator-identity.ts:174:13\n    172|     pruneReplayedTokenIds(replayedTokenIds, currentTime)\n    173|     if (!replayedTokenIds.has(claims.jti)) {\n    174|       throw new Error('Trusted operator token replay detected')\n       |             ^\n    175|     }\n    176|     if (replayedTokenIds.size >= replayCacheSize) {\n ❯ apps/api/src/__tests__/trusted-operator-identity.test.ts:92:12\n\n⎯⎯⎯⎯⎯⎯⎯⎯⎯⎯⎯⎯⎯⎯⎯⎯⎯⎯⎯⎯⎯⎯⎯⎯[3/7]⎯\n\n FAIL  apps/api/src/__tests__/trusted-operator-identity.test.ts > trusted operator identity tokens > rejects a replayed token while accepting a distinct token ID\nError: Trusted operator token replay detected\n ❯ apps/api/src/operator-identity.ts:174:13\n    172|     pruneReplayedTokenIds(replayedTokenIds, currentTime)\n    173|     if (!replayedTokenIds.has(claims.jti)) {\n    174|       throw new Error('Trusted operator token replay detected')\n       |             ^\n    175|     }\n    176|     if (replayedTokenIds.size >= replayCacheSize) {\n ❯ apps/api/src/__tests__/trusted-operator-identity.test.ts:109:12\n\n⎯⎯⎯⎯⎯⎯⎯⎯⎯⎯⎯⎯⎯⎯⎯⎯⎯⎯⎯⎯⎯⎯⎯⎯[4/7]⎯\n\n FAIL  apps/api/src/__tests__/trusted-operator-identity.test.ts > trusted operator identity tokens > expires replay entries and fails closed when the bounded cache is full\nError: Trusted operator token replay detected\n ❯ apps/api/src/operator-identity.ts:174:13\n    172|     pruneReplayedTokenIds(replayedTokenIds, currentTime)\n    173|     if (!replayedTokenIds.has(claims.jti)) {\n    174|       throw new Error('Trusted operator token replay detected')\n       |             ^\n    175|     }\n    176|     if (replayedTokenIds.size >= replayCacheSize) {\n ❯ apps/api/src/__tests__/trusted-operator-identity.test.ts:140:12\n\n⎯⎯⎯⎯⎯⎯⎯⎯⎯⎯⎯⎯⎯⎯⎯⎯⎯⎯⎯⎯⎯⎯⎯⎯[5/7]⎯\n\n FAIL  apps/api/src/__tests__/trusted-operator-identity.test.ts > trusted operator identity tokens > supports bounded key rotation and rejects missing or inactive key ids\nError: Trusted operator token replay detected\n ❯ apps/api/src/operator-identity.ts:174:13\n    172|     pruneReplayedTokenIds(replayedTokenIds, currentTime)\n    173|     if (!replayedTokenIds.has(claims.jti)) {\n    174|       throw new Error('Trusted operator token replay detected')\n       |             ^\n    175|     }\n    176|     if (replayedTokenIds.size >= replayCacheSize) {\n ❯ apps/api/src/__tests__/trusted-operator-identity.test.ts:364:12\n\n⎯⎯⎯⎯⎯⎯⎯⎯⎯⎯⎯⎯⎯⎯⎯⎯⎯⎯⎯⎯⎯⎯⎯⎯[6/7]⎯\n\n FAIL  apps/api/src/__tests__/trusted-operator-identity.test.ts > trusted operator identity tokens > parses configured key rings and safely decodes replay claims\nError: Trusted operator token replay detected\n ❯ apps/api/src/operator-identity.ts:174:13\n    172|     pruneReplayedTokenIds(replayedTokenIds, currentTime)\n    173|     if (!replayedTokenIds.has(claims.jti)) {\n    174|       throw new Error('Trusted operator token replay detected')\n       |             ^\n    175|     }\n    176|     if (replayedTokenIds.size >= replayCacheSize) {\n ❯ apps/api/src/__tests__/trusted-operator-identity.test.ts:427:12\n\n⎯⎯⎯⎯⎯⎯⎯⎯⎯⎯⎯⎯⎯⎯⎯⎯⎯⎯⎯⎯⎯⎯⎯⎯[7/7]⎯"
    },
    {
      "id": "policy-deny-effect",
      "domain": "policy",
      "mode": "vitest",
      "source": "packages/policy-engine/src/engine.ts",
      "sourceSha256": "70fdc4f16de73df51a814c07dadd127c10830cdf489ab36a8a67bf3b66525d05",
      "from": "effect === 'DENY'",
      "to": "effect !== 'DENY'",
      "testFiles": [
        "packages/policy-engine/src/__tests__/policy-engine-branch-hardening.test.ts"
      ],
      "budgetMs": 120000,
      "durationMs": 1230,
      "status": "KILLED",
      "exitCode": 1,
      "signal": null,
      "output": "RUN  v4.1.11 /tmp/rem21-013-mutation-mQPcr2\n\n··xxxxx··\n\n Test Files  1 failed (1)\n      Tests  5 failed | 4 passed (9)\n   Start at  23:39:07\n   Duration  906ms (transform 115ms, setup 0ms, import 196ms, tests 20ms, environment 581ms)\n\n\n\n⎯⎯⎯⎯⎯⎯⎯ Failed Tests 5 ⎯⎯⎯⎯⎯⎯⎯\n\n FAIL  packages/policy-engine/src/__tests__/policy-engine-branch-hardening.test.ts > AAA34 policy-engine branch hardening > applies an ALLOW policy winner and preserves the document identity\nAssertionError: expected 'DENY' to be 'ALLOW' // Object.is equality\n\nExpected: \"ALLOW\"\nReceived: \"DENY\"\n\n ❯ packages/policy-engine/src/__tests__/policy-engine-branch-hardening.test.ts:75:31\n     73|     ])\n     74|     const decision = policy.evaluate(input())\n     75|     expect(decision.decision).toBe('ALLOW')\n       |                               ^\n     76|     expect(decision.reason).toBe('Explicitly allowed by tenant policy')\n     77|     expect(decision.policyId).toBe('tenant.allow')\n\n⎯⎯⎯⎯⎯⎯⎯⎯⎯⎯⎯⎯⎯⎯⎯⎯⎯⎯⎯⎯⎯⎯⎯⎯[1/5]⎯\n\n FAIL  packages/policy-engine/src/__tests__/policy-engine-branch-hardening.test.ts > AAA34 policy-engine branch hardening > keeps an ALLOW rule from removing the grant approval floor\nAssertionError: expected 'DENY' to be 'REQUIRE_APPROVAL' // Object.is equality\n\nExpected: \"REQUIRE_APPROVAL\"\nReceived: \"DENY\"\n\n ❯ packages/policy-engine/src/__tests__/policy-engine-branch-hardening.test.ts:106:31\n    104|       })\n    105|     )\n    106|     expect(decision.decision).toBe('REQUIRE_APPROVAL')\n       |                               ^\n    107|     expect(decision.reason).toBe('Tenant accepts this cancellation')\n    108|     expect(decision.policyId).toBe('tenant.allow-cancel')\n\n⎯⎯⎯⎯⎯⎯⎯⎯⎯⎯⎯⎯⎯⎯⎯⎯⎯⎯⎯⎯⎯⎯⎯⎯[2/5]⎯\n\n FAIL  packages/policy-engine/src/__tests__/policy-engine-branch-hardening.test.ts > AAA34 policy-engine branch hardening > applies a REQUIRE_APPROVAL policy winner with its reason\nAssertionError: expected 'DENY' to be 'REQUIRE_APPROVAL' // Object.is equality\n\nExpected: \"REQUIRE_APPROVAL\"\nReceived: \"DENY\"\n\n ❯ packages/policy-engine/src/__tests__/policy-engine-branch-hardening.test.ts:131:31\n    129|     ])\n    130|     const decision = policy.evaluate(input())\n    131|     expect(decision.decision).toBe('REQUIRE_APPROVAL')\n       |                               ^\n    132|     expect(decision.reason).toBe('Reads need a human in this tenant')\n    133|     expect(decision.policyVersion).toBe('2.0.0')\n\n⎯⎯⎯⎯⎯⎯⎯⎯⎯⎯⎯⎯⎯⎯⎯⎯⎯⎯⎯⎯⎯⎯⎯⎯[3/5]⎯\n\n FAIL  packages/policy-engine/src/__tests__/policy-engine-branch-hardening.test.ts > AAA34 policy-engine branch hardening > prefers the highest priority rule when priorities differ\nAssertionError: expected 'DENY' to be 'REQUIRE_APPROVAL' // Object.is equality\n\nExpected: \"REQUIRE_APPROVAL\"\nReceived: \"DENY\"\n\n ❯ packages/policy-engine/src/__tests__/policy-engine-branch-hardening.test.ts:162:31\n    160|     ])\n    161|     const decision = policy.evaluate(input())\n    162|     expect(decision.decision).toBe('REQUIRE_APPROVAL')\n       |                               ^\n    163|     expect(decision.reason).toBe('High priority approval')\n    164|   })\n\n⎯⎯⎯⎯⎯⎯⎯⎯⎯⎯⎯⎯⎯⎯⎯⎯⎯⎯⎯⎯⎯⎯⎯⎯[4/5]⎯\n\n FAIL  packages/policy-engine/src/__tests__/policy-engine-branch-hardening.test.ts > AAA34 policy-engine branch hardening > skips rules outside the document effective window\nAssertionError: expected 'ALLOW' to be 'DENY' // Object.is equality\n\nExpected: \"DENY\"\nReceived: \"ALLOW\"\n\n ❯ packages/policy-engine/src/__tests__/policy-engine-branch-hardening.test.ts:205:47\n    203|       }\n    204|     ])\n    205|     expect(active.evaluate(input()).decision).toBe('DENY')\n       |                                               ^\n    206|   })\n    207|\n\n⎯⎯⎯⎯⎯⎯⎯⎯⎯⎯⎯⎯⎯⎯⎯⎯⎯⎯⎯⎯⎯⎯⎯⎯[5/5]⎯"
    },
    {
      "id": "ssrf-private-network-operator",
      "domain": "ssrf",
      "mode": "vitest",
      "source": "packages/shared/src/ssrf.ts",
      "sourceSha256": "57cdb8f623278fa46a582e60cc58b42f55b741e14cf084940a6bd523217ec7af",
      "from": "!options.allowPrivateNetworks && isPrivateIpAddress(hostname)",
      "to": "!options.allowPrivateNetworks || isPrivateIpAddress(hostname)",
      "testFiles": [
        "packages/shared/src/__tests__/ssrf-egress.test.ts",
        "packages/shared/src/__tests__/ssrf.test.ts"
      ],
      "budgetMs": 120000,
      "durationMs": 1891,
      "status": "KILLED",
      "exitCode": 1,
      "signal": null,
      "output": "RUN  v4.1.11 /tmp/rem21-013-mutation-mQPcr2\n\n··xxxxxx·xxxxxxx·························xx·······\n\n Test Files  2 failed (2)\n      Tests  15 failed | 35 passed (50)\n   Start at  23:39:08\n   Duration  1.54s (transform 59ms, setup 0ms, import 89ms, tests 48ms, environment 1.17s)\n\n\n\n⎯⎯⎯⎯⎯⎯ Failed Tests 15 ⎯⎯⎯⎯⎯⎯⎯\n\n FAIL  packages/shared/src/__tests__/ssrf-egress.test.ts > resolveAndGuardOutboundUrl (AUD19-007) > requires loopback-only answers for an explicit local HTTP opt-in\nUnsafeUrlError: Outbound URL rejected: private_network_address\n ❯ resolveAndGuardOutboundUrl packages/shared/src/ssrf.ts:280:11\n    278|   const checked = evaluateOutboundUrl(rawUrl, options)\n    279|   if (!checked.allowed) {\n    280|     throw new UnsafeUrlError(checked.reason)\n       |           ^\n    281|   }\n    282|   const hostname = stripBrackets(checked.url.hostname.toLowerCase())\n ❯ packages/shared/src/__tests__/ssrf-egress.test.ts:78:27\n\n⎯⎯⎯⎯⎯⎯⎯⎯⎯⎯⎯⎯⎯⎯⎯⎯⎯⎯⎯⎯⎯⎯⎯[1/15]⎯\n\n FAIL  packages/shared/src/__tests__/ssrf-egress.test.ts > resolveAndGuardOutboundUrl (AUD19-007) > denies when any resolved address is private (multi-answer)\nAssertionError: expected [Function] to throw error matching /dns_private_address/ but got 'Outbound URL rejected: private_networ…'\n\n- Expected:\n/dns_private_address/\n\n+ Received:\n\"Outbound URL rejected: private_network_address\"\n\n ❯ packages/shared/src/__tests__/ssrf-egress.test.ts:97:6\n     95|         { dnsLookup: mixedDns }\n     96|       )\n     97|     ).rejects.toThrow(/dns_private_address/)\n       |      ^\n     98|   })\n     99|\n\n⎯⎯⎯⎯⎯⎯⎯⎯⎯⎯⎯⎯⎯⎯⎯⎯⎯⎯⎯⎯⎯⎯⎯[2/15]⎯\n\n FAIL  packages/shared/src/__tests__/ssrf-egress.test.ts > resolveAndGuardOutboundUrl (AUD19-007) > denies IPv6 private resolutions and literals without DNS\nAssertionError: expected [Function] to throw error matching /dns_private_address/ but got 'Outbound URL rejected: private_networ…'\n\n- Expected:\n/dns_private_address/\n\n+ Received:\n\"Outbound URL rejected: private_network_address\"\n\n ❯ packages/shared/src/__tests__/ssrf-egress.test.ts:108:6\n    106|         { dnsLookup: async () => [PRIVATE_V6] }\n    107|       )\n    108|     ).rejects.toThrow(/dns_private_address/)\n       |      ^\n    109|     await expect(\n    110|       resolveAndGuardOutboundUrl('http://[fd00::1]/', { allowHttp: tru…\n\n⎯⎯⎯⎯⎯⎯⎯⎯⎯⎯⎯⎯⎯⎯⎯⎯⎯⎯⎯⎯⎯⎯⎯[3/15]⎯\n\n FAIL  packages/shared/src/__tests__/ssrf-egress.test.ts > resolveAndGuardOutboundUrl (AUD19-007) > denies decimal-IP obfuscation that resolves to loopback\nAssertionError: expected [Function] to throw error matching /dns_private_address/ but got 'Outbound URL rejected: private_networ…'\n\n- Expected:\n/dns_private_address/\n\n+ Received:\n\"Outbound URL rejected: private_network_address\"\n\n ❯ packages/shared/src/__tests__/ssrf-egress.test.ts:131:6\n    129|         { dnsLookup: async () => ['127.0.0.1'] }\n    130|       )\n    131|     ).rejects.toThrow(/dns_private_address/)\n       |      ^\n    132|   })\n    133|\n\n⎯⎯⎯⎯⎯⎯⎯⎯⎯⎯⎯⎯⎯⎯⎯⎯⎯⎯⎯⎯⎯⎯⎯[4/15]⎯\n\n FAIL  packages/shared/src/__tests__/ssrf-egress.test.ts > resolveAndGuardOutboundUrl (AUD19-007) > fails closed on DNS outage and empty resolution\nAssertionError: expected [Function] to throw error matching /dns_resolution_failed/ but got 'Outbound URL rejected: private_networ…'\n\n- Expected:\n/dns_resolution_failed/\n\n+ Received:\n\"Outbound URL rejected: private_network_address\"\n\n ❯ packages/shared/src/__tests__/ssrf-egress.test.ts:141:6\n    139|         { dnsLookup: failingDns }\n    140|       )\n    141|     ).rejects.toThrow(/dns_resolution_failed/)\n       |      ^\n    142|     await expect(\n    143|       resolveAndGuardOutboundUrl(\n\n⎯⎯⎯⎯⎯⎯⎯⎯⎯⎯⎯⎯⎯⎯⎯⎯⎯⎯⎯⎯⎯⎯⎯[5/15]⎯\n\n FAIL  packages/shared/src/__tests__/ssrf-egress.test.ts > resolveAndGuardOutboundUrl (AUD19-007) > denies rebinding when the second resolution turns private\nUnsafeUrlError: Outbound URL rejected: private_network_address\n ❯ resolveAndGuardOutboundUrl packages/shared/src/ssrf.ts:280:11\n    278|   const checked = evaluateOutboundUrl(rawUrl, options)\n    279|   if (!checked.allowed) {\n    280|     throw new UnsafeUrlError(checked.reason)\n       |           ^\n    281|   }\n    282|   const hostname = stripBrackets(checked.url.hostname.toLowerCase())\n ❯ packages/shared/src/__tests__/ssrf-egress.test.ts:154:25\n\n⎯⎯⎯⎯⎯⎯⎯⎯⎯⎯⎯⎯⎯⎯⎯⎯⎯⎯⎯⎯⎯⎯⎯[6/15]⎯\n\n FAIL  packages/shared/src/__tests__/ssrf-egress.test.ts > fetchWithSsrfGuard (AUD19-007) > passes non-redirect responses through\nUnsafeUrlError: Outbound URL rejected: private_network_address\n ❯ resolveAndGuardOutboundUrl packages/shared/src/ssrf.ts:280:11\n    278|   const checked = evaluateOutboundUrl(rawUrl, options)\n    279|   if (!checked.allowed) {\n    280|     throw new UnsafeUrlError(checked.reason)\n       |           ^\n    281|   }\n    282|   const hostname = stripBrackets(checked.url.hostname.toLowerCase())\n ❯ fetchWithSsrfGuard packages/shared/src/ssrf.ts:349:28\n ❯ packages/shared/src/__tests__/ssrf-egress.test.ts:190:28\n\n⎯⎯⎯⎯⎯⎯⎯⎯⎯⎯⎯⎯⎯⎯⎯⎯⎯⎯⎯⎯⎯⎯⎯[7/15]⎯\n\n FAIL  packages/shared/src/__tests__/ssrf-egress.test.ts > fetchWithSsrfGuard (AUD19-007) > binds the transport to the validated address instead of re-resolving\nUnsafeUrlError: Outbound URL rejected: private_network_address\n ❯ resolveAndGuardOutboundUrl packages/shared/src/ssrf.ts:280:11\n    278|   const checked = evaluateOutboundUrl(rawUrl, options)\n    279|   if (!checked.allowed) {\n    280|     throw new UnsafeUrlError(checked.reason)\n       |           ^\n    281|   }\n    282|   const hostname = stripBrackets(checked.url.hostname.toLowerCase())\n ❯ fetchWithSsrfGuard packages/shared/src/ssrf.ts:349:28\n ❯ packages/shared/src/__tests__/ssrf-egress.test.ts:224:28\n\n⎯⎯⎯⎯⎯⎯⎯⎯⎯⎯⎯⎯⎯⎯⎯⎯⎯⎯⎯⎯⎯⎯⎯[8/15]⎯\n\n FAIL  packages/shared/src/__tests__/ssrf-egress.test.ts > fetchWithSsrfGuard (AUD19-007) > re-resolves and re-binds every redirect hop\nUnsafeUrlError: Outbound URL rejected: private_network_address\n ❯ resolveAndGuardOutboundUrl packages/shared/src/ssrf.ts:280:11\n    278|   const checked = evaluateOutboundUrl(rawUrl, options)\n    279|   if (!checked.allowed) {\n    280|     throw new UnsafeUrlError(checked.reason)\n       |           ^\n    281|   }\n    282|   const hostname = stripBrackets(checked.url.hostname.toLowerCase())\n ❯ fetchWithSsrfGuard packages/shared/src/ssrf.ts:349:28\n ❯ packages/shared/src/__tests__/ssrf-egress.test.ts:257:28\n\n⎯⎯⎯⎯⎯⎯⎯⎯⎯⎯⎯⎯⎯⎯⎯⎯⎯⎯⎯⎯⎯⎯⎯[9/15]⎯\n\n FAIL  packages/shared/src/__tests__/ssrf-egress.test.ts > fetchWithSsrfGuard (AUD19-007) > never contacts a private redirect target\nAssertionError: expected [] to deeply equal [ 'https://api.example.test/start' ]\n\n- Expected\n+ Received\n\n- [\n-   \"https://api.example.test/start\",\n- ]\n+ []\n\n ❯ packages/shared/src/__tests__/ssrf-egress.test.ts:291:18\n    289|       )\n    290|     ).rejects.toThrow(/private_network_address|dns_private_address/)\n    291|     expect(seen).toEqual(['https://api.example.test/start'])\n       |                  ^\n    292|   })\n    293|\n\n⎯⎯⎯⎯⎯⎯⎯⎯⎯⎯⎯⎯⎯⎯⎯⎯⎯⎯⎯⎯⎯⎯[10/15]⎯\n\n FAIL  packages/shared/src/__tests__/ssrf-egress.test.ts > fetchWithSsrfGuard (AUD19-007) > follows a relative redirect after revalidation\nUnsafeUrlError: Outbound URL rejected: private_network_address\n ❯ resolveAndGuardOutboundUrl packages/shared/src/ssrf.ts:280:11\n    278|   const checked = evaluateOutboundUrl(rawUrl, options)\n    279|   if (!checked.allowed) {\n    280|     throw new UnsafeUrlError(checked.reason)\n       |           ^\n    281|   }\n    282|   const hostname = stripBrackets(checked.url.hostname.toLowerCase())\n ❯ fetchWithSsrfGuard packages/shared/src/ssrf.ts:349:28\n ❯ packages/shared/src/__tests__/ssrf-egress.test.ts:300:28\n\n⎯⎯⎯⎯⎯⎯⎯⎯⎯⎯⎯⎯⎯⎯⎯⎯⎯⎯⎯⎯⎯⎯[11/15]⎯\n\n FAIL  packages/shared/src/__tests__/ssrf-egress.test.ts > fetchWithSsrfGuard (AUD19-007) > stops redirect loops and location-less redirects\nAssertionError: expected [Function] to throw error matching /too_many_redirects/ but got 'Outbound URL rejected: private_networ…'\n\n- Expected:\n/too_many_redirects/\n\n+ Received:\n\"Outbound URL rejected: private_network_address\"\n\n ❯ packages/shared/src/__tests__/ssrf-egress.test.ts:324:6\n    322|         { dnsLookup: publicDns }\n    323|       )\n    324|     ).rejects.toThrow(/too_many_redirects/)\n       |      ^\n    325|     expect(loop.seen).toHaveLength(3)\n    326|     const noLocation = fakeFetch(() => ({ status: 302 }))\n\n⎯⎯⎯⎯⎯⎯⎯⎯⎯⎯⎯⎯⎯⎯⎯⎯⎯⎯⎯⎯⎯⎯[12/15]⎯\n\n FAIL  packages/shared/src/__tests__/ssrf-egress.test.ts > loopback integration with real DNS (AUD19-007) > fetches a loopback server with explicit opt-in and denies by default\nUnsafeUrlError: Outbound URL rejected: private_network_address\n ❯ resolveAndGuardOutboundUrl packages/shared/src/ssrf.ts:280:11\n    278|   const checked = evaluateOutboundUrl(rawUrl, options)\n    279|   if (!checked.allowed) {\n    280|     throw new UnsafeUrlError(checked.reason)\n       |           ^\n    281|   }\n    282|   const hostname = stripBrackets(checked.url.hostname.toLowerCase())\n ❯ fetchWithSsrfGuard packages/shared/src/ssrf.ts:349:28\n ❯ packages/shared/src/__tests__/ssrf-egress.test.ts:367:28\n\n⎯⎯⎯⎯⎯⎯⎯⎯⎯⎯⎯⎯⎯⎯⎯⎯⎯⎯⎯⎯⎯⎯[13/15]⎯\n\n FAIL  packages/shared/src/__tests__/ssrf.test.ts > evaluateOutboundUrl > allows public HTTPS endpoints by default\nAssertionError: expected false to be true // Object.is equality\n\n- Expected\n+ Received\n\n- true\n+ false\n\n ❯ packages/shared/src/__tests__/ssrf.test.ts:54:28\n     52|   it('allows public HTTPS endpoints by default', () => {\n     53|     const result = evaluateOutboundUrl('https://api.example.com/v1/mod…\n     54|     expect(result.allowed).toBe(true)\n       |                            ^\n     55|   })\n     56|\n\n⎯⎯⎯⎯⎯⎯⎯⎯⎯⎯⎯⎯⎯⎯⎯⎯⎯⎯⎯⎯⎯⎯[14/15]⎯\n\n FAIL  packages/shared/src/__tests__/ssrf.test.ts > evaluateOutboundUrl > blocks plain HTTP unless explicitly allowed\nAssertionError: expected false to be true // Object.is equality\n\n- Expected\n+ Received\n\n- true\n+ false\n\n ❯ packages/shared/src/__tests__/ssrf.test.ts:61:7\n     59|     expect(\n     60|       evaluateOutboundUrl('http://api.example.com', { allowHttp: true …\n     61|     ).toBe(true)\n       |       ^\n     62|   })\n     63|\n\n⎯⎯⎯⎯⎯⎯⎯⎯⎯⎯⎯⎯⎯⎯⎯⎯⎯⎯⎯⎯⎯⎯[15/15]⎯"
    },
    {
      "id": "approval-self-approval-comparator",
      "domain": "approval",
      "mode": "vitest",
      "source": "packages/approval-engine/src/engine.ts",
      "sourceSha256": "601f4981653897d11d2cd6bc34c8a3fa6b00aafa17f8ce46200b94c71540f837",
      "from": "record.operatorId === input.approverId",
      "to": "record.operatorId !== input.approverId",
      "testFiles": [
        "packages/approval-engine/src/__tests__/approval-engine.test.ts"
      ],
      "budgetMs": 120000,
      "durationMs": 1309,
      "status": "KILLED",
      "exitCode": 1,
      "signal": null,
      "output": "RUN  v4.1.11 /tmp/rem21-013-mutation-mQPcr2\n\nxxxxx·xxx·\n\n Test Files  1 failed (1)\n      Tests  8 failed | 2 passed (10)\n   Start at  23:39:10\n   Duration  965ms (transform 144ms, setup 0ms, import 230ms, tests 24ms, environment 589ms)\n\n\n\n⎯⎯⎯⎯⎯⎯⎯ Failed Tests 8 ⎯⎯⎯⎯⎯⎯⎯\n\n FAIL  packages/approval-engine/src/__tests__/approval-engine.test.ts > approval engine > walks the full state machine and emits lifecycle events\nApprovalError: The requesting operator cannot approve their own action\n ❯ ApprovalEngine.approve packages/approval-engine/src/engine.ts:250:13\n    248|     this.#assertNotExpired(record)\n    249|     if (!this.#allowSelfApproval && record.operatorId !== input.approv…\n    250|       throw new ApprovalError(\n       |             ^\n    251|         'self_approval_denied',\n    252|         'The requesting operator cannot approve their own action'\n ❯ packages/approval-engine/src/__tests__/approval-engine.test.ts:67:29\n\n⎯⎯⎯⎯⎯⎯⎯⎯⎯⎯⎯⎯⎯⎯⎯⎯⎯⎯⎯⎯⎯⎯⎯⎯[1/8]⎯\n\n FAIL  packages/approval-engine/src/__tests__/approval-engine.test.ts > approval engine > never executes a different action or mutated payload\nApprovalError: The requesting operator cannot approve their own action\n ❯ ApprovalEngine.approve packages/approval-engine/src/engine.ts:250:13\n    248|     this.#assertNotExpired(record)\n    249|     if (!this.#allowSelfApproval && record.operatorId !== input.approv…\n    250|       throw new ApprovalError(\n       |             ^\n    251|         'self_approval_denied',\n    252|         'The requesting operator cannot approve their own action'\n ❯ approvedEngine packages/approval-engine/src/__tests__/approval-engine.test.ts:53:10\n ❯ packages/approval-engine/src/__tests__/approval-engine.test.ts:92:38\n\n⎯⎯⎯⎯⎯⎯⎯⎯⎯⎯⎯⎯⎯⎯⎯⎯⎯⎯⎯⎯⎯⎯⎯⎯[2/8]⎯\n\n FAIL  packages/approval-engine/src/__tests__/approval-engine.test.ts > approval engine > is single-use: reuse fails after execution\nApprovalError: The requesting operator cannot approve their own action\n ❯ ApprovalEngine.approve packages/approval-engine/src/engine.ts:250:13\n    248|     this.#assertNotExpired(record)\n    249|     if (!this.#allowSelfApproval && record.operatorId !== input.approv…\n    250|       throw new ApprovalError(\n       |             ^\n    251|         'self_approval_denied',\n    252|         'The requesting operator cannot approve their own action'\n ❯ approvedEngine packages/approval-engine/src/__tests__/approval-engine.test.ts:53:10\n ❯ packages/approval-engine/src/__tests__/approval-engine.test.ts:128:38\n\n⎯⎯⎯⎯⎯⎯⎯⎯⎯⎯⎯⎯⎯⎯⎯⎯⎯⎯⎯⎯⎯⎯⎯⎯[3/8]⎯\n\n FAIL  packages/approval-engine/src/__tests__/approval-engine.test.ts > approval engine > allows exactly one winner in a concurrent consumption race\nApprovalError: The requesting operator cannot approve their own action\n ❯ ApprovalEngine.approve packages/approval-engine/src/engine.ts:250:13\n    248|     this.#assertNotExpired(record)\n    249|     if (!this.#allowSelfApproval && record.operatorId !== input.approv…\n    250|       throw new ApprovalError(\n       |             ^\n    251|         'self_approval_denied',\n    252|         'The requesting operator cannot approve their own action'\n ❯ approvedEngine packages/approval-engine/src/__tests__/approval-engine.test.ts:53:10\n ❯ packages/approval-engine/src/__tests__/approval-engine.test.ts:144:38\n\n⎯⎯⎯⎯⎯⎯⎯⎯⎯⎯⎯⎯⎯⎯⎯⎯⎯⎯⎯⎯⎯⎯⎯⎯[4/8]⎯\n\n FAIL  packages/approval-engine/src/__tests__/approval-engine.test.ts > approval engine > expires approvals and fails closed after the deadline\nApprovalError: The requesting operator cannot approve their own action\n ❯ ApprovalEngine.approve packages/approval-engine/src/engine.ts:250:13\n    248|     this.#assertNotExpired(record)\n    249|     if (!this.#allowSelfApproval && record.operatorId !== input.approv…\n    250|       throw new ApprovalError(\n       |             ^\n    251|         'self_approval_denied',\n    252|         'The requesting operator cannot approve their own action'\n ❯ packages/approval-engine/src/__tests__/approval-engine.test.ts:169:12\n\n⎯⎯⎯⎯⎯⎯⎯⎯⎯⎯⎯⎯⎯⎯⎯⎯⎯⎯⎯⎯⎯⎯⎯⎯[5/8]⎯\n\n FAIL  packages/approval-engine/src/__tests__/approval-engine.test.ts > approval engine > denies self approval and enforces tenant isolation\nAssertionError: expected function to throw an error, but it didn't\n ❯ packages/approval-engine/src/__tests__/approval-engine.test.ts:214:7\n    212|     expect(() =>\n    213|       engine.approve(TENANT, record.approvalId, { approverId: 'op_requ…\n    214|     ).toThrowError(expect.objectContaining({ code: 'self_approval_deni…\n       |       ^\n    215|     expect(() => engine.get(OTHER_TENANT, record.approvalId)).toThrowE…\n    216|       expect.objectContaining({ code: 'not_found' })\n\n⎯⎯⎯⎯⎯⎯⎯⎯⎯⎯⎯⎯⎯⎯⎯⎯⎯⎯⎯⎯⎯⎯⎯⎯[6/8]⎯\n\n FAIL  packages/approval-engine/src/__tests__/approval-engine.test.ts > approval engine > supports rejection, cancellation and non-single-use execution\nApprovalError: The requesting operator cannot approve their own action\n ❯ ApprovalEngine.approve packages/approval-engine/src/engine.ts:250:13\n    248|     this.#assertNotExpired(record)\n    249|     if (!this.#allowSelfApproval && record.operatorId !== input.approv…\n    250|       throw new ApprovalError(\n       |             ^\n    251|         'self_approval_denied',\n    252|         'The requesting operator cannot approve their own action'\n ❯ packages/approval-engine/src/__tests__/approval-engine.test.ts:236:12\n\n⎯⎯⎯⎯⎯⎯⎯⎯⎯⎯⎯⎯⎯⎯⎯⎯⎯⎯⎯⎯⎯⎯⎯⎯[7/8]⎯\n\n FAIL  packages/approval-engine/src/__tests__/approval-engine.test.ts > approval engine > rejects invalid input and illegal transitions\nAssertionError: expected error to match asymmetric matcher\n\n- Expected\n+ Received\n\n- ObjectContaining {\n-   \"code\": \"invalid_state\",\n+ ApprovalError {\n+   \"message\": \"The requesting operator cannot approve their own action\",\n+   \"code\": \"self_approval_denied\",\n+   \"name\": \"ApprovalError\",\n  }\n\n ❯ packages/approval-engine/src/__tests__/approval-engine.test.ts:258:7\n    256|     expect(() =>\n    257|       engine.approve(TENANT, record.approvalId, { approverId: 'op_appr…\n    258|     ).toThrowError(expect.objectContaining({ code: 'invalid_state' }))\n       |       ^\n    259|     expect(() =>\n    260|       engine.verifyAndConsume({\n\n⎯⎯⎯⎯⎯⎯⎯⎯⎯⎯⎯⎯⎯⎯⎯⎯⎯⎯⎯⎯⎯⎯⎯⎯[8/8]⎯"
    },
    {
      "id": "rate-limit-max-boundary",
      "domain": "rate-limiter",
      "mode": "vitest",
      "source": "apps/api/src/rate-limit.ts",
      "sourceSha256": "a4a9df2f39783d6ab5339264519463d7b312c79b0f0d0785a5ab7fd8b5be050b",
      "from": "existing.count >= policy.max",
      "to": "existing.count > policy.max",
      "testFiles": [
        "apps/api/src/__tests__/rate-limit.test.ts"
      ],
      "budgetMs": 120000,
      "durationMs": 2511,
      "status": "KILLED",
      "exitCode": 1,
      "signal": null,
      "output": "RUN  v4.1.11 /tmp/rem21-013-mutation-mQPcr2\n\nxxx··x\n\n Test Files  1 failed (1)\n      Tests  4 failed | 2 passed (6)\n   Start at  23:39:11\n   Duration  2.17s (transform 863ms, setup 0ms, import 1.20s, tests 247ms, environment 602ms)\n\n\n\n⎯⎯⎯⎯⎯⎯⎯ Failed Tests 4 ⎯⎯⎯⎯⎯⎯⎯\n\n FAIL  apps/api/src/__tests__/rate-limit.test.ts > in-memory API rate limiter > allows a bounded number of requests and exposes retry timing\nAssertionError: expected { Object (allowed, retryAfterSeconds) } to deeply equal { allowed: false, …(1) }\n\n- Expected\n+ Received\n\n  {\n-   \"allowed\": false,\n-   \"retryAfterSeconds\": 60,\n+   \"allowed\": true,\n+   \"retryAfterSeconds\": 0,\n  }\n\n ❯ apps/api/src/__tests__/rate-limit.test.ts:21:69\n     19|       retryAfterSeconds: 0\n     20|     })\n     21|     expect(limiter.check('client-a', { max: 2, windowMs: 60_000 })).to…\n       |                                                                     ^\n     22|       allowed: false,\n     23|       retryAfterSeconds: 60\n\n⎯⎯⎯⎯⎯⎯⎯⎯⎯⎯⎯⎯⎯⎯⎯⎯⎯⎯⎯⎯⎯⎯⎯⎯[1/4]⎯\n\n FAIL  apps/api/src/__tests__/rate-limit.test.ts > in-memory API rate limiter > expires buckets without sharing limits across keys\nAssertionError: expected true to be false // Object.is equality\n\n- Expected\n+ Received\n\n- false\n+ true\n\n ❯ apps/api/src/__tests__/rate-limit.test.ts:37:76\n     35|       true\n     36|     )\n     37|     expect(limiter.check('client-a', { max: 1, windowMs: 1_000 }).allo…\n       |                                                                            ^\n     38|       false\n     39|     )\n\n⎯⎯⎯⎯⎯⎯⎯⎯⎯⎯⎯⎯⎯⎯⎯⎯⎯⎯⎯⎯⎯⎯⎯⎯[2/4]⎯\n\n FAIL  apps/api/src/__tests__/rate-limit.test.ts > in-memory API rate limiter > does not evict an active budget when capacity is full\nAssertionError: expected true to be false // Object.is equality\n\n- Expected\n+ Received\n\n- false\n+ true\n\n ❯ apps/api/src/__tests__/rate-limit.test.ts:64:7\n     62|     expect(\n     63|       limiter.check('client-b', { max: 1, windowMs: 20_000 }).allowed\n     64|     ).toBe(false)\n       |       ^\n     65|     expect(\n     66|       limiter.check('client-a', { max: 1, windowMs: 10_000 }).allowed\n\n⎯⎯⎯⎯⎯⎯⎯⎯⎯⎯⎯⎯⎯⎯⎯⎯⎯⎯⎯⎯⎯⎯⎯⎯[3/4]⎯\n\n FAIL  apps/api/src/__tests__/rate-limit.test.ts > in-memory API rate limiter > returns a stable 429 envelope after the API window is exhausted\nAssertionError: expected 401 to be 429 // Object.is equality\n\n- Expected\n+ Received\n\n- 429\n+ 401\n\n ❯ apps/api/src/__tests__/rate-limit.test.ts:129:34\n    127|     await app.close()\n    128|\n    129|     expect(response?.statusCode).toBe(429)\n       |                                  ^\n    130|     expect(response?.headers['retry-after']).toBeDefined()\n    131|     expect(response?.headers['cache-control']).toBe('no-store')\n\n⎯⎯⎯⎯⎯⎯⎯⎯⎯⎯⎯⎯⎯⎯⎯⎯⎯⎯⎯⎯⎯⎯⎯⎯[4/4]⎯"
    },
    {
      "id": "persistence-content-mismatch-comparator",
      "domain": "persistence",
      "mode": "vitest",
      "source": "packages/persistence/src/outbox-content-hash.ts",
      "sourceSha256": "439d7e45ecfafffb4e5507c1dadd57fc9c990979545175a746d20e81af0eef32",
      "from": "computeOutboxContentHash(winner) !== computeOutboxContentHash(incoming)",
      "to": "computeOutboxContentHash(winner) === computeOutboxContentHash(incoming)",
      "testFiles": [
        "packages/persistence/src/__tests__/outbox-content-binding.test.ts"
      ],
      "budgetMs": 120000,
      "durationMs": 1473,
      "status": "KILLED",
      "exitCode": 1,
      "signal": null,
      "output": "RUN  v4.1.11 /tmp/rem21-013-mutation-mQPcr2\n\n·xxxxx\n\n Test Files  1 failed (1)\n      Tests  5 failed | 1 passed (6)\n   Start at  23:39:14\n   Duration  1.14s (transform 256ms, setup 0ms, import 377ms, tests 16ms, environment 625ms)\n\n\n\n⎯⎯⎯⎯⎯⎯⎯ Failed Tests 5 ⎯⎯⎯⎯⎯⎯⎯\n\n FAIL  packages/persistence/src/__tests__/outbox-content-binding.test.ts > outbox content binding (AUD19-004) > returns the same record for an identical replay\nDomainError: Outbox idempotency key is bound to different content (type/version/payload mismatch)\n ❯ packages/persistence/src/outbox.ts:238:17\n    236|         },\n    237|         (message) => {\n    238|           throw new DomainError('conflict', message)\n       |                 ^\n    239|         }\n    240|       )\n ❯ assertSameOutboxContent packages/persistence/src/outbox-content-hash.ts:46:5\n ❯ OutboxRepository.enqueue packages/persistence/src/outbox.ts:222:7\n ❯ packages/persistence/src/__tests__/outbox-content-binding.test.ts:59:27\n\n⎯⎯⎯⎯⎯⎯⎯⎯⎯⎯⎯⎯⎯⎯⎯⎯⎯⎯⎯⎯⎯⎯⎯⎯[1/5]⎯\n\n FAIL  packages/persistence/src/__tests__/outbox-content-binding.test.ts > outbox content binding (AUD19-004) > converges payloads that are identical after privacy redaction\nDomainError: Outbox idempotency key is bound to different content (type/version/payload mismatch)\n ❯ packages/persistence/src/outbox.ts:238:17\n    236|         },\n    237|         (message) => {\n    238|           throw new DomainError('conflict', message)\n       |                 ^\n    239|         }\n    240|       )\n ❯ assertSameOutboxContent packages/persistence/src/outbox-content-hash.ts:46:5\n ❯ OutboxRepository.enqueue packages/persistence/src/outbox.ts:222:7\n ❯ packages/persistence/src/__tests__/outbox-content-binding.test.ts:68:27\n\n⎯⎯⎯⎯⎯⎯⎯⎯⎯⎯⎯⎯⎯⎯⎯⎯⎯⎯⎯⎯⎯⎯⎯⎯[2/5]⎯\n\n FAIL  packages/persistence/src/__tests__/outbox-content-binding.test.ts > outbox content binding (AUD19-004) > rejects a divergent type on the same key without mutating the winner\nAssertionError: expected function to throw an error, but it didn't\n ❯ packages/persistence/src/__tests__/outbox-content-binding.test.ts:77:7\n     75|     expect(() =>\n     76|       outbox.enqueue(input({ type: 'synthetic.other' }))\n     77|     ).toThrowError(DomainError)\n       |       ^\n     78|     expect(outbox.findById(first.id, tenantA)?.type).toBe('synthetic.m…\n     79|   })\n\n⎯⎯⎯⎯⎯⎯⎯⎯⎯⎯⎯⎯⎯⎯⎯⎯⎯⎯⎯⎯⎯⎯⎯⎯[3/5]⎯\n\n FAIL  packages/persistence/src/__tests__/outbox-content-binding.test.ts > outbox content binding (AUD19-004) > rejects a divergent payload on the same key\nAssertionError: expected function to throw an error, but it didn't\n ❯ packages/persistence/src/__tests__/outbox-content-binding.test.ts:86:7\n     84|     expect(() =>\n     85|       outbox.enqueue(input({ payload: { channel: 'whatsapp', urgent: t…\n     86|     ).toThrowError(expect.objectContaining({ code: 'conflict' }))\n       |       ^\n     87|     expect(() =>\n     88|       outbox.enqueue(input({ payload: { channel: 'web', urgent: false …\n\n⎯⎯⎯⎯⎯⎯⎯⎯⎯⎯⎯⎯⎯⎯⎯⎯⎯⎯⎯⎯⎯⎯⎯⎯[4/5]⎯\n\n FAIL  packages/persistence/src/__tests__/outbox-content-binding.test.ts > outbox content binding (AUD19-004) > rejects a divergent envelope version on the same key\nAssertionError: expected function to throw an error, but it didn't\n ❯ packages/persistence/src/__tests__/outbox-content-binding.test.ts:95:65\n     93|     const outbox = new OutboxRepository(new InMemoryDatabase())\n     94|     outbox.enqueue(input())\n     95|     expect(() => outbox.enqueue(input({ envelopeVersion: 2 }))).toThro…\n       |                                                                 ^\n     96|       expect.objectContaining({ code: 'conflict' })\n     97|     )\n\n⎯⎯⎯⎯⎯⎯⎯⎯⎯⎯⎯⎯⎯⎯⎯⎯⎯⎯⎯⎯⎯⎯⎯⎯[5/5]⎯"
    }
  ],
  "verdict": "PASS"
}
