[1A[2K[WebServer] (node:1783490) Warning: The 'NO_COLOR' env is ignored due to the 'FORCE_COLOR' env being set.
[WebServer] (Use `node --trace-warnings ...` to show where the warning was created)

[1A[2K[WebServer] (node:1783655) Warning: The 'NO_COLOR' env is ignored due to the 'FORCE_COLOR' env being set.
[WebServer] (Use `node --trace-warnings ...` to show where the warning was created)

[1A[2K[WebServer] (!) Failed to run dependency scan. Skipping dependency pre-bundling. Error: The following dependencies are imported but could not be resolved:
[WebServer] 
[WebServer]   @cvg/shared (imported by /tmp/cvg-aud0590-f07-20260929/checkout/apps/web/src/features/platform/draft-helpers.ts)
[WebServer] 
[WebServer] Are they installed?
[WebServer]     at file:///tmp/cvg-aud0590-f07-20260929/checkout/node_modules/vite/dist/node/chunks/node.js:32187:33
[WebServer]     at async file:///tmp/cvg-aud0590-f07-20260929/checkout/node_modules/vite/dist/node/chunks/node.js:34462:15

[1A[2K[WebServer] 3:15:35 AM [vite] (client) Pre-transform error: Failed to resolve import "@cvg/shared" from "apps/web/src/features/journeys/index.tsx". Does the file exist?
[WebServer]   Plugin: vite:import-analysis
[WebServer]   File: /tmp/cvg-aud0590-f07-20260929/checkout/apps/web/src/features/journeys/index.tsx:2:31
[WebServer]   1  |  import { useEffect, useRef, useState } from "react";
[WebServer]   2  |  import { createDomainId } from "@cvg/shared";
[WebServer]      |                                  ^
[WebServer]   3  |  import { apiClient } from "../../api/client.ts";
[WebServer]   4  |  var _jsxFileName = "/tmp/cvg-aud0590-f07-20260929/checkout/apps/web/src/features/journeys/index.tsx";
[WebServer] 3:15:35 AM [vite] (client) Pre-transform error: Failed to resolve import "@cvg/shared" from "apps/web/src/api/client.ts". Does the file exist?
[WebServer]   Plugin: vite:import-analysis
[WebServer]   File: /tmp/cvg-aud0590-f07-20260929/checkout/apps/web/src/api/client.ts:1:54
[WebServer]   1  |  import { redactSensitiveText } from "@cvg/shared";
[WebServer]      |                                       ^
[WebServer]   2  |  export class ApiRequestError extends Error {
[WebServer]   3  |  	status;
[WebServer] 3:15:35 AM [vite] (client) Pre-transform error: Failed to resolve import "@cvg/shared" from "apps/web/src/api/client.ts". Does the file exist?
[WebServer]   Plugin: vite:import-analysis
[WebServer]   File: /tmp/cvg-aud0590-f07-20260929/checkout/apps/web/src/api/client.ts:1:54
[WebServer]   1  |  import { redactSensitiveText } from "@cvg/shared";
[WebServer]      |                                       ^
[WebServer]   2  |  export class ApiRequestError extends Error {
[WebServer]   3  |  	status;
[WebServer] 3:15:35 AM [vite] (client) Pre-transform error: Failed to resolve import "@cvg/shared" from "apps/web/src/api/client.ts". Does the file exist?
[WebServer]   Plugin: vite:import-analysis
[WebServer]   File: /tmp/cvg-aud0590-f07-20260929/checkout/apps/web/src/api/client.ts:1:54
[WebServer]   1  |  import { redactSensitiveText } from "@cvg/shared";
[WebServer]      |                                       ^
[WebServer]   2  |  export class ApiRequestError extends Error {
[WebServer]   3  |  	status;
[WebServer] 3:15:35 AM [vite] (client) Pre-transform error: Failed to resolve import "@cvg/shared" from "apps/web/src/api/client.ts". Does the file exist?
[WebServer]   Plugin: vite:import-analysis
[WebServer]   File: /tmp/cvg-aud0590-f07-20260929/checkout/apps/web/src/api/client.ts:1:54
[WebServer]   1  |  import { redactSensitiveText } from "@cvg/shared";
[WebServer]      |                                       ^
[WebServer]   2  |  export class ApiRequestError extends Error {
[WebServer]   3  |  	status;
[WebServer] 3:15:35 AM [vite] (client) Pre-transform error: Failed to resolve import "@cvg/shared" from "apps/web/src/features/platform/draft-helpers.ts". Does the file exist?
[WebServer]   Plugin: vite:import-analysis
[WebServer]   File: /tmp/cvg-aud0590-f07-20260929/checkout/apps/web/src/features/platform/draft-helpers.ts:9:36
[WebServer]   7  |  * platform characterization suite (unchanged behavior).
[WebServer]   8  |  */
[WebServer]   9  |  import { redactSensitiveText } from "@cvg/shared";
[WebServer]      |                                       ^
[WebServer]   10 |  import { parsePromptProfile, serializePromptBlocks, serializeResponseTemplates } from "./prompt-profile.ts";
[WebServer]   11 |  export const initialForm = {
[WebServer] 3:15:35 AM [vite] (client) Pre-transform error: Failed to resolve import "@cvg/shared" from "apps/web/src/features/platform/draft-helpers.ts". Does the file exist?
[WebServer]   Plugin: vite:import-analysis
[WebServer]   File: /tmp/cvg-aud0590-f07-20260929/checkout/apps/web/src/features/platform/draft-helpers.ts:9:36
[WebServer]   7  |  * platform characterization suite (unchanged behavior).
[WebServer]   8  |  */
[WebServer]   9  |  import { redactSensitiveText } from "@cvg/shared";
[WebServer]      |                                       ^
[WebServer]   10 |  import { parsePromptProfile, serializePromptBlocks, serializeResponseTemplates } from "./prompt-profile.ts";
[WebServer]   11 |  export const initialForm = {


Running 15 tests using 1 worker

[1A[2K(node:1783762) Warning: The 'NO_COLOR' env is ignored due to the 'FORCE_COLOR' env being set.
(Use `node --trace-warnings ...` to show where the warning was created)


[1A[2K(node:1783762) Warning: The 'NO_COLOR' env is ignored due to the 'FORCE_COLOR' env being set.
(Use `node --trace-warnings ...` to show where the warning was created)


[1A[2K[1/15] [chromium] › tests/e2e/rem21-014-qualification.spec.ts:151:7 › REM21-014 trusted browser qualification › trusted login has no editable authority and passes axe WCAG A/AA
[1A[2K[WebServer] 3:15:36 AM [vite] Internal server error: Failed to resolve import "@cvg/shared" from "apps/web/src/api/client.ts". Does the file exist?
[WebServer]   Plugin: vite:import-analysis
[WebServer]   File: /tmp/cvg-aud0590-f07-20260929/checkout/apps/web/src/api/client.ts:1:54
[WebServer]   1  |  import { redactSensitiveText } from "@cvg/shared";
[WebServer]      |                                       ^
[WebServer]   2  |  export class ApiRequestError extends Error {
[WebServer]   3  |  	status;
[WebServer]       at TransformPluginContext._formatLog (file:///tmp/cvg-aud0590-f07-20260929/checkout/node_modules/vite/dist/node/chunks/node.js:31147:39)
[WebServer]       at TransformPluginContext.error (file:///tmp/cvg-aud0590-f07-20260929/checkout/node_modules/vite/dist/node/chunks/node.js:31144:14)
[WebServer]       at normalizeUrl (file:///tmp/cvg-aud0590-f07-20260929/checkout/node_modules/vite/dist/node/chunks/node.js:28083:18)
[WebServer]       at async file:///tmp/cvg-aud0590-f07-20260929/checkout/node_modules/vite/dist/node/chunks/node.js:28153:30
[WebServer]       at async Promise.all (index 0)
[WebServer]       at async TransformPluginContext.transform (file:///tmp/cvg-aud0590-f07-20260929/checkout/node_modules/vite/dist/node/chunks/node.js:28119:4)
[WebServer]       at async EnvironmentPluginContainer.transform (file:///tmp/cvg-aud0590-f07-20260929/checkout/node_modules/vite/dist/node/chunks/node.js:30932:14)
[WebServer]       at async loadAndTransform (file:///tmp/cvg-aud0590-f07-20260929/checkout/node_modules/vite/dist/node/chunks/node.js:20671:26)
[WebServer]       at async viteTransformMiddleware (file:///tmp/cvg-aud0590-f07-20260929/checkout/node_modules/vite/dist/node/chunks/node.js:25205:20)

[1A[2K[WebServer] 3:15:36 AM [vite] Internal server error: Failed to resolve import "@cvg/shared" from "apps/web/src/features/journeys/index.tsx". Does the file exist?
[WebServer]   Plugin: vite:import-analysis
[WebServer]   File: /tmp/cvg-aud0590-f07-20260929/checkout/apps/web/src/features/journeys/index.tsx:2:31
[WebServer]   1  |  import { useEffect, useRef, useState } from "react";
[WebServer]   2  |  import { createDomainId } from "@cvg/shared";
[WebServer]      |                                  ^
[WebServer]   3  |  import { apiClient } from "../../api/client.ts";
[WebServer]   4  |  var _jsxFileName = "/tmp/cvg-aud0590-f07-20260929/checkout/apps/web/src/features/journeys/index.tsx";
[WebServer]       at TransformPluginContext._formatLog (file:///tmp/cvg-aud0590-f07-20260929/checkout/node_modules/vite/dist/node/chunks/node.js:31147:39)
[WebServer]       at TransformPluginContext.error (file:///tmp/cvg-aud0590-f07-20260929/checkout/node_modules/vite/dist/node/chunks/node.js:31144:14)
[WebServer]       at normalizeUrl (file:///tmp/cvg-aud0590-f07-20260929/checkout/node_modules/vite/dist/node/chunks/node.js:28083:18)
[WebServer]       at async file:///tmp/cvg-aud0590-f07-20260929/checkout/node_modules/vite/dist/node/chunks/node.js:28153:30
[WebServer]       at async Promise.all (index 1)
[WebServer]       at async TransformPluginContext.transform (file:///tmp/cvg-aud0590-f07-20260929/checkout/node_modules/vite/dist/node/chunks/node.js:28119:4)
[WebServer]       at async EnvironmentPluginContainer.transform (file:///tmp/cvg-aud0590-f07-20260929/checkout/node_modules/vite/dist/node/chunks/node.js:30932:14)
[WebServer]       at async loadAndTransform (file:///tmp/cvg-aud0590-f07-20260929/checkout/node_modules/vite/dist/node/chunks/node.js:20671:26)
[WebServer]       at async viteTransformMiddleware (file:///tmp/cvg-aud0590-f07-20260929/checkout/node_modules/vite/dist/node/chunks/node.js:25205:20)

[1A[2K[WebServer] 3:15:36 AM [vite] (client) Pre-transform error: Failed to resolve import "@cvg/shared" from "apps/web/src/api/client.ts". Does the file exist?
[WebServer]   Plugin: vite:import-analysis
[WebServer]   File: /tmp/cvg-aud0590-f07-20260929/checkout/apps/web/src/api/client.ts:1:54
[WebServer]   1  |  import { redactSensitiveText } from "@cvg/shared";
[WebServer]      |                                       ^
[WebServer]   2  |  export class ApiRequestError extends Error {
[WebServer]   3  |  	status;

[1A[2K  1) [chromium] › tests/e2e/rem21-014-qualification.spec.ts:151:7 › REM21-014 trusted browser qualification › trusted login has no editable authority and passes axe WCAG A/AA 

    Error: [2mexpect([22m[31mlocator[39m[2m).[22mtoBeVisible[2m([22m[2m)[22m failed

    Locator: getByRole('heading', { name: 'CVG Agent Secretary' })
    Expected: visible
    Timeout: 5000ms
    Error: element(s) not found

    Call log:
    [2m  - Expect "toBeVisible" with timeout 5000ms[22m
    [2m  - waiting for getByRole('heading', { name: 'CVG Agent Secretary' })[22m


      75 |   await expect(
      76 |     page.getByRole('heading', { name: 'CVG Agent Secretary' })
    > 77 |   ).toBeVisible()
         |     ^
      78 |   await expect(
      79 |     page.getByText('Sessão confiável', { exact: true })
      80 |   ).toBeVisible()
        at openTrustedConsole (/tmp/cvg-aud0590-f07-20260929/checkout/tests/e2e/rem21-014-qualification.spec.ts:77:5)
        at /tmp/cvg-aud0590-f07-20260929/checkout/tests/e2e/rem21-014-qualification.spec.ts:155:5

    attachment #1: screenshot (image/png) ──────────────────────────────────────────────────────────
    ../test-results/rem21-014-qualification-RE-b396b-ty-and-passes-axe-WCAG-A-AA-chromium/test-failed-1.png
    ────────────────────────────────────────────────────────────────────────────────────────────────

    attachment #2: video (video/webm) ──────────────────────────────────────────────────────────────
    ../test-results/rem21-014-qualification-RE-b396b-ty-and-passes-axe-WCAG-A-AA-chromium/video.webm
    ────────────────────────────────────────────────────────────────────────────────────────────────

    Error Context: ../test-results/rem21-014-qualification-RE-b396b-ty-and-passes-axe-WCAG-A-AA-chromium/error-context.md

    attachment #4: trace (application/zip) ─────────────────────────────────────────────────────────
    ../test-results/rem21-014-qualification-RE-b396b-ty-and-passes-axe-WCAG-A-AA-chromium/trace.zip
    Usage:

        npx playwright show-trace ../test-results/rem21-014-qualification-RE-b396b-ty-and-passes-axe-WCAG-A-AA-chromium/trace.zip

    ────────────────────────────────────────────────────────────────────────────────────────────────


[1A[2K(node:1784468) Warning: The 'NO_COLOR' env is ignored due to the 'FORCE_COLOR' env being set.
(Use `node --trace-warnings ...` to show where the warning was created)


[1A[2K(node:1784468) Warning: The 'NO_COLOR' env is ignored due to the 'FORCE_COLOR' env being set.
(Use `node --trace-warnings ...` to show where the warning was created)


[1A[2K[2/15] [chromium] › tests/e2e/rem21-014-qualification.spec.ts:163:7 › REM21-014 trusted browser qualification › keyboard, focus, contrast, reduced motion and responsive shell remain operable
[1A[2K[WebServer] 3:15:43 AM [vite] Internal server error: Failed to resolve import "@cvg/shared" from "apps/web/src/api/client.ts". Does the file exist?
[WebServer]   Plugin: vite:import-analysis
[WebServer]   File: /tmp/cvg-aud0590-f07-20260929/checkout/apps/web/src/api/client.ts:1:54
[WebServer]   1  |  import { redactSensitiveText } from "@cvg/shared";
[WebServer]      |                                       ^
[WebServer]   2  |  export class ApiRequestError extends Error {
[WebServer]   3  |  	status;
[WebServer]       at TransformPluginContext._formatLog (file:///tmp/cvg-aud0590-f07-20260929/checkout/node_modules/vite/dist/node/chunks/node.js:31147:39)
[WebServer]       at TransformPluginContext.error (file:///tmp/cvg-aud0590-f07-20260929/checkout/node_modules/vite/dist/node/chunks/node.js:31144:14)
[WebServer]       at normalizeUrl (file:///tmp/cvg-aud0590-f07-20260929/checkout/node_modules/vite/dist/node/chunks/node.js:28083:18)
[WebServer]       at async file:///tmp/cvg-aud0590-f07-20260929/checkout/node_modules/vite/dist/node/chunks/node.js:28153:30
[WebServer]       at async Promise.all (index 0)
[WebServer]       at async TransformPluginContext.transform (file:///tmp/cvg-aud0590-f07-20260929/checkout/node_modules/vite/dist/node/chunks/node.js:28119:4)
[WebServer]       at async EnvironmentPluginContainer.transform (file:///tmp/cvg-aud0590-f07-20260929/checkout/node_modules/vite/dist/node/chunks/node.js:30932:14)
[WebServer]       at async loadAndTransform (file:///tmp/cvg-aud0590-f07-20260929/checkout/node_modules/vite/dist/node/chunks/node.js:20671:26)
[WebServer]       at async viteTransformMiddleware (file:///tmp/cvg-aud0590-f07-20260929/checkout/node_modules/vite/dist/node/chunks/node.js:25205:20)

[1A[2K[WebServer] 3:15:43 AM [vite] Internal server error: Failed to resolve import "@cvg/shared" from "apps/web/src/features/journeys/index.tsx". Does the file exist?
[WebServer]   Plugin: vite:import-analysis
[WebServer]   File: /tmp/cvg-aud0590-f07-20260929/checkout/apps/web/src/features/journeys/index.tsx:2:31
[WebServer]   1  |  import { useEffect, useRef, useState } from "react";
[WebServer]   2  |  import { createDomainId } from "@cvg/shared";
[WebServer]      |                                  ^
[WebServer]   3  |  import { apiClient } from "../../api/client.ts";
[WebServer]   4  |  var _jsxFileName = "/tmp/cvg-aud0590-f07-20260929/checkout/apps/web/src/features/journeys/index.tsx";
[WebServer]       at TransformPluginContext._formatLog (file:///tmp/cvg-aud0590-f07-20260929/checkout/node_modules/vite/dist/node/chunks/node.js:31147:39)
[WebServer]       at TransformPluginContext.error (file:///tmp/cvg-aud0590-f07-20260929/checkout/node_modules/vite/dist/node/chunks/node.js:31144:14)
[WebServer]       at normalizeUrl (file:///tmp/cvg-aud0590-f07-20260929/checkout/node_modules/vite/dist/node/chunks/node.js:28083:18)
[WebServer]       at async file:///tmp/cvg-aud0590-f07-20260929/checkout/node_modules/vite/dist/node/chunks/node.js:28153:30
[WebServer]       at async Promise.all (index 1)
[WebServer]       at async TransformPluginContext.transform (file:///tmp/cvg-aud0590-f07-20260929/checkout/node_modules/vite/dist/node/chunks/node.js:28119:4)
[WebServer]       at async EnvironmentPluginContainer.transform (file:///tmp/cvg-aud0590-f07-20260929/checkout/node_modules/vite/dist/node/chunks/node.js:30932:14)
[WebServer]       at async loadAndTransform (file:///tmp/cvg-aud0590-f07-20260929/checkout/node_modules/vite/dist/node/chunks/node.js:20671:26)
[WebServer]       at async viteTransformMiddleware (file:///tmp/cvg-aud0590-f07-20260929/checkout/node_modules/vite/dist/node/chunks/node.js:25205:20)

[1A[2K[WebServer] 3:15:43 AM [vite] (client) Pre-transform error: Failed to resolve import "@cvg/shared" from "apps/web/src/api/client.ts". Does the file exist?
[WebServer]   Plugin: vite:import-analysis
[WebServer]   File: /tmp/cvg-aud0590-f07-20260929/checkout/apps/web/src/api/client.ts:1:54
[WebServer]   1  |  import { redactSensitiveText } from "@cvg/shared";
[WebServer]      |                                       ^
[WebServer]   2  |  export class ApiRequestError extends Error {
[WebServer]   3  |  	status;

[1A[2K  2) [chromium] › tests/e2e/rem21-014-qualification.spec.ts:163:7 › REM21-014 trusted browser qualification › keyboard, focus, contrast, reduced motion and responsive shell remain operable 

    Error: [2mexpect([22m[31mlocator[39m[2m).[22mtoBeVisible[2m([22m[2m)[22m failed

    Locator: getByRole('heading', { name: 'CVG Agent Secretary' })
    Expected: visible
    Timeout: 5000ms
    Error: element(s) not found

    Call log:
    [2m  - Expect "toBeVisible" with timeout 5000ms[22m
    [2m  - waiting for getByRole('heading', { name: 'CVG Agent Secretary' })[22m


      75 |   await expect(
      76 |     page.getByRole('heading', { name: 'CVG Agent Secretary' })
    > 77 |   ).toBeVisible()
         |     ^
      78 |   await expect(
      79 |     page.getByText('Sessão confiável', { exact: true })
      80 |   ).toBeVisible()
        at openTrustedConsole (/tmp/cvg-aud0590-f07-20260929/checkout/tests/e2e/rem21-014-qualification.spec.ts:77:5)
        at /tmp/cvg-aud0590-f07-20260929/checkout/tests/e2e/rem21-014-qualification.spec.ts:167:5

    attachment #1: screenshot (image/png) ──────────────────────────────────────────────────────────
    ../test-results/rem21-014-qualification-RE-28a41-nsive-shell-remain-operable-chromium/test-failed-1.png
    ────────────────────────────────────────────────────────────────────────────────────────────────

    attachment #2: video (video/webm) ──────────────────────────────────────────────────────────────
    ../test-results/rem21-014-qualification-RE-28a41-nsive-shell-remain-operable-chromium/video.webm
    ────────────────────────────────────────────────────────────────────────────────────────────────

    Error Context: ../test-results/rem21-014-qualification-RE-28a41-nsive-shell-remain-operable-chromium/error-context.md

    attachment #4: trace (application/zip) ─────────────────────────────────────────────────────────
    ../test-results/rem21-014-qualification-RE-28a41-nsive-shell-remain-operable-chromium/trace.zip
    Usage:

        npx playwright show-trace ../test-results/rem21-014-qualification-RE-28a41-nsive-shell-remain-operable-chromium/trace.zip

    ────────────────────────────────────────────────────────────────────────────────────────────────


[1A[2K(node:1785318) Warning: The 'NO_COLOR' env is ignored due to the 'FORCE_COLOR' env being set.
(Use `node --trace-warnings ...` to show where the warning was created)


[1A[2K(node:1785318) Warning: The 'NO_COLOR' env is ignored due to the 'FORCE_COLOR' env being set.
(Use `node --trace-warnings ...` to show where the warning was created)


[1A[2K[3/15] [chromium] › tests/e2e/rem21-014-qualification.spec.ts:217:7 › REM21-014 trusted browser qualification › expiry restores focus and recovers with a new trusted bootstrap
[1A[2K[WebServer] 3:15:49 AM [vite] Internal server error: Failed to resolve import "@cvg/shared" from "apps/web/src/api/client.ts". Does the file exist?
[WebServer]   Plugin: vite:import-analysis
[WebServer]   File: /tmp/cvg-aud0590-f07-20260929/checkout/apps/web/src/api/client.ts:1:54
[WebServer]   1  |  import { redactSensitiveText } from "@cvg/shared";
[WebServer]      |                                       ^
[WebServer]   2  |  export class ApiRequestError extends Error {
[WebServer]   3  |  	status;
[WebServer]       at TransformPluginContext._formatLog (file:///tmp/cvg-aud0590-f07-20260929/checkout/node_modules/vite/dist/node/chunks/node.js:31147:39)
[WebServer]       at TransformPluginContext.error (file:///tmp/cvg-aud0590-f07-20260929/checkout/node_modules/vite/dist/node/chunks/node.js:31144:14)
[WebServer]       at normalizeUrl (file:///tmp/cvg-aud0590-f07-20260929/checkout/node_modules/vite/dist/node/chunks/node.js:28083:18)
[WebServer]       at async file:///tmp/cvg-aud0590-f07-20260929/checkout/node_modules/vite/dist/node/chunks/node.js:28153:30
[WebServer]       at async Promise.all (index 0)
[WebServer]       at async TransformPluginContext.transform (file:///tmp/cvg-aud0590-f07-20260929/checkout/node_modules/vite/dist/node/chunks/node.js:28119:4)
[WebServer]       at async EnvironmentPluginContainer.transform (file:///tmp/cvg-aud0590-f07-20260929/checkout/node_modules/vite/dist/node/chunks/node.js:30932:14)
[WebServer]       at async loadAndTransform (file:///tmp/cvg-aud0590-f07-20260929/checkout/node_modules/vite/dist/node/chunks/node.js:20671:26)
[WebServer]       at async viteTransformMiddleware (file:///tmp/cvg-aud0590-f07-20260929/checkout/node_modules/vite/dist/node/chunks/node.js:25205:20)

[1A[2K[WebServer] 3:15:49 AM [vite] Internal server error: Failed to resolve import "@cvg/shared" from "apps/web/src/features/journeys/index.tsx". Does the file exist?
[WebServer]   Plugin: vite:import-analysis
[WebServer]   File: /tmp/cvg-aud0590-f07-20260929/checkout/apps/web/src/features/journeys/index.tsx:2:31
[WebServer]   1  |  import { useEffect, useRef, useState } from "react";
[WebServer]   2  |  import { createDomainId } from "@cvg/shared";
[WebServer]      |                                  ^
[WebServer]   3  |  import { apiClient } from "../../api/client.ts";
[WebServer]   4  |  var _jsxFileName = "/tmp/cvg-aud0590-f07-20260929/checkout/apps/web/src/features/journeys/index.tsx";
[WebServer]       at TransformPluginContext._formatLog (file:///tmp/cvg-aud0590-f07-20260929/checkout/node_modules/vite/dist/node/chunks/node.js:31147:39)
[WebServer]       at TransformPluginContext.error (file:///tmp/cvg-aud0590-f07-20260929/checkout/node_modules/vite/dist/node/chunks/node.js:31144:14)
[WebServer]       at normalizeUrl (file:///tmp/cvg-aud0590-f07-20260929/checkout/node_modules/vite/dist/node/chunks/node.js:28083:18)
[WebServer]       at async file:///tmp/cvg-aud0590-f07-20260929/checkout/node_modules/vite/dist/node/chunks/node.js:28153:30
[WebServer]       at async Promise.all (index 1)
[WebServer]       at async TransformPluginContext.transform (file:///tmp/cvg-aud0590-f07-20260929/checkout/node_modules/vite/dist/node/chunks/node.js:28119:4)
[WebServer]       at async EnvironmentPluginContainer.transform (file:///tmp/cvg-aud0590-f07-20260929/checkout/node_modules/vite/dist/node/chunks/node.js:30932:14)
[WebServer]       at async loadAndTransform (file:///tmp/cvg-aud0590-f07-20260929/checkout/node_modules/vite/dist/node/chunks/node.js:20671:26)
[WebServer]       at async viteTransformMiddleware (file:///tmp/cvg-aud0590-f07-20260929/checkout/node_modules/vite/dist/node/chunks/node.js:25205:20)

[1A[2K[WebServer] 3:15:49 AM [vite] (client) Pre-transform error: Failed to resolve import "@cvg/shared" from "apps/web/src/api/client.ts". Does the file exist?
[WebServer]   Plugin: vite:import-analysis
[WebServer]   File: /tmp/cvg-aud0590-f07-20260929/checkout/apps/web/src/api/client.ts:1:54
[WebServer]   1  |  import { redactSensitiveText } from "@cvg/shared";
[WebServer]      |                                       ^
[WebServer]   2  |  export class ApiRequestError extends Error {
[WebServer]   3  |  	status;

[1A[2K  3) [chromium] › tests/e2e/rem21-014-qualification.spec.ts:217:7 › REM21-014 trusted browser qualification › expiry restores focus and recovers with a new trusted bootstrap 

    Error: [2mexpect([22m[31mlocator[39m[2m).[22mtoBeVisible[2m([22m[2m)[22m failed

    Locator: getByRole('heading', { name: 'CVG Agent Secretary' })
    Expected: visible
    Timeout: 5000ms
    Error: element(s) not found

    Call log:
    [2m  - Expect "toBeVisible" with timeout 5000ms[22m
    [2m  - waiting for getByRole('heading', { name: 'CVG Agent Secretary' })[22m


      75 |   await expect(
      76 |     page.getByRole('heading', { name: 'CVG Agent Secretary' })
    > 77 |   ).toBeVisible()
         |     ^
      78 |   await expect(
      79 |     page.getByText('Sessão confiável', { exact: true })
      80 |   ).toBeVisible()
        at openTrustedConsole (/tmp/cvg-aud0590-f07-20260929/checkout/tests/e2e/rem21-014-qualification.spec.ts:77:5)
        at /tmp/cvg-aud0590-f07-20260929/checkout/tests/e2e/rem21-014-qualification.spec.ts:222:5

    attachment #1: screenshot (image/png) ──────────────────────────────────────────────────────────
    ../test-results/rem21-014-qualification-RE-6dfaa-ith-a-new-trusted-bootstrap-chromium/test-failed-1.png
    ────────────────────────────────────────────────────────────────────────────────────────────────

    attachment #2: video (video/webm) ──────────────────────────────────────────────────────────────
    ../test-results/rem21-014-qualification-RE-6dfaa-ith-a-new-trusted-bootstrap-chromium/video.webm
    ────────────────────────────────────────────────────────────────────────────────────────────────

    Error Context: ../test-results/rem21-014-qualification-RE-6dfaa-ith-a-new-trusted-bootstrap-chromium/error-context.md

    attachment #4: trace (application/zip) ─────────────────────────────────────────────────────────
    ../test-results/rem21-014-qualification-RE-6dfaa-ith-a-new-trusted-bootstrap-chromium/trace.zip
    Usage:

        npx playwright show-trace ../test-results/rem21-014-qualification-RE-6dfaa-ith-a-new-trusted-bootstrap-chromium/trace.zip

    ────────────────────────────────────────────────────────────────────────────────────────────────


[1A[2K(node:1785983) Warning: The 'NO_COLOR' env is ignored due to the 'FORCE_COLOR' env being set.
(Use `node --trace-warnings ...` to show where the warning was created)


[1A[2K(node:1785983) Warning: The 'NO_COLOR' env is ignored due to the 'FORCE_COLOR' env being set.
(Use `node --trace-warnings ...` to show where the warning was created)


[1A[2K[4/15] [chromium] › tests/e2e/rem21-014-qualification.spec.ts:250:7 › REM21-014 trusted browser qualification › trusted role authorization keeps forbidden controls disabled
[1A[2K[WebServer] 3:15:56 AM [vite] Internal server error: Failed to resolve import "@cvg/shared" from "apps/web/src/api/client.ts". Does the file exist?
[WebServer]   Plugin: vite:import-analysis
[WebServer]   File: /tmp/cvg-aud0590-f07-20260929/checkout/apps/web/src/api/client.ts:1:54
[WebServer]   1  |  import { redactSensitiveText } from "@cvg/shared";
[WebServer]      |                                       ^
[WebServer]   2  |  export class ApiRequestError extends Error {
[WebServer]   3  |  	status;
[WebServer]       at TransformPluginContext._formatLog (file:///tmp/cvg-aud0590-f07-20260929/checkout/node_modules/vite/dist/node/chunks/node.js:31147:39)
[WebServer]       at TransformPluginContext.error (file:///tmp/cvg-aud0590-f07-20260929/checkout/node_modules/vite/dist/node/chunks/node.js:31144:14)
[WebServer]       at normalizeUrl (file:///tmp/cvg-aud0590-f07-20260929/checkout/node_modules/vite/dist/node/chunks/node.js:28083:18)
[WebServer]       at async file:///tmp/cvg-aud0590-f07-20260929/checkout/node_modules/vite/dist/node/chunks/node.js:28153:30
[WebServer]       at async Promise.all (index 0)
[WebServer]       at async TransformPluginContext.transform (file:///tmp/cvg-aud0590-f07-20260929/checkout/node_modules/vite/dist/node/chunks/node.js:28119:4)
[WebServer]       at async EnvironmentPluginContainer.transform (file:///tmp/cvg-aud0590-f07-20260929/checkout/node_modules/vite/dist/node/chunks/node.js:30932:14)
[WebServer]       at async loadAndTransform (file:///tmp/cvg-aud0590-f07-20260929/checkout/node_modules/vite/dist/node/chunks/node.js:20671:26)
[WebServer]       at async viteTransformMiddleware (file:///tmp/cvg-aud0590-f07-20260929/checkout/node_modules/vite/dist/node/chunks/node.js:25205:20)

[1A[2K[WebServer] 3:15:56 AM [vite] Internal server error: Failed to resolve import "@cvg/shared" from "apps/web/src/features/journeys/index.tsx". Does the file exist?
[WebServer]   Plugin: vite:import-analysis
[WebServer]   File: /tmp/cvg-aud0590-f07-20260929/checkout/apps/web/src/features/journeys/index.tsx:2:31
[WebServer]   1  |  import { useEffect, useRef, useState } from "react";
[WebServer]   2  |  import { createDomainId } from "@cvg/shared";
[WebServer]      |                                  ^
[WebServer]   3  |  import { apiClient } from "../../api/client.ts";
[WebServer]   4  |  var _jsxFileName = "/tmp/cvg-aud0590-f07-20260929/checkout/apps/web/src/features/journeys/index.tsx";
[WebServer]       at TransformPluginContext._formatLog (file:///tmp/cvg-aud0590-f07-20260929/checkout/node_modules/vite/dist/node/chunks/node.js:31147:39)
[WebServer]       at TransformPluginContext.error (file:///tmp/cvg-aud0590-f07-20260929/checkout/node_modules/vite/dist/node/chunks/node.js:31144:14)
[WebServer]       at normalizeUrl (file:///tmp/cvg-aud0590-f07-20260929/checkout/node_modules/vite/dist/node/chunks/node.js:28083:18)
[WebServer]       at async file:///tmp/cvg-aud0590-f07-20260929/checkout/node_modules/vite/dist/node/chunks/node.js:28153:30
[WebServer]       at async Promise.all (index 1)
[WebServer]       at async TransformPluginContext.transform (file:///tmp/cvg-aud0590-f07-20260929/checkout/node_modules/vite/dist/node/chunks/node.js:28119:4)
[WebServer]       at async EnvironmentPluginContainer.transform (file:///tmp/cvg-aud0590-f07-20260929/checkout/node_modules/vite/dist/node/chunks/node.js:30932:14)
[WebServer]       at async loadAndTransform (file:///tmp/cvg-aud0590-f07-20260929/checkout/node_modules/vite/dist/node/chunks/node.js:20671:26)
[WebServer]       at async viteTransformMiddleware (file:///tmp/cvg-aud0590-f07-20260929/checkout/node_modules/vite/dist/node/chunks/node.js:25205:20)

[1A[2K[WebServer] 3:15:56 AM [vite] (client) Pre-transform error: Failed to resolve import "@cvg/shared" from "apps/web/src/api/client.ts". Does the file exist?
[WebServer]   Plugin: vite:import-analysis
[WebServer]   File: /tmp/cvg-aud0590-f07-20260929/checkout/apps/web/src/api/client.ts:1:54
[WebServer]   1  |  import { redactSensitiveText } from "@cvg/shared";
[WebServer]      |                                       ^
[WebServer]   2  |  export class ApiRequestError extends Error {
[WebServer]   3  |  	status;

[1A[2K  4) [chromium] › tests/e2e/rem21-014-qualification.spec.ts:250:7 › REM21-014 trusted browser qualification › trusted role authorization keeps forbidden controls disabled 

    Error: [2mexpect([22m[31mlocator[39m[2m).[22mtoBeVisible[2m([22m[2m)[22m failed

    Locator: getByRole('heading', { name: 'CVG Agent Secretary' })
    Expected: visible
    Timeout: 5000ms
    Error: element(s) not found

    Call log:
    [2m  - Expect "toBeVisible" with timeout 5000ms[22m
    [2m  - waiting for getByRole('heading', { name: 'CVG Agent Secretary' })[22m


      75 |   await expect(
      76 |     page.getByRole('heading', { name: 'CVG Agent Secretary' })
    > 77 |   ).toBeVisible()
         |     ^
      78 |   await expect(
      79 |     page.getByText('Sessão confiável', { exact: true })
      80 |   ).toBeVisible()
        at openTrustedConsole (/tmp/cvg-aud0590-f07-20260929/checkout/tests/e2e/rem21-014-qualification.spec.ts:77:5)
        at /tmp/cvg-aud0590-f07-20260929/checkout/tests/e2e/rem21-014-qualification.spec.ts:303:7

    attachment #1: screenshot (image/png) ──────────────────────────────────────────────────────────
    ../test-results/rem21-014-qualification-RE-6867e-forbidden-controls-disabled-chromium/test-failed-1.png
    ────────────────────────────────────────────────────────────────────────────────────────────────

    Error Context: ../test-results/rem21-014-qualification-RE-6867e-forbidden-controls-disabled-chromium/error-context.md

    attachment #3: trace (application/zip) ─────────────────────────────────────────────────────────
    ../test-results/rem21-014-qualification-RE-6867e-forbidden-controls-disabled-chromium/trace.zip
    Usage:

        npx playwright show-trace ../test-results/rem21-014-qualification-RE-6867e-forbidden-controls-disabled-chromium/trace.zip

    ────────────────────────────────────────────────────────────────────────────────────────────────


[1A[2K(node:1786708) Warning: The 'NO_COLOR' env is ignored due to the 'FORCE_COLOR' env being set.
(Use `node --trace-warnings ...` to show where the warning was created)


[1A[2K(node:1786708) Warning: The 'NO_COLOR' env is ignored due to the 'FORCE_COLOR' env being set.
(Use `node --trace-warnings ...` to show where the warning was created)


[1A[2K[5/15] [chromium] › tests/e2e/rem21-014-qualification.spec.ts:331:7 › REM21-014 trusted browser qualification › tenant rotation clears the previous tenant fixture and keeps requests trusted
[1A[2K[WebServer] 3:16:02 AM [vite] Internal server error: Failed to resolve import "@cvg/shared" from "apps/web/src/api/client.ts". Does the file exist?
[WebServer]   Plugin: vite:import-analysis
[WebServer]   File: /tmp/cvg-aud0590-f07-20260929/checkout/apps/web/src/api/client.ts:1:54
[WebServer]   1  |  import { redactSensitiveText } from "@cvg/shared";
[WebServer]      |                                       ^
[WebServer]   2  |  export class ApiRequestError extends Error {
[WebServer]   3  |  	status;
[WebServer]       at TransformPluginContext._formatLog (file:///tmp/cvg-aud0590-f07-20260929/checkout/node_modules/vite/dist/node/chunks/node.js:31147:39)
[WebServer]       at TransformPluginContext.error (file:///tmp/cvg-aud0590-f07-20260929/checkout/node_modules/vite/dist/node/chunks/node.js:31144:14)
[WebServer]       at normalizeUrl (file:///tmp/cvg-aud0590-f07-20260929/checkout/node_modules/vite/dist/node/chunks/node.js:28083:18)
[WebServer]       at async file:///tmp/cvg-aud0590-f07-20260929/checkout/node_modules/vite/dist/node/chunks/node.js:28153:30
[WebServer]       at async Promise.all (index 0)
[WebServer]       at async TransformPluginContext.transform (file:///tmp/cvg-aud0590-f07-20260929/checkout/node_modules/vite/dist/node/chunks/node.js:28119:4)
[WebServer]       at async EnvironmentPluginContainer.transform (file:///tmp/cvg-aud0590-f07-20260929/checkout/node_modules/vite/dist/node/chunks/node.js:30932:14)
[WebServer]       at async loadAndTransform (file:///tmp/cvg-aud0590-f07-20260929/checkout/node_modules/vite/dist/node/chunks/node.js:20671:26)
[WebServer]       at async viteTransformMiddleware (file:///tmp/cvg-aud0590-f07-20260929/checkout/node_modules/vite/dist/node/chunks/node.js:25205:20)

[1A[2K[WebServer] 3:16:02 AM [vite] Internal server error: Failed to resolve import "@cvg/shared" from "apps/web/src/features/journeys/index.tsx". Does the file exist?
[WebServer]   Plugin: vite:import-analysis
[WebServer]   File: /tmp/cvg-aud0590-f07-20260929/checkout/apps/web/src/features/journeys/index.tsx:2:31
[WebServer]   1  |  import { useEffect, useRef, useState } from "react";
[WebServer]   2  |  import { createDomainId } from "@cvg/shared";
[WebServer]      |                                  ^
[WebServer]   3  |  import { apiClient } from "../../api/client.ts";
[WebServer]   4  |  var _jsxFileName = "/tmp/cvg-aud0590-f07-20260929/checkout/apps/web/src/features/journeys/index.tsx";
[WebServer]       at TransformPluginContext._formatLog (file:///tmp/cvg-aud0590-f07-20260929/checkout/node_modules/vite/dist/node/chunks/node.js:31147:39)
[WebServer]       at TransformPluginContext.error (file:///tmp/cvg-aud0590-f07-20260929/checkout/node_modules/vite/dist/node/chunks/node.js:31144:14)
[WebServer]       at normalizeUrl (file:///tmp/cvg-aud0590-f07-20260929/checkout/node_modules/vite/dist/node/chunks/node.js:28083:18)
[WebServer]       at async file:///tmp/cvg-aud0590-f07-20260929/checkout/node_modules/vite/dist/node/chunks/node.js:28153:30
[WebServer]       at async Promise.all (index 1)
[WebServer]       at async TransformPluginContext.transform (file:///tmp/cvg-aud0590-f07-20260929/checkout/node_modules/vite/dist/node/chunks/node.js:28119:4)
[WebServer]       at async EnvironmentPluginContainer.transform (file:///tmp/cvg-aud0590-f07-20260929/checkout/node_modules/vite/dist/node/chunks/node.js:30932:14)
[WebServer]       at async loadAndTransform (file:///tmp/cvg-aud0590-f07-20260929/checkout/node_modules/vite/dist/node/chunks/node.js:20671:26)
[WebServer]       at async viteTransformMiddleware (file:///tmp/cvg-aud0590-f07-20260929/checkout/node_modules/vite/dist/node/chunks/node.js:25205:20)

[1A[2K[WebServer] 3:16:02 AM [vite] (client) Pre-transform error: Failed to resolve import "@cvg/shared" from "apps/web/src/api/client.ts". Does the file exist?
[WebServer]   Plugin: vite:import-analysis
[WebServer]   File: /tmp/cvg-aud0590-f07-20260929/checkout/apps/web/src/api/client.ts:1:54
[WebServer]   1  |  import { redactSensitiveText } from "@cvg/shared";
[WebServer]      |                                       ^
[WebServer]   2  |  export class ApiRequestError extends Error {
[WebServer]   3  |  	status;

[1A[2K  5) [chromium] › tests/e2e/rem21-014-qualification.spec.ts:331:7 › REM21-014 trusted browser qualification › tenant rotation clears the previous tenant fixture and keeps requests trusted 

    Error: [2mexpect([22m[31mlocator[39m[2m).[22mtoBeVisible[2m([22m[2m)[22m failed

    Locator: getByRole('heading', { name: 'CVG Agent Secretary' })
    Expected: visible
    Timeout: 5000ms
    Error: element(s) not found

    Call log:
    [2m  - Expect "toBeVisible" with timeout 5000ms[22m
    [2m  - waiting for getByRole('heading', { name: 'CVG Agent Secretary' })[22m


      75 |   await expect(
      76 |     page.getByRole('heading', { name: 'CVG Agent Secretary' })
    > 77 |   ).toBeVisible()
         |     ^
      78 |   await expect(
      79 |     page.getByText('Sessão confiável', { exact: true })
      80 |   ).toBeVisible()
        at openTrustedConsole (/tmp/cvg-aud0590-f07-20260929/checkout/tests/e2e/rem21-014-qualification.spec.ts:77:5)
        at /tmp/cvg-aud0590-f07-20260929/checkout/tests/e2e/rem21-014-qualification.spec.ts:371:5

    attachment #1: screenshot (image/png) ──────────────────────────────────────────────────────────
    ../test-results/rem21-014-qualification-RE-9179a--and-keeps-requests-trusted-chromium/test-failed-1.png
    ────────────────────────────────────────────────────────────────────────────────────────────────

    attachment #2: video (video/webm) ──────────────────────────────────────────────────────────────
    ../test-results/rem21-014-qualification-RE-9179a--and-keeps-requests-trusted-chromium/video.webm
    ────────────────────────────────────────────────────────────────────────────────────────────────

    Error Context: ../test-results/rem21-014-qualification-RE-9179a--and-keeps-requests-trusted-chromium/error-context.md

    attachment #4: trace (application/zip) ─────────────────────────────────────────────────────────
    ../test-results/rem21-014-qualification-RE-9179a--and-keeps-requests-trusted-chromium/trace.zip
    Usage:

        npx playwright show-trace ../test-results/rem21-014-qualification-RE-9179a--and-keeps-requests-trusted-chromium/trace.zip

    ────────────────────────────────────────────────────────────────────────────────────────────────


[1A[2K(node:1787453) Warning: The 'NO_COLOR' env is ignored due to the 'FORCE_COLOR' env being set.
(Use `node --trace-warnings ...` to show where the warning was created)


[1A[2K(node:1787453) Warning: The 'NO_COLOR' env is ignored due to the 'FORCE_COLOR' env being set.
(Use `node --trace-warnings ...` to show where the warning was created)


[1A[2K[6/15] [firefox] › tests/e2e/rem21-014-qualification.spec.ts:151:7 › REM21-014 trusted browser qualification › trusted login has no editable authority and passes axe WCAG A/AA
[1A[2K[WebServer] 3:16:10 AM [vite] (client) Pre-transform error: Failed to resolve import "@cvg/shared" from "apps/web/src/api/client.ts". Does the file exist?
[WebServer]   Plugin: vite:import-analysis
[WebServer]   File: /tmp/cvg-aud0590-f07-20260929/checkout/apps/web/src/api/client.ts:1:54
[WebServer]   1  |  import { redactSensitiveText } from "@cvg/shared";
[WebServer]      |                                       ^
[WebServer]   2  |  export class ApiRequestError extends Error {
[WebServer]   3  |  	status;

[1A[2K[WebServer] 3:16:10 AM [vite] Internal server error: Failed to resolve import "@cvg/shared" from "apps/web/src/api/client.ts". Does the file exist?
[WebServer]   Plugin: vite:import-analysis
[WebServer]   File: /tmp/cvg-aud0590-f07-20260929/checkout/apps/web/src/api/client.ts:1:54
[WebServer]   1  |  import { redactSensitiveText } from "@cvg/shared";
[WebServer]      |                                       ^
[WebServer]   2  |  export class ApiRequestError extends Error {
[WebServer]   3  |  	status;
[WebServer]       at TransformPluginContext._formatLog (file:///tmp/cvg-aud0590-f07-20260929/checkout/node_modules/vite/dist/node/chunks/node.js:31147:39)
[WebServer]       at TransformPluginContext.error (file:///tmp/cvg-aud0590-f07-20260929/checkout/node_modules/vite/dist/node/chunks/node.js:31144:14)
[WebServer]       at normalizeUrl (file:///tmp/cvg-aud0590-f07-20260929/checkout/node_modules/vite/dist/node/chunks/node.js:28083:18)
[WebServer]       at async file:///tmp/cvg-aud0590-f07-20260929/checkout/node_modules/vite/dist/node/chunks/node.js:28153:30
[WebServer]       at async Promise.all (index 0)
[WebServer]       at async TransformPluginContext.transform (file:///tmp/cvg-aud0590-f07-20260929/checkout/node_modules/vite/dist/node/chunks/node.js:28119:4)
[WebServer]       at async EnvironmentPluginContainer.transform (file:///tmp/cvg-aud0590-f07-20260929/checkout/node_modules/vite/dist/node/chunks/node.js:30932:14)
[WebServer]       at async loadAndTransform (file:///tmp/cvg-aud0590-f07-20260929/checkout/node_modules/vite/dist/node/chunks/node.js:20671:26)

[1A[2K[WebServer] 3:16:10 AM [vite] Internal server error: Failed to resolve import "@cvg/shared" from "apps/web/src/features/journeys/index.tsx". Does the file exist?
[WebServer]   Plugin: vite:import-analysis
[WebServer]   File: /tmp/cvg-aud0590-f07-20260929/checkout/apps/web/src/features/journeys/index.tsx:2:31
[WebServer]   1  |  import { useEffect, useRef, useState } from "react";
[WebServer]   2  |  import { createDomainId } from "@cvg/shared";
[WebServer]      |                                  ^
[WebServer]   3  |  import { apiClient } from "../../api/client.ts";
[WebServer]   4  |  var _jsxFileName = "/tmp/cvg-aud0590-f07-20260929/checkout/apps/web/src/features/journeys/index.tsx";
[WebServer]       at TransformPluginContext._formatLog (file:///tmp/cvg-aud0590-f07-20260929/checkout/node_modules/vite/dist/node/chunks/node.js:31147:39)
[WebServer]       at TransformPluginContext.error (file:///tmp/cvg-aud0590-f07-20260929/checkout/node_modules/vite/dist/node/chunks/node.js:31144:14)
[WebServer]       at normalizeUrl (file:///tmp/cvg-aud0590-f07-20260929/checkout/node_modules/vite/dist/node/chunks/node.js:28083:18)
[WebServer]       at async file:///tmp/cvg-aud0590-f07-20260929/checkout/node_modules/vite/dist/node/chunks/node.js:28153:30
[WebServer]       at async Promise.all (index 1)
[WebServer]       at async TransformPluginContext.transform (file:///tmp/cvg-aud0590-f07-20260929/checkout/node_modules/vite/dist/node/chunks/node.js:28119:4)
[WebServer]       at async EnvironmentPluginContainer.transform (file:///tmp/cvg-aud0590-f07-20260929/checkout/node_modules/vite/dist/node/chunks/node.js:30932:14)
[WebServer]       at async loadAndTransform (file:///tmp/cvg-aud0590-f07-20260929/checkout/node_modules/vite/dist/node/chunks/node.js:20671:26)
[WebServer]       at async viteTransformMiddleware (file:///tmp/cvg-aud0590-f07-20260929/checkout/node_modules/vite/dist/node/chunks/node.js:25205:20)

[1A[2K[WebServer] 3:16:10 AM [vite] Internal server error: Failed to resolve import "@cvg/shared" from "apps/web/src/features/platform/draft-helpers.ts". Does the file exist?
[WebServer]   Plugin: vite:import-analysis
[WebServer]   File: /tmp/cvg-aud0590-f07-20260929/checkout/apps/web/src/features/platform/draft-helpers.ts:9:36
[WebServer]   7  |  * platform characterization suite (unchanged behavior).
[WebServer]   8  |  */
[WebServer]   9  |  import { redactSensitiveText } from "@cvg/shared";
[WebServer]      |                                       ^
[WebServer]   10 |  import { parsePromptProfile, serializePromptBlocks, serializeResponseTemplates } from "./prompt-profile.ts";
[WebServer]   11 |  export const initialForm = {
[WebServer]       at TransformPluginContext._formatLog (file:///tmp/cvg-aud0590-f07-20260929/checkout/node_modules/vite/dist/node/chunks/node.js:31147:39)
[WebServer]       at TransformPluginContext.error (file:///tmp/cvg-aud0590-f07-20260929/checkout/node_modules/vite/dist/node/chunks/node.js:31144:14)
[WebServer]       at normalizeUrl (file:///tmp/cvg-aud0590-f07-20260929/checkout/node_modules/vite/dist/node/chunks/node.js:28083:18)
[WebServer]       at async file:///tmp/cvg-aud0590-f07-20260929/checkout/node_modules/vite/dist/node/chunks/node.js:28153:30
[WebServer]       at async Promise.all (index 0)
[WebServer]       at async TransformPluginContext.transform (file:///tmp/cvg-aud0590-f07-20260929/checkout/node_modules/vite/dist/node/chunks/node.js:28119:4)
[WebServer]       at async EnvironmentPluginContainer.transform (file:///tmp/cvg-aud0590-f07-20260929/checkout/node_modules/vite/dist/node/chunks/node.js:30932:14)
[WebServer]       at async loadAndTransform (file:///tmp/cvg-aud0590-f07-20260929/checkout/node_modules/vite/dist/node/chunks/node.js:20671:26)
[WebServer]       at async viteTransformMiddleware (file:///tmp/cvg-aud0590-f07-20260929/checkout/node_modules/vite/dist/node/chunks/node.js:25205:20)

[1A[2K  6) [firefox] › tests/e2e/rem21-014-qualification.spec.ts:151:7 › REM21-014 trusted browser qualification › trusted login has no editable authority and passes axe WCAG A/AA 

    Error: [2mexpect([22m[31mlocator[39m[2m).[22mtoBeVisible[2m([22m[2m)[22m failed

    Locator: getByRole('heading', { name: 'CVG Agent Secretary' })
    Expected: visible
    Timeout: 5000ms
    Error: element(s) not found

    Call log:
    [2m  - Expect "toBeVisible" with timeout 5000ms[22m
    [2m  - waiting for getByRole('heading', { name: 'CVG Agent Secretary' })[22m


      75 |   await expect(
      76 |     page.getByRole('heading', { name: 'CVG Agent Secretary' })
    > 77 |   ).toBeVisible()
         |     ^
      78 |   await expect(
      79 |     page.getByText('Sessão confiável', { exact: true })
      80 |   ).toBeVisible()
        at openTrustedConsole (/tmp/cvg-aud0590-f07-20260929/checkout/tests/e2e/rem21-014-qualification.spec.ts:77:5)
        at /tmp/cvg-aud0590-f07-20260929/checkout/tests/e2e/rem21-014-qualification.spec.ts:155:5

    attachment #1: screenshot (image/png) ──────────────────────────────────────────────────────────
    ../test-results/rem21-014-qualification-RE-b396b-ty-and-passes-axe-WCAG-A-AA-firefox/test-failed-1.png
    ────────────────────────────────────────────────────────────────────────────────────────────────

    attachment #2: video (video/webm) ──────────────────────────────────────────────────────────────
    ../test-results/rem21-014-qualification-RE-b396b-ty-and-passes-axe-WCAG-A-AA-firefox/video.webm
    ────────────────────────────────────────────────────────────────────────────────────────────────

    Error Context: ../test-results/rem21-014-qualification-RE-b396b-ty-and-passes-axe-WCAG-A-AA-firefox/error-context.md

    attachment #4: trace (application/zip) ─────────────────────────────────────────────────────────
    ../test-results/rem21-014-qualification-RE-b396b-ty-and-passes-axe-WCAG-A-AA-firefox/trace.zip
    Usage:

        npx playwright show-trace ../test-results/rem21-014-qualification-RE-b396b-ty-and-passes-axe-WCAG-A-AA-firefox/trace.zip

    ────────────────────────────────────────────────────────────────────────────────────────────────


[1A[2K(node:1788611) Warning: The 'NO_COLOR' env is ignored due to the 'FORCE_COLOR' env being set.
(Use `node --trace-warnings ...` to show where the warning was created)


[1A[2K(node:1788611) Warning: The 'NO_COLOR' env is ignored due to the 'FORCE_COLOR' env being set.
(Use `node --trace-warnings ...` to show where the warning was created)


[1A[2K[7/15] [firefox] › tests/e2e/rem21-014-qualification.spec.ts:163:7 › REM21-014 trusted browser qualification › keyboard, focus, contrast, reduced motion and responsive shell remain operable
[1A[2K[WebServer] 3:16:19 AM [vite] (client) Pre-transform error: Failed to resolve import "@cvg/shared" from "apps/web/src/api/client.ts". Does the file exist?
[WebServer]   Plugin: vite:import-analysis
[WebServer]   File: /tmp/cvg-aud0590-f07-20260929/checkout/apps/web/src/api/client.ts:1:54
[WebServer]   1  |  import { redactSensitiveText } from "@cvg/shared";
[WebServer]      |                                       ^
[WebServer]   2  |  export class ApiRequestError extends Error {
[WebServer]   3  |  	status;

[1A[2K[WebServer] 3:16:19 AM [vite] Internal server error: Failed to resolve import "@cvg/shared" from "apps/web/src/api/client.ts". Does the file exist?
[WebServer]   Plugin: vite:import-analysis
[WebServer]   File: /tmp/cvg-aud0590-f07-20260929/checkout/apps/web/src/api/client.ts:1:54
[WebServer]   1  |  import { redactSensitiveText } from "@cvg/shared";
[WebServer]      |                                       ^
[WebServer]   2  |  export class ApiRequestError extends Error {
[WebServer]   3  |  	status;
[WebServer]       at TransformPluginContext._formatLog (file:///tmp/cvg-aud0590-f07-20260929/checkout/node_modules/vite/dist/node/chunks/node.js:31147:39)
[WebServer]       at TransformPluginContext.error (file:///tmp/cvg-aud0590-f07-20260929/checkout/node_modules/vite/dist/node/chunks/node.js:31144:14)
[WebServer]       at normalizeUrl (file:///tmp/cvg-aud0590-f07-20260929/checkout/node_modules/vite/dist/node/chunks/node.js:28083:18)
[WebServer]       at async file:///tmp/cvg-aud0590-f07-20260929/checkout/node_modules/vite/dist/node/chunks/node.js:28153:30
[WebServer]       at async Promise.all (index 0)
[WebServer]       at async TransformPluginContext.transform (file:///tmp/cvg-aud0590-f07-20260929/checkout/node_modules/vite/dist/node/chunks/node.js:28119:4)
[WebServer]       at async EnvironmentPluginContainer.transform (file:///tmp/cvg-aud0590-f07-20260929/checkout/node_modules/vite/dist/node/chunks/node.js:30932:14)
[WebServer]       at async loadAndTransform (file:///tmp/cvg-aud0590-f07-20260929/checkout/node_modules/vite/dist/node/chunks/node.js:20671:26)

[1A[2K[WebServer] 3:16:19 AM [vite] Internal server error: Failed to resolve import "@cvg/shared" from "apps/web/src/features/journeys/index.tsx". Does the file exist?
[WebServer]   Plugin: vite:import-analysis
[WebServer]   File: /tmp/cvg-aud0590-f07-20260929/checkout/apps/web/src/features/journeys/index.tsx:2:31
[WebServer]   1  |  import { useEffect, useRef, useState } from "react";
[WebServer]   2  |  import { createDomainId } from "@cvg/shared";
[WebServer]      |                                  ^
[WebServer]   3  |  import { apiClient } from "../../api/client.ts";
[WebServer]   4  |  var _jsxFileName = "/tmp/cvg-aud0590-f07-20260929/checkout/apps/web/src/features/journeys/index.tsx";
[WebServer]       at TransformPluginContext._formatLog (file:///tmp/cvg-aud0590-f07-20260929/checkout/node_modules/vite/dist/node/chunks/node.js:31147:39)
[WebServer]       at TransformPluginContext.error (file:///tmp/cvg-aud0590-f07-20260929/checkout/node_modules/vite/dist/node/chunks/node.js:31144:14)
[WebServer]       at normalizeUrl (file:///tmp/cvg-aud0590-f07-20260929/checkout/node_modules/vite/dist/node/chunks/node.js:28083:18)
[WebServer]       at async file:///tmp/cvg-aud0590-f07-20260929/checkout/node_modules/vite/dist/node/chunks/node.js:28153:30
[WebServer]       at async Promise.all (index 1)
[WebServer]       at async TransformPluginContext.transform (file:///tmp/cvg-aud0590-f07-20260929/checkout/node_modules/vite/dist/node/chunks/node.js:28119:4)
[WebServer]       at async EnvironmentPluginContainer.transform (file:///tmp/cvg-aud0590-f07-20260929/checkout/node_modules/vite/dist/node/chunks/node.js:30932:14)
[WebServer]       at async loadAndTransform (file:///tmp/cvg-aud0590-f07-20260929/checkout/node_modules/vite/dist/node/chunks/node.js:20671:26)
[WebServer]       at async viteTransformMiddleware (file:///tmp/cvg-aud0590-f07-20260929/checkout/node_modules/vite/dist/node/chunks/node.js:25205:20)

[1A[2K[WebServer] 3:16:19 AM [vite] Internal server error: Failed to resolve import "@cvg/shared" from "apps/web/src/features/platform/draft-helpers.ts". Does the file exist?
[WebServer]   Plugin: vite:import-analysis
[WebServer]   File: /tmp/cvg-aud0590-f07-20260929/checkout/apps/web/src/features/platform/draft-helpers.ts:9:36
[WebServer]   7  |  * platform characterization suite (unchanged behavior).
[WebServer]   8  |  */
[WebServer]   9  |  import { redactSensitiveText } from "@cvg/shared";
[WebServer]      |                                       ^
[WebServer]   10 |  import { parsePromptProfile, serializePromptBlocks, serializeResponseTemplates } from "./prompt-profile.ts";
[WebServer]   11 |  export const initialForm = {
[WebServer]       at TransformPluginContext._formatLog (file:///tmp/cvg-aud0590-f07-20260929/checkout/node_modules/vite/dist/node/chunks/node.js:31147:39)
[WebServer]       at TransformPluginContext.error (file:///tmp/cvg-aud0590-f07-20260929/checkout/node_modules/vite/dist/node/chunks/node.js:31144:14)
[WebServer]       at normalizeUrl (file:///tmp/cvg-aud0590-f07-20260929/checkout/node_modules/vite/dist/node/chunks/node.js:28083:18)
[WebServer]       at async file:///tmp/cvg-aud0590-f07-20260929/checkout/node_modules/vite/dist/node/chunks/node.js:28153:30
[WebServer]       at async Promise.all (index 0)
[WebServer]       at async TransformPluginContext.transform (file:///tmp/cvg-aud0590-f07-20260929/checkout/node_modules/vite/dist/node/chunks/node.js:28119:4)
[WebServer]       at async EnvironmentPluginContainer.transform (file:///tmp/cvg-aud0590-f07-20260929/checkout/node_modules/vite/dist/node/chunks/node.js:30932:14)
[WebServer]       at async loadAndTransform (file:///tmp/cvg-aud0590-f07-20260929/checkout/node_modules/vite/dist/node/chunks/node.js:20671:26)
[WebServer]       at async viteTransformMiddleware (file:///tmp/cvg-aud0590-f07-20260929/checkout/node_modules/vite/dist/node/chunks/node.js:25205:20)

[1A[2K  7) [firefox] › tests/e2e/rem21-014-qualification.spec.ts:163:7 › REM21-014 trusted browser qualification › keyboard, focus, contrast, reduced motion and responsive shell remain operable 

    Error: [2mexpect([22m[31mlocator[39m[2m).[22mtoBeVisible[2m([22m[2m)[22m failed

    Locator: getByRole('heading', { name: 'CVG Agent Secretary' })
    Expected: visible
    Timeout: 5000ms
    Error: element(s) not found

    Call log:
    [2m  - Expect "toBeVisible" with timeout 5000ms[22m
    [2m  - waiting for getByRole('heading', { name: 'CVG Agent Secretary' })[22m


      75 |   await expect(
      76 |     page.getByRole('heading', { name: 'CVG Agent Secretary' })
    > 77 |   ).toBeVisible()
         |     ^
      78 |   await expect(
      79 |     page.getByText('Sessão confiável', { exact: true })
      80 |   ).toBeVisible()
        at openTrustedConsole (/tmp/cvg-aud0590-f07-20260929/checkout/tests/e2e/rem21-014-qualification.spec.ts:77:5)
        at /tmp/cvg-aud0590-f07-20260929/checkout/tests/e2e/rem21-014-qualification.spec.ts:167:5

    attachment #1: screenshot (image/png) ──────────────────────────────────────────────────────────
    ../test-results/rem21-014-qualification-RE-28a41-nsive-shell-remain-operable-firefox/test-failed-1.png
    ────────────────────────────────────────────────────────────────────────────────────────────────

    attachment #2: video (video/webm) ──────────────────────────────────────────────────────────────
    ../test-results/rem21-014-qualification-RE-28a41-nsive-shell-remain-operable-firefox/video.webm
    ────────────────────────────────────────────────────────────────────────────────────────────────

    Error Context: ../test-results/rem21-014-qualification-RE-28a41-nsive-shell-remain-operable-firefox/error-context.md

    attachment #4: trace (application/zip) ─────────────────────────────────────────────────────────
    ../test-results/rem21-014-qualification-RE-28a41-nsive-shell-remain-operable-firefox/trace.zip
    Usage:

        npx playwright show-trace ../test-results/rem21-014-qualification-RE-28a41-nsive-shell-remain-operable-firefox/trace.zip

    ────────────────────────────────────────────────────────────────────────────────────────────────


[1A[2K(node:1789638) Warning: The 'NO_COLOR' env is ignored due to the 'FORCE_COLOR' env being set.
(Use `node --trace-warnings ...` to show where the warning was created)


[1A[2K(node:1789638) Warning: The 'NO_COLOR' env is ignored due to the 'FORCE_COLOR' env being set.
(Use `node --trace-warnings ...` to show where the warning was created)


[1A[2K[8/15] [firefox] › tests/e2e/rem21-014-qualification.spec.ts:217:7 › REM21-014 trusted browser qualification › expiry restores focus and recovers with a new trusted bootstrap
[1A[2K[WebServer] 3:16:27 AM [vite] (client) Pre-transform error: Failed to resolve import "@cvg/shared" from "apps/web/src/api/client.ts". Does the file exist?
[WebServer]   Plugin: vite:import-analysis
[WebServer]   File: /tmp/cvg-aud0590-f07-20260929/checkout/apps/web/src/api/client.ts:1:54
[WebServer]   1  |  import { redactSensitiveText } from "@cvg/shared";
[WebServer]      |                                       ^
[WebServer]   2  |  export class ApiRequestError extends Error {
[WebServer]   3  |  	status;

[1A[2K[WebServer] 3:16:27 AM [vite] Internal server error: Failed to resolve import "@cvg/shared" from "apps/web/src/api/client.ts". Does the file exist?
[WebServer]   Plugin: vite:import-analysis
[WebServer]   File: /tmp/cvg-aud0590-f07-20260929/checkout/apps/web/src/api/client.ts:1:54
[WebServer]   1  |  import { redactSensitiveText } from "@cvg/shared";
[WebServer]      |                                       ^
[WebServer]   2  |  export class ApiRequestError extends Error {
[WebServer]   3  |  	status;
[WebServer]       at TransformPluginContext._formatLog (file:///tmp/cvg-aud0590-f07-20260929/checkout/node_modules/vite/dist/node/chunks/node.js:31147:39)
[WebServer]       at TransformPluginContext.error (file:///tmp/cvg-aud0590-f07-20260929/checkout/node_modules/vite/dist/node/chunks/node.js:31144:14)
[WebServer]       at normalizeUrl (file:///tmp/cvg-aud0590-f07-20260929/checkout/node_modules/vite/dist/node/chunks/node.js:28083:18)
[WebServer]       at async file:///tmp/cvg-aud0590-f07-20260929/checkout/node_modules/vite/dist/node/chunks/node.js:28153:30
[WebServer]       at async Promise.all (index 0)
[WebServer]       at async TransformPluginContext.transform (file:///tmp/cvg-aud0590-f07-20260929/checkout/node_modules/vite/dist/node/chunks/node.js:28119:4)
[WebServer]       at async EnvironmentPluginContainer.transform (file:///tmp/cvg-aud0590-f07-20260929/checkout/node_modules/vite/dist/node/chunks/node.js:30932:14)
[WebServer]       at async loadAndTransform (file:///tmp/cvg-aud0590-f07-20260929/checkout/node_modules/vite/dist/node/chunks/node.js:20671:26)

[1A[2K[WebServer] 3:16:27 AM [vite] Internal server error: Failed to resolve import "@cvg/shared" from "apps/web/src/features/journeys/index.tsx". Does the file exist?
[WebServer]   Plugin: vite:import-analysis
[WebServer]   File: /tmp/cvg-aud0590-f07-20260929/checkout/apps/web/src/features/journeys/index.tsx:2:31
[WebServer]   1  |  import { useEffect, useRef, useState } from "react";
[WebServer]   2  |  import { createDomainId } from "@cvg/shared";
[WebServer]      |                                  ^
[WebServer]   3  |  import { apiClient } from "../../api/client.ts";
[WebServer]   4  |  var _jsxFileName = "/tmp/cvg-aud0590-f07-20260929/checkout/apps/web/src/features/journeys/index.tsx";
[WebServer]       at TransformPluginContext._formatLog (file:///tmp/cvg-aud0590-f07-20260929/checkout/node_modules/vite/dist/node/chunks/node.js:31147:39)
[WebServer]       at TransformPluginContext.error (file:///tmp/cvg-aud0590-f07-20260929/checkout/node_modules/vite/dist/node/chunks/node.js:31144:14)
[WebServer]       at normalizeUrl (file:///tmp/cvg-aud0590-f07-20260929/checkout/node_modules/vite/dist/node/chunks/node.js:28083:18)
[WebServer]       at async file:///tmp/cvg-aud0590-f07-20260929/checkout/node_modules/vite/dist/node/chunks/node.js:28153:30
[WebServer]       at async Promise.all (index 1)
[WebServer]       at async TransformPluginContext.transform (file:///tmp/cvg-aud0590-f07-20260929/checkout/node_modules/vite/dist/node/chunks/node.js:28119:4)
[WebServer]       at async EnvironmentPluginContainer.transform (file:///tmp/cvg-aud0590-f07-20260929/checkout/node_modules/vite/dist/node/chunks/node.js:30932:14)
[WebServer]       at async loadAndTransform (file:///tmp/cvg-aud0590-f07-20260929/checkout/node_modules/vite/dist/node/chunks/node.js:20671:26)
[WebServer]       at async viteTransformMiddleware (file:///tmp/cvg-aud0590-f07-20260929/checkout/node_modules/vite/dist/node/chunks/node.js:25205:20)

[1A[2K[WebServer] 3:16:27 AM [vite] Internal server error: Failed to resolve import "@cvg/shared" from "apps/web/src/features/platform/draft-helpers.ts". Does the file exist?
[WebServer]   Plugin: vite:import-analysis
[WebServer]   File: /tmp/cvg-aud0590-f07-20260929/checkout/apps/web/src/features/platform/draft-helpers.ts:9:36
[WebServer]   7  |  * platform characterization suite (unchanged behavior).
[WebServer]   8  |  */
[WebServer]   9  |  import { redactSensitiveText } from "@cvg/shared";
[WebServer]      |                                       ^
[WebServer]   10 |  import { parsePromptProfile, serializePromptBlocks, serializeResponseTemplates } from "./prompt-profile.ts";
[WebServer]   11 |  export const initialForm = {
[WebServer]       at TransformPluginContext._formatLog (file:///tmp/cvg-aud0590-f07-20260929/checkout/node_modules/vite/dist/node/chunks/node.js:31147:39)
[WebServer]       at TransformPluginContext.error (file:///tmp/cvg-aud0590-f07-20260929/checkout/node_modules/vite/dist/node/chunks/node.js:31144:14)
[WebServer]       at normalizeUrl (file:///tmp/cvg-aud0590-f07-20260929/checkout/node_modules/vite/dist/node/chunks/node.js:28083:18)
[WebServer]       at async file:///tmp/cvg-aud0590-f07-20260929/checkout/node_modules/vite/dist/node/chunks/node.js:28153:30
[WebServer]       at async Promise.all (index 0)
[WebServer]       at async TransformPluginContext.transform (file:///tmp/cvg-aud0590-f07-20260929/checkout/node_modules/vite/dist/node/chunks/node.js:28119:4)
[WebServer]       at async EnvironmentPluginContainer.transform (file:///tmp/cvg-aud0590-f07-20260929/checkout/node_modules/vite/dist/node/chunks/node.js:30932:14)
[WebServer]       at async loadAndTransform (file:///tmp/cvg-aud0590-f07-20260929/checkout/node_modules/vite/dist/node/chunks/node.js:20671:26)
[WebServer]       at async viteTransformMiddleware (file:///tmp/cvg-aud0590-f07-20260929/checkout/node_modules/vite/dist/node/chunks/node.js:25205:20)

[1A[2K  8) [firefox] › tests/e2e/rem21-014-qualification.spec.ts:217:7 › REM21-014 trusted browser qualification › expiry restores focus and recovers with a new trusted bootstrap 

    Error: [2mexpect([22m[31mlocator[39m[2m).[22mtoBeVisible[2m([22m[2m)[22m failed

    Locator: getByRole('heading', { name: 'CVG Agent Secretary' })
    Expected: visible
    Timeout: 5000ms
    Error: element(s) not found

    Call log:
    [2m  - Expect "toBeVisible" with timeout 5000ms[22m
    [2m  - waiting for getByRole('heading', { name: 'CVG Agent Secretary' })[22m


      75 |   await expect(
      76 |     page.getByRole('heading', { name: 'CVG Agent Secretary' })
    > 77 |   ).toBeVisible()
         |     ^
      78 |   await expect(
      79 |     page.getByText('Sessão confiável', { exact: true })
      80 |   ).toBeVisible()
        at openTrustedConsole (/tmp/cvg-aud0590-f07-20260929/checkout/tests/e2e/rem21-014-qualification.spec.ts:77:5)
        at /tmp/cvg-aud0590-f07-20260929/checkout/tests/e2e/rem21-014-qualification.spec.ts:222:5

    attachment #1: screenshot (image/png) ──────────────────────────────────────────────────────────
    ../test-results/rem21-014-qualification-RE-6dfaa-ith-a-new-trusted-bootstrap-firefox/test-failed-1.png
    ────────────────────────────────────────────────────────────────────────────────────────────────

    attachment #2: video (video/webm) ──────────────────────────────────────────────────────────────
    ../test-results/rem21-014-qualification-RE-6dfaa-ith-a-new-trusted-bootstrap-firefox/video.webm
    ────────────────────────────────────────────────────────────────────────────────────────────────

    Error Context: ../test-results/rem21-014-qualification-RE-6dfaa-ith-a-new-trusted-bootstrap-firefox/error-context.md

    attachment #4: trace (application/zip) ─────────────────────────────────────────────────────────
    ../test-results/rem21-014-qualification-RE-6dfaa-ith-a-new-trusted-bootstrap-firefox/trace.zip
    Usage:

        npx playwright show-trace ../test-results/rem21-014-qualification-RE-6dfaa-ith-a-new-trusted-bootstrap-firefox/trace.zip

    ────────────────────────────────────────────────────────────────────────────────────────────────


[1A[2K(node:1790800) Warning: The 'NO_COLOR' env is ignored due to the 'FORCE_COLOR' env being set.
(Use `node --trace-warnings ...` to show where the warning was created)


[1A[2K(node:1790800) Warning: The 'NO_COLOR' env is ignored due to the 'FORCE_COLOR' env being set.
(Use `node --trace-warnings ...` to show where the warning was created)


[1A[2K[9/15] [firefox] › tests/e2e/rem21-014-qualification.spec.ts:250:7 › REM21-014 trusted browser qualification › trusted role authorization keeps forbidden controls disabled
[1A[2K[WebServer] 3:16:35 AM [vite] Internal server error: Failed to resolve import "@cvg/shared" from "apps/web/src/api/client.ts". Does the file exist?
[WebServer]   Plugin: vite:import-analysis
[WebServer]   File: /tmp/cvg-aud0590-f07-20260929/checkout/apps/web/src/api/client.ts:1:54
[WebServer]   1  |  import { redactSensitiveText } from "@cvg/shared";
[WebServer]      |                                       ^
[WebServer]   2  |  export class ApiRequestError extends Error {
[WebServer]   3  |  	status;
[WebServer]       at TransformPluginContext._formatLog (file:///tmp/cvg-aud0590-f07-20260929/checkout/node_modules/vite/dist/node/chunks/node.js:31147:39)
[WebServer]       at TransformPluginContext.error (file:///tmp/cvg-aud0590-f07-20260929/checkout/node_modules/vite/dist/node/chunks/node.js:31144:14)
[WebServer]       at normalizeUrl (file:///tmp/cvg-aud0590-f07-20260929/checkout/node_modules/vite/dist/node/chunks/node.js:28083:18)
[WebServer]       at async file:///tmp/cvg-aud0590-f07-20260929/checkout/node_modules/vite/dist/node/chunks/node.js:28153:30
[WebServer]       at async Promise.all (index 0)
[WebServer]       at async TransformPluginContext.transform (file:///tmp/cvg-aud0590-f07-20260929/checkout/node_modules/vite/dist/node/chunks/node.js:28119:4)
[WebServer]       at async EnvironmentPluginContainer.transform (file:///tmp/cvg-aud0590-f07-20260929/checkout/node_modules/vite/dist/node/chunks/node.js:30932:14)
[WebServer]       at async loadAndTransform (file:///tmp/cvg-aud0590-f07-20260929/checkout/node_modules/vite/dist/node/chunks/node.js:20671:26)
[WebServer]       at async viteTransformMiddleware (file:///tmp/cvg-aud0590-f07-20260929/checkout/node_modules/vite/dist/node/chunks/node.js:25205:20)

[1A[2K[WebServer] 3:16:35 AM [vite] Internal server error: Failed to resolve import "@cvg/shared" from "apps/web/src/features/journeys/index.tsx". Does the file exist?
[WebServer]   Plugin: vite:import-analysis
[WebServer]   File: /tmp/cvg-aud0590-f07-20260929/checkout/apps/web/src/features/journeys/index.tsx:2:31
[WebServer]   1  |  import { useEffect, useRef, useState } from "react";
[WebServer]   2  |  import { createDomainId } from "@cvg/shared";
[WebServer]      |                                  ^
[WebServer]   3  |  import { apiClient } from "../../api/client.ts";
[WebServer]   4  |  var _jsxFileName = "/tmp/cvg-aud0590-f07-20260929/checkout/apps/web/src/features/journeys/index.tsx";
[WebServer]       at TransformPluginContext._formatLog (file:///tmp/cvg-aud0590-f07-20260929/checkout/node_modules/vite/dist/node/chunks/node.js:31147:39)
[WebServer]       at TransformPluginContext.error (file:///tmp/cvg-aud0590-f07-20260929/checkout/node_modules/vite/dist/node/chunks/node.js:31144:14)
[WebServer]       at normalizeUrl (file:///tmp/cvg-aud0590-f07-20260929/checkout/node_modules/vite/dist/node/chunks/node.js:28083:18)
[WebServer]       at async file:///tmp/cvg-aud0590-f07-20260929/checkout/node_modules/vite/dist/node/chunks/node.js:28153:30
[WebServer]       at async Promise.all (index 1)
[WebServer]       at async TransformPluginContext.transform (file:///tmp/cvg-aud0590-f07-20260929/checkout/node_modules/vite/dist/node/chunks/node.js:28119:4)
[WebServer]       at async EnvironmentPluginContainer.transform (file:///tmp/cvg-aud0590-f07-20260929/checkout/node_modules/vite/dist/node/chunks/node.js:30932:14)
[WebServer]       at async loadAndTransform (file:///tmp/cvg-aud0590-f07-20260929/checkout/node_modules/vite/dist/node/chunks/node.js:20671:26)
[WebServer]       at async viteTransformMiddleware (file:///tmp/cvg-aud0590-f07-20260929/checkout/node_modules/vite/dist/node/chunks/node.js:25205:20)

[1A[2K[WebServer] 3:16:35 AM [vite] (client) Pre-transform error: Failed to resolve import "@cvg/shared" from "apps/web/src/api/client.ts". Does the file exist?
[WebServer]   Plugin: vite:import-analysis
[WebServer]   File: /tmp/cvg-aud0590-f07-20260929/checkout/apps/web/src/api/client.ts:1:54
[WebServer]   1  |  import { redactSensitiveText } from "@cvg/shared";
[WebServer]      |                                       ^
[WebServer]   2  |  export class ApiRequestError extends Error {
[WebServer]   3  |  	status;

[1A[2K[WebServer] 3:16:35 AM [vite] Internal server error: Failed to resolve import "@cvg/shared" from "apps/web/src/features/platform/draft-helpers.ts". Does the file exist?
[WebServer]   Plugin: vite:import-analysis
[WebServer]   File: /tmp/cvg-aud0590-f07-20260929/checkout/apps/web/src/features/platform/draft-helpers.ts:9:36
[WebServer]   7  |  * platform characterization suite (unchanged behavior).
[WebServer]   8  |  */
[WebServer]   9  |  import { redactSensitiveText } from "@cvg/shared";
[WebServer]      |                                       ^
[WebServer]   10 |  import { parsePromptProfile, serializePromptBlocks, serializeResponseTemplates } from "./prompt-profile.ts";
[WebServer]   11 |  export const initialForm = {
[WebServer]       at TransformPluginContext._formatLog (file:///tmp/cvg-aud0590-f07-20260929/checkout/node_modules/vite/dist/node/chunks/node.js:31147:39)
[WebServer]       at TransformPluginContext.error (file:///tmp/cvg-aud0590-f07-20260929/checkout/node_modules/vite/dist/node/chunks/node.js:31144:14)
[WebServer]       at normalizeUrl (file:///tmp/cvg-aud0590-f07-20260929/checkout/node_modules/vite/dist/node/chunks/node.js:28083:18)
[WebServer]       at async file:///tmp/cvg-aud0590-f07-20260929/checkout/node_modules/vite/dist/node/chunks/node.js:28153:30
[WebServer]       at async Promise.all (index 0)
[WebServer]       at async TransformPluginContext.transform (file:///tmp/cvg-aud0590-f07-20260929/checkout/node_modules/vite/dist/node/chunks/node.js:28119:4)
[WebServer]       at async EnvironmentPluginContainer.transform (file:///tmp/cvg-aud0590-f07-20260929/checkout/node_modules/vite/dist/node/chunks/node.js:30932:14)
[WebServer]       at async loadAndTransform (file:///tmp/cvg-aud0590-f07-20260929/checkout/node_modules/vite/dist/node/chunks/node.js:20671:26)
[WebServer]       at async viteTransformMiddleware (file:///tmp/cvg-aud0590-f07-20260929/checkout/node_modules/vite/dist/node/chunks/node.js:25205:20)

[1A[2K  9) [firefox] › tests/e2e/rem21-014-qualification.spec.ts:250:7 › REM21-014 trusted browser qualification › trusted role authorization keeps forbidden controls disabled 

    Error: [2mexpect([22m[31mlocator[39m[2m).[22mtoBeVisible[2m([22m[2m)[22m failed

    Locator: getByRole('heading', { name: 'CVG Agent Secretary' })
    Expected: visible
    Timeout: 5000ms
    Error: element(s) not found

    Call log:
    [2m  - Expect "toBeVisible" with timeout 5000ms[22m
    [2m  - waiting for getByRole('heading', { name: 'CVG Agent Secretary' })[22m


      75 |   await expect(
      76 |     page.getByRole('heading', { name: 'CVG Agent Secretary' })
    > 77 |   ).toBeVisible()
         |     ^
      78 |   await expect(
      79 |     page.getByText('Sessão confiável', { exact: true })
      80 |   ).toBeVisible()
        at openTrustedConsole (/tmp/cvg-aud0590-f07-20260929/checkout/tests/e2e/rem21-014-qualification.spec.ts:77:5)
        at /tmp/cvg-aud0590-f07-20260929/checkout/tests/e2e/rem21-014-qualification.spec.ts:303:7

    attachment #1: screenshot (image/png) ──────────────────────────────────────────────────────────
    ../test-results/rem21-014-qualification-RE-6867e-forbidden-controls-disabled-firefox/test-failed-1.png
    ────────────────────────────────────────────────────────────────────────────────────────────────

    Error Context: ../test-results/rem21-014-qualification-RE-6867e-forbidden-controls-disabled-firefox/error-context.md

    attachment #3: trace (application/zip) ─────────────────────────────────────────────────────────
    ../test-results/rem21-014-qualification-RE-6867e-forbidden-controls-disabled-firefox/trace.zip
    Usage:

        npx playwright show-trace ../test-results/rem21-014-qualification-RE-6867e-forbidden-controls-disabled-firefox/trace.zip

    ────────────────────────────────────────────────────────────────────────────────────────────────


[1A[2K(node:1791713) Warning: The 'NO_COLOR' env is ignored due to the 'FORCE_COLOR' env being set.
(Use `node --trace-warnings ...` to show where the warning was created)


[1A[2K(node:1791713) Warning: The 'NO_COLOR' env is ignored due to the 'FORCE_COLOR' env being set.
(Use `node --trace-warnings ...` to show where the warning was created)


[1A[2K[10/15] [firefox] › tests/e2e/rem21-014-qualification.spec.ts:331:7 › REM21-014 trusted browser qualification › tenant rotation clears the previous tenant fixture and keeps requests trusted
[1A[2K[WebServer] 3:16:43 AM [vite] Internal server error: Failed to resolve import "@cvg/shared" from "apps/web/src/api/client.ts". Does the file exist?
[WebServer]   Plugin: vite:import-analysis
[WebServer]   File: /tmp/cvg-aud0590-f07-20260929/checkout/apps/web/src/api/client.ts:1:54
[WebServer]   1  |  import { redactSensitiveText } from "@cvg/shared";
[WebServer]      |                                       ^
[WebServer]   2  |  export class ApiRequestError extends Error {
[WebServer]   3  |  	status;
[WebServer]       at TransformPluginContext._formatLog (file:///tmp/cvg-aud0590-f07-20260929/checkout/node_modules/vite/dist/node/chunks/node.js:31147:39)
[WebServer]       at TransformPluginContext.error (file:///tmp/cvg-aud0590-f07-20260929/checkout/node_modules/vite/dist/node/chunks/node.js:31144:14)
[WebServer]       at normalizeUrl (file:///tmp/cvg-aud0590-f07-20260929/checkout/node_modules/vite/dist/node/chunks/node.js:28083:18)
[WebServer]       at async file:///tmp/cvg-aud0590-f07-20260929/checkout/node_modules/vite/dist/node/chunks/node.js:28153:30
[WebServer]       at async Promise.all (index 0)
[WebServer]       at async TransformPluginContext.transform (file:///tmp/cvg-aud0590-f07-20260929/checkout/node_modules/vite/dist/node/chunks/node.js:28119:4)
[WebServer]       at async EnvironmentPluginContainer.transform (file:///tmp/cvg-aud0590-f07-20260929/checkout/node_modules/vite/dist/node/chunks/node.js:30932:14)
[WebServer]       at async loadAndTransform (file:///tmp/cvg-aud0590-f07-20260929/checkout/node_modules/vite/dist/node/chunks/node.js:20671:26)
[WebServer]       at async viteTransformMiddleware (file:///tmp/cvg-aud0590-f07-20260929/checkout/node_modules/vite/dist/node/chunks/node.js:25205:20)

[1A[2K[WebServer] 3:16:43 AM [vite] Internal server error: Failed to resolve import "@cvg/shared" from "apps/web/src/features/journeys/index.tsx". Does the file exist?
[WebServer]   Plugin: vite:import-analysis
[WebServer]   File: /tmp/cvg-aud0590-f07-20260929/checkout/apps/web/src/features/journeys/index.tsx:2:31
[WebServer]   1  |  import { useEffect, useRef, useState } from "react";
[WebServer]   2  |  import { createDomainId } from "@cvg/shared";
[WebServer]      |                                  ^
[WebServer]   3  |  import { apiClient } from "../../api/client.ts";
[WebServer]   4  |  var _jsxFileName = "/tmp/cvg-aud0590-f07-20260929/checkout/apps/web/src/features/journeys/index.tsx";
[WebServer]       at TransformPluginContext._formatLog (file:///tmp/cvg-aud0590-f07-20260929/checkout/node_modules/vite/dist/node/chunks/node.js:31147:39)
[WebServer]       at TransformPluginContext.error (file:///tmp/cvg-aud0590-f07-20260929/checkout/node_modules/vite/dist/node/chunks/node.js:31144:14)
[WebServer]       at normalizeUrl (file:///tmp/cvg-aud0590-f07-20260929/checkout/node_modules/vite/dist/node/chunks/node.js:28083:18)
[WebServer]       at async file:///tmp/cvg-aud0590-f07-20260929/checkout/node_modules/vite/dist/node/chunks/node.js:28153:30
[WebServer]       at async Promise.all (index 1)
[WebServer]       at async TransformPluginContext.transform (file:///tmp/cvg-aud0590-f07-20260929/checkout/node_modules/vite/dist/node/chunks/node.js:28119:4)
[WebServer]       at async EnvironmentPluginContainer.transform (file:///tmp/cvg-aud0590-f07-20260929/checkout/node_modules/vite/dist/node/chunks/node.js:30932:14)
[WebServer]       at async loadAndTransform (file:///tmp/cvg-aud0590-f07-20260929/checkout/node_modules/vite/dist/node/chunks/node.js:20671:26)
[WebServer]       at async viteTransformMiddleware (file:///tmp/cvg-aud0590-f07-20260929/checkout/node_modules/vite/dist/node/chunks/node.js:25205:20)

[1A[2K[WebServer] 3:16:43 AM [vite] (client) Pre-transform error: Failed to resolve import "@cvg/shared" from "apps/web/src/api/client.ts". Does the file exist?
[WebServer]   Plugin: vite:import-analysis
[WebServer]   File: /tmp/cvg-aud0590-f07-20260929/checkout/apps/web/src/api/client.ts:1:54
[WebServer]   1  |  import { redactSensitiveText } from "@cvg/shared";
[WebServer]      |                                       ^
[WebServer]   2  |  export class ApiRequestError extends Error {
[WebServer]   3  |  	status;

[1A[2K[WebServer] 3:16:43 AM [vite] Internal server error: Failed to resolve import "@cvg/shared" from "apps/web/src/features/platform/draft-helpers.ts". Does the file exist?
[WebServer]   Plugin: vite:import-analysis
[WebServer]   File: /tmp/cvg-aud0590-f07-20260929/checkout/apps/web/src/features/platform/draft-helpers.ts:9:36
[WebServer]   7  |  * platform characterization suite (unchanged behavior).
[WebServer]   8  |  */
[WebServer]   9  |  import { redactSensitiveText } from "@cvg/shared";
[WebServer]      |                                       ^
[WebServer]   10 |  import { parsePromptProfile, serializePromptBlocks, serializeResponseTemplates } from "./prompt-profile.ts";
[WebServer]   11 |  export const initialForm = {
[WebServer]       at TransformPluginContext._formatLog (file:///tmp/cvg-aud0590-f07-20260929/checkout/node_modules/vite/dist/node/chunks/node.js:31147:39)
[WebServer]       at TransformPluginContext.error (file:///tmp/cvg-aud0590-f07-20260929/checkout/node_modules/vite/dist/node/chunks/node.js:31144:14)
[WebServer]       at normalizeUrl (file:///tmp/cvg-aud0590-f07-20260929/checkout/node_modules/vite/dist/node/chunks/node.js:28083:18)
[WebServer]       at async file:///tmp/cvg-aud0590-f07-20260929/checkout/node_modules/vite/dist/node/chunks/node.js:28153:30
[WebServer]       at async Promise.all (index 0)
[WebServer]       at async TransformPluginContext.transform (file:///tmp/cvg-aud0590-f07-20260929/checkout/node_modules/vite/dist/node/chunks/node.js:28119:4)
[WebServer]       at async EnvironmentPluginContainer.transform (file:///tmp/cvg-aud0590-f07-20260929/checkout/node_modules/vite/dist/node/chunks/node.js:30932:14)
[WebServer]       at async loadAndTransform (file:///tmp/cvg-aud0590-f07-20260929/checkout/node_modules/vite/dist/node/chunks/node.js:20671:26)
[WebServer]       at async viteTransformMiddleware (file:///tmp/cvg-aud0590-f07-20260929/checkout/node_modules/vite/dist/node/chunks/node.js:25205:20)

[1A[2K  10) [firefox] › tests/e2e/rem21-014-qualification.spec.ts:331:7 › REM21-014 trusted browser qualification › tenant rotation clears the previous tenant fixture and keeps requests trusted 

    Error: [2mexpect([22m[31mlocator[39m[2m).[22mtoBeVisible[2m([22m[2m)[22m failed

    Locator: getByRole('heading', { name: 'CVG Agent Secretary' })
    Expected: visible
    Timeout: 5000ms
    Error: element(s) not found

    Call log:
    [2m  - Expect "toBeVisible" with timeout 5000ms[22m
    [2m  - waiting for getByRole('heading', { name: 'CVG Agent Secretary' })[22m


      75 |   await expect(
      76 |     page.getByRole('heading', { name: 'CVG Agent Secretary' })
    > 77 |   ).toBeVisible()
         |     ^
      78 |   await expect(
      79 |     page.getByText('Sessão confiável', { exact: true })
      80 |   ).toBeVisible()
        at openTrustedConsole (/tmp/cvg-aud0590-f07-20260929/checkout/tests/e2e/rem21-014-qualification.spec.ts:77:5)
        at /tmp/cvg-aud0590-f07-20260929/checkout/tests/e2e/rem21-014-qualification.spec.ts:371:5

    attachment #1: screenshot (image/png) ──────────────────────────────────────────────────────────
    ../test-results/rem21-014-qualification-RE-9179a--and-keeps-requests-trusted-firefox/test-failed-1.png
    ────────────────────────────────────────────────────────────────────────────────────────────────

    attachment #2: video (video/webm) ──────────────────────────────────────────────────────────────
    ../test-results/rem21-014-qualification-RE-9179a--and-keeps-requests-trusted-firefox/video.webm
    ────────────────────────────────────────────────────────────────────────────────────────────────

    Error Context: ../test-results/rem21-014-qualification-RE-9179a--and-keeps-requests-trusted-firefox/error-context.md

    attachment #4: trace (application/zip) ─────────────────────────────────────────────────────────
    ../test-results/rem21-014-qualification-RE-9179a--and-keeps-requests-trusted-firefox/trace.zip
    Usage:

        npx playwright show-trace ../test-results/rem21-014-qualification-RE-9179a--and-keeps-requests-trusted-firefox/trace.zip

    ────────────────────────────────────────────────────────────────────────────────────────────────


[1A[2K(node:1792604) Warning: The 'NO_COLOR' env is ignored due to the 'FORCE_COLOR' env being set.
(Use `node --trace-warnings ...` to show where the warning was created)


[1A[2K(node:1792604) Warning: The 'NO_COLOR' env is ignored due to the 'FORCE_COLOR' env being set.
(Use `node --trace-warnings ...` to show where the warning was created)


[1A[2K[11/15] [webkit] › tests/e2e/rem21-014-qualification.spec.ts:151:7 › REM21-014 trusted browser qualification › trusted login has no editable authority and passes axe WCAG A/AA
[1A[2K[WebServer] 3:16:51 AM [vite] Internal server error: Failed to resolve import "@cvg/shared" from "apps/web/src/api/client.ts". Does the file exist?
[WebServer]   Plugin: vite:import-analysis
[WebServer]   File: /tmp/cvg-aud0590-f07-20260929/checkout/apps/web/src/api/client.ts:1:54
[WebServer]   1  |  import { redactSensitiveText } from "@cvg/shared";
[WebServer]      |                                       ^
[WebServer]   2  |  export class ApiRequestError extends Error {
[WebServer]   3  |  	status;
[WebServer]       at TransformPluginContext._formatLog (file:///tmp/cvg-aud0590-f07-20260929/checkout/node_modules/vite/dist/node/chunks/node.js:31147:39)
[WebServer]       at TransformPluginContext.error (file:///tmp/cvg-aud0590-f07-20260929/checkout/node_modules/vite/dist/node/chunks/node.js:31144:14)
[WebServer]       at normalizeUrl (file:///tmp/cvg-aud0590-f07-20260929/checkout/node_modules/vite/dist/node/chunks/node.js:28083:18)
[WebServer]       at async file:///tmp/cvg-aud0590-f07-20260929/checkout/node_modules/vite/dist/node/chunks/node.js:28153:30
[WebServer]       at async Promise.all (index 0)
[WebServer]       at async TransformPluginContext.transform (file:///tmp/cvg-aud0590-f07-20260929/checkout/node_modules/vite/dist/node/chunks/node.js:28119:4)
[WebServer]       at async EnvironmentPluginContainer.transform (file:///tmp/cvg-aud0590-f07-20260929/checkout/node_modules/vite/dist/node/chunks/node.js:30932:14)
[WebServer]       at async loadAndTransform (file:///tmp/cvg-aud0590-f07-20260929/checkout/node_modules/vite/dist/node/chunks/node.js:20671:26)
[WebServer]       at async viteTransformMiddleware (file:///tmp/cvg-aud0590-f07-20260929/checkout/node_modules/vite/dist/node/chunks/node.js:25205:20)

[1A[2K[WebServer] 3:16:51 AM [vite] Internal server error: Failed to resolve import "@cvg/shared" from "apps/web/src/features/journeys/index.tsx". Does the file exist?
[WebServer]   Plugin: vite:import-analysis
[WebServer]   File: /tmp/cvg-aud0590-f07-20260929/checkout/apps/web/src/features/journeys/index.tsx:2:31
[WebServer]   1  |  import { useEffect, useRef, useState } from "react";
[WebServer]   2  |  import { createDomainId } from "@cvg/shared";
[WebServer]      |                                  ^
[WebServer]   3  |  import { apiClient } from "../../api/client.ts";
[WebServer]   4  |  var _jsxFileName = "/tmp/cvg-aud0590-f07-20260929/checkout/apps/web/src/features/journeys/index.tsx";
[WebServer]       at TransformPluginContext._formatLog (file:///tmp/cvg-aud0590-f07-20260929/checkout/node_modules/vite/dist/node/chunks/node.js:31147:39)
[WebServer]       at TransformPluginContext.error (file:///tmp/cvg-aud0590-f07-20260929/checkout/node_modules/vite/dist/node/chunks/node.js:31144:14)
[WebServer]       at normalizeUrl (file:///tmp/cvg-aud0590-f07-20260929/checkout/node_modules/vite/dist/node/chunks/node.js:28083:18)
[WebServer]       at async file:///tmp/cvg-aud0590-f07-20260929/checkout/node_modules/vite/dist/node/chunks/node.js:28153:30
[WebServer]       at async Promise.all (index 1)
[WebServer]       at async TransformPluginContext.transform (file:///tmp/cvg-aud0590-f07-20260929/checkout/node_modules/vite/dist/node/chunks/node.js:28119:4)
[WebServer]       at async EnvironmentPluginContainer.transform (file:///tmp/cvg-aud0590-f07-20260929/checkout/node_modules/vite/dist/node/chunks/node.js:30932:14)
[WebServer]       at async loadAndTransform (file:///tmp/cvg-aud0590-f07-20260929/checkout/node_modules/vite/dist/node/chunks/node.js:20671:26)
[WebServer]       at async viteTransformMiddleware (file:///tmp/cvg-aud0590-f07-20260929/checkout/node_modules/vite/dist/node/chunks/node.js:25205:20)

[1A[2K[WebServer] 3:16:51 AM [vite] (client) Pre-transform error: Failed to resolve import "@cvg/shared" from "apps/web/src/api/client.ts". Does the file exist?
[WebServer]   Plugin: vite:import-analysis
[WebServer]   File: /tmp/cvg-aud0590-f07-20260929/checkout/apps/web/src/api/client.ts:1:54
[WebServer]   1  |  import { redactSensitiveText } from "@cvg/shared";
[WebServer]      |                                       ^
[WebServer]   2  |  export class ApiRequestError extends Error {
[WebServer]   3  |  	status;

[1A[2K[WebServer] 3:16:51 AM [vite] Internal server error: Failed to resolve import "@cvg/shared" from "apps/web/src/features/platform/draft-helpers.ts". Does the file exist?
[WebServer]   Plugin: vite:import-analysis
[WebServer]   File: /tmp/cvg-aud0590-f07-20260929/checkout/apps/web/src/features/platform/draft-helpers.ts:9:36
[WebServer]   7  |  * platform characterization suite (unchanged behavior).
[WebServer]   8  |  */
[WebServer]   9  |  import { redactSensitiveText } from "@cvg/shared";
[WebServer]      |                                       ^
[WebServer]   10 |  import { parsePromptProfile, serializePromptBlocks, serializeResponseTemplates } from "./prompt-profile.ts";
[WebServer]   11 |  export const initialForm = {
[WebServer]       at TransformPluginContext._formatLog (file:///tmp/cvg-aud0590-f07-20260929/checkout/node_modules/vite/dist/node/chunks/node.js:31147:39)
[WebServer]       at TransformPluginContext.error (file:///tmp/cvg-aud0590-f07-20260929/checkout/node_modules/vite/dist/node/chunks/node.js:31144:14)
[WebServer]       at normalizeUrl (file:///tmp/cvg-aud0590-f07-20260929/checkout/node_modules/vite/dist/node/chunks/node.js:28083:18)
[WebServer]       at async file:///tmp/cvg-aud0590-f07-20260929/checkout/node_modules/vite/dist/node/chunks/node.js:28153:30
[WebServer]       at async Promise.all (index 0)
[WebServer]       at async TransformPluginContext.transform (file:///tmp/cvg-aud0590-f07-20260929/checkout/node_modules/vite/dist/node/chunks/node.js:28119:4)
[WebServer]       at async EnvironmentPluginContainer.transform (file:///tmp/cvg-aud0590-f07-20260929/checkout/node_modules/vite/dist/node/chunks/node.js:30932:14)
[WebServer]       at async loadAndTransform (file:///tmp/cvg-aud0590-f07-20260929/checkout/node_modules/vite/dist/node/chunks/node.js:20671:26)
[WebServer]       at async viteTransformMiddleware (file:///tmp/cvg-aud0590-f07-20260929/checkout/node_modules/vite/dist/node/chunks/node.js:25205:20)

[1A[2K  11) [webkit] › tests/e2e/rem21-014-qualification.spec.ts:151:7 › REM21-014 trusted browser qualification › trusted login has no editable authority and passes axe WCAG A/AA 

    Error: [2mexpect([22m[31mlocator[39m[2m).[22mtoBeVisible[2m([22m[2m)[22m failed

    Locator: getByRole('heading', { name: 'CVG Agent Secretary' })
    Expected: visible
    Timeout: 5000ms
    Error: element(s) not found

    Call log:
    [2m  - Expect "toBeVisible" with timeout 5000ms[22m
    [2m  - waiting for getByRole('heading', { name: 'CVG Agent Secretary' })[22m


      75 |   await expect(
      76 |     page.getByRole('heading', { name: 'CVG Agent Secretary' })
    > 77 |   ).toBeVisible()
         |     ^
      78 |   await expect(
      79 |     page.getByText('Sessão confiável', { exact: true })
      80 |   ).toBeVisible()
        at openTrustedConsole (/tmp/cvg-aud0590-f07-20260929/checkout/tests/e2e/rem21-014-qualification.spec.ts:77:5)
        at /tmp/cvg-aud0590-f07-20260929/checkout/tests/e2e/rem21-014-qualification.spec.ts:155:5

    attachment #1: screenshot (image/png) ──────────────────────────────────────────────────────────
    ../test-results/rem21-014-qualification-RE-b396b-ty-and-passes-axe-WCAG-A-AA-webkit/test-failed-1.png
    ────────────────────────────────────────────────────────────────────────────────────────────────

    attachment #2: video (video/webm) ──────────────────────────────────────────────────────────────
    ../test-results/rem21-014-qualification-RE-b396b-ty-and-passes-axe-WCAG-A-AA-webkit/video.webm
    ────────────────────────────────────────────────────────────────────────────────────────────────

    Error Context: ../test-results/rem21-014-qualification-RE-b396b-ty-and-passes-axe-WCAG-A-AA-webkit/error-context.md

    attachment #4: trace (application/zip) ─────────────────────────────────────────────────────────
    ../test-results/rem21-014-qualification-RE-b396b-ty-and-passes-axe-WCAG-A-AA-webkit/trace.zip
    Usage:

        npx playwright show-trace ../test-results/rem21-014-qualification-RE-b396b-ty-and-passes-axe-WCAG-A-AA-webkit/trace.zip

    ────────────────────────────────────────────────────────────────────────────────────────────────


[1A[2K(node:1793462) Warning: The 'NO_COLOR' env is ignored due to the 'FORCE_COLOR' env being set.
(Use `node --trace-warnings ...` to show where the warning was created)


[1A[2K(node:1793462) Warning: The 'NO_COLOR' env is ignored due to the 'FORCE_COLOR' env being set.
(Use `node --trace-warnings ...` to show where the warning was created)


[1A[2K[12/15] [webkit] › tests/e2e/rem21-014-qualification.spec.ts:163:7 › REM21-014 trusted browser qualification › keyboard, focus, contrast, reduced motion and responsive shell remain operable
[1A[2K[WebServer] 3:16:59 AM [vite] Internal server error: Failed to resolve import "@cvg/shared" from "apps/web/src/api/client.ts". Does the file exist?
[WebServer]   Plugin: vite:import-analysis
[WebServer]   File: /tmp/cvg-aud0590-f07-20260929/checkout/apps/web/src/api/client.ts:1:54
[WebServer]   1  |  import { redactSensitiveText } from "@cvg/shared";
[WebServer]      |                                       ^
[WebServer]   2  |  export class ApiRequestError extends Error {
[WebServer]   3  |  	status;
[WebServer]       at TransformPluginContext._formatLog (file:///tmp/cvg-aud0590-f07-20260929/checkout/node_modules/vite/dist/node/chunks/node.js:31147:39)
[WebServer]       at TransformPluginContext.error (file:///tmp/cvg-aud0590-f07-20260929/checkout/node_modules/vite/dist/node/chunks/node.js:31144:14)
[WebServer]       at normalizeUrl (file:///tmp/cvg-aud0590-f07-20260929/checkout/node_modules/vite/dist/node/chunks/node.js:28083:18)
[WebServer]       at async file:///tmp/cvg-aud0590-f07-20260929/checkout/node_modules/vite/dist/node/chunks/node.js:28153:30
[WebServer]       at async Promise.all (index 0)
[WebServer]       at async TransformPluginContext.transform (file:///tmp/cvg-aud0590-f07-20260929/checkout/node_modules/vite/dist/node/chunks/node.js:28119:4)
[WebServer]       at async EnvironmentPluginContainer.transform (file:///tmp/cvg-aud0590-f07-20260929/checkout/node_modules/vite/dist/node/chunks/node.js:30932:14)
[WebServer]       at async loadAndTransform (file:///tmp/cvg-aud0590-f07-20260929/checkout/node_modules/vite/dist/node/chunks/node.js:20671:26)
[WebServer]       at async viteTransformMiddleware (file:///tmp/cvg-aud0590-f07-20260929/checkout/node_modules/vite/dist/node/chunks/node.js:25205:20)

[1A[2K[WebServer] 3:16:59 AM [vite] Internal server error: Failed to resolve import "@cvg/shared" from "apps/web/src/features/journeys/index.tsx". Does the file exist?
[WebServer]   Plugin: vite:import-analysis
[WebServer]   File: /tmp/cvg-aud0590-f07-20260929/checkout/apps/web/src/features/journeys/index.tsx:2:31
[WebServer]   1  |  import { useEffect, useRef, useState } from "react";
[WebServer]   2  |  import { createDomainId } from "@cvg/shared";
[WebServer]      |                                  ^
[WebServer]   3  |  import { apiClient } from "../../api/client.ts";
[WebServer]   4  |  var _jsxFileName = "/tmp/cvg-aud0590-f07-20260929/checkout/apps/web/src/features/journeys/index.tsx";
[WebServer]       at TransformPluginContext._formatLog (file:///tmp/cvg-aud0590-f07-20260929/checkout/node_modules/vite/dist/node/chunks/node.js:31147:39)
[WebServer]       at TransformPluginContext.error (file:///tmp/cvg-aud0590-f07-20260929/checkout/node_modules/vite/dist/node/chunks/node.js:31144:14)
[WebServer]       at normalizeUrl (file:///tmp/cvg-aud0590-f07-20260929/checkout/node_modules/vite/dist/node/chunks/node.js:28083:18)
[WebServer]       at async file:///tmp/cvg-aud0590-f07-20260929/checkout/node_modules/vite/dist/node/chunks/node.js:28153:30
[WebServer]       at async Promise.all (index 1)
[WebServer]       at async TransformPluginContext.transform (file:///tmp/cvg-aud0590-f07-20260929/checkout/node_modules/vite/dist/node/chunks/node.js:28119:4)
[WebServer]       at async EnvironmentPluginContainer.transform (file:///tmp/cvg-aud0590-f07-20260929/checkout/node_modules/vite/dist/node/chunks/node.js:30932:14)
[WebServer]       at async loadAndTransform (file:///tmp/cvg-aud0590-f07-20260929/checkout/node_modules/vite/dist/node/chunks/node.js:20671:26)
[WebServer]       at async viteTransformMiddleware (file:///tmp/cvg-aud0590-f07-20260929/checkout/node_modules/vite/dist/node/chunks/node.js:25205:20)

[1A[2K[WebServer] 3:16:59 AM [vite] Internal server error: Failed to resolve import "@cvg/shared" from "apps/web/src/features/platform/draft-helpers.ts". Does the file exist?
[WebServer]   Plugin: vite:import-analysis
[WebServer]   File: /tmp/cvg-aud0590-f07-20260929/checkout/apps/web/src/features/platform/draft-helpers.ts:9:36
[WebServer]   7  |  * platform characterization suite (unchanged behavior).
[WebServer]   8  |  */
[WebServer]   9  |  import { redactSensitiveText } from "@cvg/shared";
[WebServer]      |                                       ^
[WebServer]   10 |  import { parsePromptProfile, serializePromptBlocks, serializeResponseTemplates } from "./prompt-profile.ts";
[WebServer]   11 |  export const initialForm = {
[WebServer]       at TransformPluginContext._formatLog (file:///tmp/cvg-aud0590-f07-20260929/checkout/node_modules/vite/dist/node/chunks/node.js:31147:39)
[WebServer]       at TransformPluginContext.error (file:///tmp/cvg-aud0590-f07-20260929/checkout/node_modules/vite/dist/node/chunks/node.js:31144:14)
[WebServer]       at normalizeUrl (file:///tmp/cvg-aud0590-f07-20260929/checkout/node_modules/vite/dist/node/chunks/node.js:28083:18)
[WebServer]       at async file:///tmp/cvg-aud0590-f07-20260929/checkout/node_modules/vite/dist/node/chunks/node.js:28153:30
[WebServer]       at async Promise.all (index 0)
[WebServer]       at async TransformPluginContext.transform (file:///tmp/cvg-aud0590-f07-20260929/checkout/node_modules/vite/dist/node/chunks/node.js:28119:4)
[WebServer]       at async EnvironmentPluginContainer.transform (file:///tmp/cvg-aud0590-f07-20260929/checkout/node_modules/vite/dist/node/chunks/node.js:30932:14)
[WebServer]       at async loadAndTransform (file:///tmp/cvg-aud0590-f07-20260929/checkout/node_modules/vite/dist/node/chunks/node.js:20671:26)
[WebServer]       at async viteTransformMiddleware (file:///tmp/cvg-aud0590-f07-20260929/checkout/node_modules/vite/dist/node/chunks/node.js:25205:20)

[1A[2K[WebServer] 3:16:59 AM [vite] (client) Pre-transform error: Failed to resolve import "@cvg/shared" from "apps/web/src/api/client.ts". Does the file exist?
[WebServer]   Plugin: vite:import-analysis
[WebServer]   File: /tmp/cvg-aud0590-f07-20260929/checkout/apps/web/src/api/client.ts:1:54
[WebServer]   1  |  import { redactSensitiveText } from "@cvg/shared";
[WebServer]      |                                       ^
[WebServer]   2  |  export class ApiRequestError extends Error {
[WebServer]   3  |  	status;

[1A[2K  12) [webkit] › tests/e2e/rem21-014-qualification.spec.ts:163:7 › REM21-014 trusted browser qualification › keyboard, focus, contrast, reduced motion and responsive shell remain operable 

    Error: [2mexpect([22m[31mlocator[39m[2m).[22mtoBeVisible[2m([22m[2m)[22m failed

    Locator: getByRole('heading', { name: 'CVG Agent Secretary' })
    Expected: visible
    Timeout: 5000ms
    Error: element(s) not found

    Call log:
    [2m  - Expect "toBeVisible" with timeout 5000ms[22m
    [2m  - waiting for getByRole('heading', { name: 'CVG Agent Secretary' })[22m


      75 |   await expect(
      76 |     page.getByRole('heading', { name: 'CVG Agent Secretary' })
    > 77 |   ).toBeVisible()
         |     ^
      78 |   await expect(
      79 |     page.getByText('Sessão confiável', { exact: true })
      80 |   ).toBeVisible()
        at openTrustedConsole (/tmp/cvg-aud0590-f07-20260929/checkout/tests/e2e/rem21-014-qualification.spec.ts:77:5)
        at /tmp/cvg-aud0590-f07-20260929/checkout/tests/e2e/rem21-014-qualification.spec.ts:167:5

    attachment #1: screenshot (image/png) ──────────────────────────────────────────────────────────
    ../test-results/rem21-014-qualification-RE-28a41-nsive-shell-remain-operable-webkit/test-failed-1.png
    ────────────────────────────────────────────────────────────────────────────────────────────────

    attachment #2: video (video/webm) ──────────────────────────────────────────────────────────────
    ../test-results/rem21-014-qualification-RE-28a41-nsive-shell-remain-operable-webkit/video.webm
    ────────────────────────────────────────────────────────────────────────────────────────────────

    Error Context: ../test-results/rem21-014-qualification-RE-28a41-nsive-shell-remain-operable-webkit/error-context.md

    attachment #4: trace (application/zip) ─────────────────────────────────────────────────────────
    ../test-results/rem21-014-qualification-RE-28a41-nsive-shell-remain-operable-webkit/trace.zip
    Usage:

        npx playwright show-trace ../test-results/rem21-014-qualification-RE-28a41-nsive-shell-remain-operable-webkit/trace.zip

    ────────────────────────────────────────────────────────────────────────────────────────────────


[1A[2K(node:1794353) Warning: The 'NO_COLOR' env is ignored due to the 'FORCE_COLOR' env being set.
(Use `node --trace-warnings ...` to show where the warning was created)


[1A[2K(node:1794353) Warning: The 'NO_COLOR' env is ignored due to the 'FORCE_COLOR' env being set.
(Use `node --trace-warnings ...` to show where the warning was created)


[1A[2K[13/15] [webkit] › tests/e2e/rem21-014-qualification.spec.ts:217:7 › REM21-014 trusted browser qualification › expiry restores focus and recovers with a new trusted bootstrap
[1A[2K[WebServer] 3:17:06 AM [vite] (client) Pre-transform error: Failed to resolve import "@cvg/shared" from "apps/web/src/api/client.ts". Does the file exist?
[WebServer]   Plugin: vite:import-analysis
[WebServer]   File: /tmp/cvg-aud0590-f07-20260929/checkout/apps/web/src/api/client.ts:1:54
[WebServer]   1  |  import { redactSensitiveText } from "@cvg/shared";
[WebServer]      |                                       ^
[WebServer]   2  |  export class ApiRequestError extends Error {
[WebServer]   3  |  	status;

[1A[2K[WebServer] 3:17:06 AM [vite] Internal server error: Failed to resolve import "@cvg/shared" from "apps/web/src/api/client.ts". Does the file exist?
[WebServer]   Plugin: vite:import-analysis
[WebServer]   File: /tmp/cvg-aud0590-f07-20260929/checkout/apps/web/src/api/client.ts:1:54
[WebServer]   1  |  import { redactSensitiveText } from "@cvg/shared";
[WebServer]      |                                       ^
[WebServer]   2  |  export class ApiRequestError extends Error {
[WebServer]   3  |  	status;
[WebServer]       at TransformPluginContext._formatLog (file:///tmp/cvg-aud0590-f07-20260929/checkout/node_modules/vite/dist/node/chunks/node.js:31147:39)
[WebServer]       at TransformPluginContext.error (file:///tmp/cvg-aud0590-f07-20260929/checkout/node_modules/vite/dist/node/chunks/node.js:31144:14)
[WebServer]       at normalizeUrl (file:///tmp/cvg-aud0590-f07-20260929/checkout/node_modules/vite/dist/node/chunks/node.js:28083:18)
[WebServer]       at async file:///tmp/cvg-aud0590-f07-20260929/checkout/node_modules/vite/dist/node/chunks/node.js:28153:30
[WebServer]       at async Promise.all (index 0)
[WebServer]       at async TransformPluginContext.transform (file:///tmp/cvg-aud0590-f07-20260929/checkout/node_modules/vite/dist/node/chunks/node.js:28119:4)
[WebServer]       at async EnvironmentPluginContainer.transform (file:///tmp/cvg-aud0590-f07-20260929/checkout/node_modules/vite/dist/node/chunks/node.js:30932:14)
[WebServer]       at async loadAndTransform (file:///tmp/cvg-aud0590-f07-20260929/checkout/node_modules/vite/dist/node/chunks/node.js:20671:26)

[1A[2K[WebServer] 3:17:06 AM [vite] Internal server error: Failed to resolve import "@cvg/shared" from "apps/web/src/features/journeys/index.tsx". Does the file exist?
[WebServer]   Plugin: vite:import-analysis
[WebServer]   File: /tmp/cvg-aud0590-f07-20260929/checkout/apps/web/src/features/journeys/index.tsx:2:31
[WebServer]   1  |  import { useEffect, useRef, useState } from "react";
[WebServer]   2  |  import { createDomainId } from "@cvg/shared";
[WebServer]      |                                  ^
[WebServer]   3  |  import { apiClient } from "../../api/client.ts";
[WebServer]   4  |  var _jsxFileName = "/tmp/cvg-aud0590-f07-20260929/checkout/apps/web/src/features/journeys/index.tsx";
[WebServer]       at TransformPluginContext._formatLog (file:///tmp/cvg-aud0590-f07-20260929/checkout/node_modules/vite/dist/node/chunks/node.js:31147:39)
[WebServer]       at TransformPluginContext.error (file:///tmp/cvg-aud0590-f07-20260929/checkout/node_modules/vite/dist/node/chunks/node.js:31144:14)
[WebServer]       at normalizeUrl (file:///tmp/cvg-aud0590-f07-20260929/checkout/node_modules/vite/dist/node/chunks/node.js:28083:18)
[WebServer]       at async file:///tmp/cvg-aud0590-f07-20260929/checkout/node_modules/vite/dist/node/chunks/node.js:28153:30
[WebServer]       at async Promise.all (index 1)
[WebServer]       at async TransformPluginContext.transform (file:///tmp/cvg-aud0590-f07-20260929/checkout/node_modules/vite/dist/node/chunks/node.js:28119:4)
[WebServer]       at async EnvironmentPluginContainer.transform (file:///tmp/cvg-aud0590-f07-20260929/checkout/node_modules/vite/dist/node/chunks/node.js:30932:14)
[WebServer]       at async loadAndTransform (file:///tmp/cvg-aud0590-f07-20260929/checkout/node_modules/vite/dist/node/chunks/node.js:20671:26)
[WebServer]       at async viteTransformMiddleware (file:///tmp/cvg-aud0590-f07-20260929/checkout/node_modules/vite/dist/node/chunks/node.js:25205:20)

[1A[2K[WebServer] 3:17:06 AM [vite] Internal server error: Failed to resolve import "@cvg/shared" from "apps/web/src/features/platform/draft-helpers.ts". Does the file exist?
[WebServer]   Plugin: vite:import-analysis
[WebServer]   File: /tmp/cvg-aud0590-f07-20260929/checkout/apps/web/src/features/platform/draft-helpers.ts:9:36
[WebServer]   7  |  * platform characterization suite (unchanged behavior).
[WebServer]   8  |  */
[WebServer]   9  |  import { redactSensitiveText } from "@cvg/shared";
[WebServer]      |                                       ^
[WebServer]   10 |  import { parsePromptProfile, serializePromptBlocks, serializeResponseTemplates } from "./prompt-profile.ts";
[WebServer]   11 |  export const initialForm = {
[WebServer]       at TransformPluginContext._formatLog (file:///tmp/cvg-aud0590-f07-20260929/checkout/node_modules/vite/dist/node/chunks/node.js:31147:39)
[WebServer]       at TransformPluginContext.error (file:///tmp/cvg-aud0590-f07-20260929/checkout/node_modules/vite/dist/node/chunks/node.js:31144:14)
[WebServer]       at normalizeUrl (file:///tmp/cvg-aud0590-f07-20260929/checkout/node_modules/vite/dist/node/chunks/node.js:28083:18)
[WebServer]       at async file:///tmp/cvg-aud0590-f07-20260929/checkout/node_modules/vite/dist/node/chunks/node.js:28153:30
[WebServer]       at async Promise.all (index 0)
[WebServer]       at async TransformPluginContext.transform (file:///tmp/cvg-aud0590-f07-20260929/checkout/node_modules/vite/dist/node/chunks/node.js:28119:4)
[WebServer]       at async EnvironmentPluginContainer.transform (file:///tmp/cvg-aud0590-f07-20260929/checkout/node_modules/vite/dist/node/chunks/node.js:30932:14)
[WebServer]       at async loadAndTransform (file:///tmp/cvg-aud0590-f07-20260929/checkout/node_modules/vite/dist/node/chunks/node.js:20671:26)
[WebServer]       at async viteTransformMiddleware (file:///tmp/cvg-aud0590-f07-20260929/checkout/node_modules/vite/dist/node/chunks/node.js:25205:20)

[1A[2K  13) [webkit] › tests/e2e/rem21-014-qualification.spec.ts:217:7 › REM21-014 trusted browser qualification › expiry restores focus and recovers with a new trusted bootstrap 

    Error: [2mexpect([22m[31mlocator[39m[2m).[22mtoBeVisible[2m([22m[2m)[22m failed

    Locator: getByRole('heading', { name: 'CVG Agent Secretary' })
    Expected: visible
    Timeout: 5000ms
    Error: element(s) not found

    Call log:
    [2m  - Expect "toBeVisible" with timeout 5000ms[22m
    [2m  - waiting for getByRole('heading', { name: 'CVG Agent Secretary' })[22m


      75 |   await expect(
      76 |     page.getByRole('heading', { name: 'CVG Agent Secretary' })
    > 77 |   ).toBeVisible()
         |     ^
      78 |   await expect(
      79 |     page.getByText('Sessão confiável', { exact: true })
      80 |   ).toBeVisible()
        at openTrustedConsole (/tmp/cvg-aud0590-f07-20260929/checkout/tests/e2e/rem21-014-qualification.spec.ts:77:5)
        at /tmp/cvg-aud0590-f07-20260929/checkout/tests/e2e/rem21-014-qualification.spec.ts:222:5

    attachment #1: screenshot (image/png) ──────────────────────────────────────────────────────────
    ../test-results/rem21-014-qualification-RE-6dfaa-ith-a-new-trusted-bootstrap-webkit/test-failed-1.png
    ────────────────────────────────────────────────────────────────────────────────────────────────

    attachment #2: video (video/webm) ──────────────────────────────────────────────────────────────
    ../test-results/rem21-014-qualification-RE-6dfaa-ith-a-new-trusted-bootstrap-webkit/video.webm
    ────────────────────────────────────────────────────────────────────────────────────────────────

    Error Context: ../test-results/rem21-014-qualification-RE-6dfaa-ith-a-new-trusted-bootstrap-webkit/error-context.md

    attachment #4: trace (application/zip) ─────────────────────────────────────────────────────────
    ../test-results/rem21-014-qualification-RE-6dfaa-ith-a-new-trusted-bootstrap-webkit/trace.zip
    Usage:

        npx playwright show-trace ../test-results/rem21-014-qualification-RE-6dfaa-ith-a-new-trusted-bootstrap-webkit/trace.zip

    ────────────────────────────────────────────────────────────────────────────────────────────────


[1A[2K(node:1795158) Warning: The 'NO_COLOR' env is ignored due to the 'FORCE_COLOR' env being set.
(Use `node --trace-warnings ...` to show where the warning was created)


[1A[2K(node:1795158) Warning: The 'NO_COLOR' env is ignored due to the 'FORCE_COLOR' env being set.
(Use `node --trace-warnings ...` to show where the warning was created)


[1A[2K[14/15] [webkit] › tests/e2e/rem21-014-qualification.spec.ts:250:7 › REM21-014 trusted browser qualification › trusted role authorization keeps forbidden controls disabled
[1A[2K[WebServer] 3:17:14 AM [vite] Internal server error: Failed to resolve import "@cvg/shared" from "apps/web/src/api/client.ts". Does the file exist?
[WebServer]   Plugin: vite:import-analysis
[WebServer]   File: /tmp/cvg-aud0590-f07-20260929/checkout/apps/web/src/api/client.ts:1:54
[WebServer]   1  |  import { redactSensitiveText } from "@cvg/shared";
[WebServer]      |                                       ^
[WebServer]   2  |  export class ApiRequestError extends Error {
[WebServer]   3  |  	status;
[WebServer]       at TransformPluginContext._formatLog (file:///tmp/cvg-aud0590-f07-20260929/checkout/node_modules/vite/dist/node/chunks/node.js:31147:39)
[WebServer]       at TransformPluginContext.error (file:///tmp/cvg-aud0590-f07-20260929/checkout/node_modules/vite/dist/node/chunks/node.js:31144:14)
[WebServer]       at normalizeUrl (file:///tmp/cvg-aud0590-f07-20260929/checkout/node_modules/vite/dist/node/chunks/node.js:28083:18)
[WebServer]       at async file:///tmp/cvg-aud0590-f07-20260929/checkout/node_modules/vite/dist/node/chunks/node.js:28153:30
[WebServer]       at async Promise.all (index 0)
[WebServer]       at async TransformPluginContext.transform (file:///tmp/cvg-aud0590-f07-20260929/checkout/node_modules/vite/dist/node/chunks/node.js:28119:4)
[WebServer]       at async EnvironmentPluginContainer.transform (file:///tmp/cvg-aud0590-f07-20260929/checkout/node_modules/vite/dist/node/chunks/node.js:30932:14)
[WebServer]       at async loadAndTransform (file:///tmp/cvg-aud0590-f07-20260929/checkout/node_modules/vite/dist/node/chunks/node.js:20671:26)
[WebServer]       at async viteTransformMiddleware (file:///tmp/cvg-aud0590-f07-20260929/checkout/node_modules/vite/dist/node/chunks/node.js:25205:20)

[1A[2K[WebServer] 3:17:14 AM [vite] Internal server error: Failed to resolve import "@cvg/shared" from "apps/web/src/features/journeys/index.tsx". Does the file exist?
[WebServer]   Plugin: vite:import-analysis
[WebServer]   File: /tmp/cvg-aud0590-f07-20260929/checkout/apps/web/src/features/journeys/index.tsx:2:31
[WebServer]   1  |  import { useEffect, useRef, useState } from "react";
[WebServer]   2  |  import { createDomainId } from "@cvg/shared";
[WebServer]      |                                  ^
[WebServer]   3  |  import { apiClient } from "../../api/client.ts";
[WebServer]   4  |  var _jsxFileName = "/tmp/cvg-aud0590-f07-20260929/checkout/apps/web/src/features/journeys/index.tsx";
[WebServer]       at TransformPluginContext._formatLog (file:///tmp/cvg-aud0590-f07-20260929/checkout/node_modules/vite/dist/node/chunks/node.js:31147:39)
[WebServer]       at TransformPluginContext.error (file:///tmp/cvg-aud0590-f07-20260929/checkout/node_modules/vite/dist/node/chunks/node.js:31144:14)
[WebServer]       at normalizeUrl (file:///tmp/cvg-aud0590-f07-20260929/checkout/node_modules/vite/dist/node/chunks/node.js:28083:18)
[WebServer]       at async file:///tmp/cvg-aud0590-f07-20260929/checkout/node_modules/vite/dist/node/chunks/node.js:28153:30
[WebServer]       at async Promise.all (index 1)
[WebServer]       at async TransformPluginContext.transform (file:///tmp/cvg-aud0590-f07-20260929/checkout/node_modules/vite/dist/node/chunks/node.js:28119:4)
[WebServer]       at async EnvironmentPluginContainer.transform (file:///tmp/cvg-aud0590-f07-20260929/checkout/node_modules/vite/dist/node/chunks/node.js:30932:14)
[WebServer]       at async loadAndTransform (file:///tmp/cvg-aud0590-f07-20260929/checkout/node_modules/vite/dist/node/chunks/node.js:20671:26)
[WebServer]       at async viteTransformMiddleware (file:///tmp/cvg-aud0590-f07-20260929/checkout/node_modules/vite/dist/node/chunks/node.js:25205:20)

[1A[2K[WebServer] 3:17:14 AM [vite] (client) Pre-transform error: Failed to resolve import "@cvg/shared" from "apps/web/src/api/client.ts". Does the file exist?
[WebServer]   Plugin: vite:import-analysis
[WebServer]   File: /tmp/cvg-aud0590-f07-20260929/checkout/apps/web/src/api/client.ts:1:54
[WebServer]   1  |  import { redactSensitiveText } from "@cvg/shared";
[WebServer]      |                                       ^
[WebServer]   2  |  export class ApiRequestError extends Error {
[WebServer]   3  |  	status;

[1A[2K[WebServer] 3:17:14 AM [vite] Internal server error: Failed to resolve import "@cvg/shared" from "apps/web/src/features/platform/draft-helpers.ts". Does the file exist?
[WebServer]   Plugin: vite:import-analysis
[WebServer]   File: /tmp/cvg-aud0590-f07-20260929/checkout/apps/web/src/features/platform/draft-helpers.ts:9:36
[WebServer]   7  |  * platform characterization suite (unchanged behavior).
[WebServer]   8  |  */
[WebServer]   9  |  import { redactSensitiveText } from "@cvg/shared";
[WebServer]      |                                       ^
[WebServer]   10 |  import { parsePromptProfile, serializePromptBlocks, serializeResponseTemplates } from "./prompt-profile.ts";
[WebServer]   11 |  export const initialForm = {
[WebServer]       at TransformPluginContext._formatLog (file:///tmp/cvg-aud0590-f07-20260929/checkout/node_modules/vite/dist/node/chunks/node.js:31147:39)
[WebServer]       at TransformPluginContext.error (file:///tmp/cvg-aud0590-f07-20260929/checkout/node_modules/vite/dist/node/chunks/node.js:31144:14)
[WebServer]       at normalizeUrl (file:///tmp/cvg-aud0590-f07-20260929/checkout/node_modules/vite/dist/node/chunks/node.js:28083:18)
[WebServer]       at async file:///tmp/cvg-aud0590-f07-20260929/checkout/node_modules/vite/dist/node/chunks/node.js:28153:30
[WebServer]       at async Promise.all (index 0)
[WebServer]       at async TransformPluginContext.transform (file:///tmp/cvg-aud0590-f07-20260929/checkout/node_modules/vite/dist/node/chunks/node.js:28119:4)
[WebServer]       at async EnvironmentPluginContainer.transform (file:///tmp/cvg-aud0590-f07-20260929/checkout/node_modules/vite/dist/node/chunks/node.js:30932:14)
[WebServer]       at async loadAndTransform (file:///tmp/cvg-aud0590-f07-20260929/checkout/node_modules/vite/dist/node/chunks/node.js:20671:26)
[WebServer]       at async viteTransformMiddleware (file:///tmp/cvg-aud0590-f07-20260929/checkout/node_modules/vite/dist/node/chunks/node.js:25205:20)

[1A[2K  14) [webkit] › tests/e2e/rem21-014-qualification.spec.ts:250:7 › REM21-014 trusted browser qualification › trusted role authorization keeps forbidden controls disabled 

    Error: [2mexpect([22m[31mlocator[39m[2m).[22mtoBeVisible[2m([22m[2m)[22m failed

    Locator: getByRole('heading', { name: 'CVG Agent Secretary' })
    Expected: visible
    Timeout: 5000ms
    Error: element(s) not found

    Call log:
    [2m  - Expect "toBeVisible" with timeout 5000ms[22m
    [2m  - waiting for getByRole('heading', { name: 'CVG Agent Secretary' })[22m


      75 |   await expect(
      76 |     page.getByRole('heading', { name: 'CVG Agent Secretary' })
    > 77 |   ).toBeVisible()
         |     ^
      78 |   await expect(
      79 |     page.getByText('Sessão confiável', { exact: true })
      80 |   ).toBeVisible()
        at openTrustedConsole (/tmp/cvg-aud0590-f07-20260929/checkout/tests/e2e/rem21-014-qualification.spec.ts:77:5)
        at /tmp/cvg-aud0590-f07-20260929/checkout/tests/e2e/rem21-014-qualification.spec.ts:303:7

    attachment #1: screenshot (image/png) ──────────────────────────────────────────────────────────
    ../test-results/rem21-014-qualification-RE-6867e-forbidden-controls-disabled-webkit/test-failed-1.png
    ────────────────────────────────────────────────────────────────────────────────────────────────

    Error Context: ../test-results/rem21-014-qualification-RE-6867e-forbidden-controls-disabled-webkit/error-context.md

    attachment #3: trace (application/zip) ─────────────────────────────────────────────────────────
    ../test-results/rem21-014-qualification-RE-6867e-forbidden-controls-disabled-webkit/trace.zip
    Usage:

        npx playwright show-trace ../test-results/rem21-014-qualification-RE-6867e-forbidden-controls-disabled-webkit/trace.zip

    ────────────────────────────────────────────────────────────────────────────────────────────────


[1A[2K(node:1796143) Warning: The 'NO_COLOR' env is ignored due to the 'FORCE_COLOR' env being set.
(Use `node --trace-warnings ...` to show where the warning was created)


[1A[2K(node:1796143) Warning: The 'NO_COLOR' env is ignored due to the 'FORCE_COLOR' env being set.
(Use `node --trace-warnings ...` to show where the warning was created)


[1A[2K[15/15] [webkit] › tests/e2e/rem21-014-qualification.spec.ts:331:7 › REM21-014 trusted browser qualification › tenant rotation clears the previous tenant fixture and keeps requests trusted
[1A[2K[WebServer] 3:17:22 AM [vite] (client) Pre-transform error: Failed to resolve import "@cvg/shared" from "apps/web/src/api/client.ts". Does the file exist?
[WebServer]   Plugin: vite:import-analysis
[WebServer]   File: /tmp/cvg-aud0590-f07-20260929/checkout/apps/web/src/api/client.ts:1:54
[WebServer]   1  |  import { redactSensitiveText } from "@cvg/shared";
[WebServer]      |                                       ^
[WebServer]   2  |  export class ApiRequestError extends Error {
[WebServer]   3  |  	status;

[1A[2K[WebServer] 3:17:22 AM [vite] Internal server error: Failed to resolve import "@cvg/shared" from "apps/web/src/api/client.ts". Does the file exist?
[WebServer]   Plugin: vite:import-analysis
[WebServer]   File: /tmp/cvg-aud0590-f07-20260929/checkout/apps/web/src/api/client.ts:1:54
[WebServer]   1  |  import { redactSensitiveText } from "@cvg/shared";
[WebServer]      |                                       ^
[WebServer]   2  |  export class ApiRequestError extends Error {
[WebServer]   3  |  	status;
[WebServer]       at TransformPluginContext._formatLog (file:///tmp/cvg-aud0590-f07-20260929/checkout/node_modules/vite/dist/node/chunks/node.js:31147:39)
[WebServer]       at TransformPluginContext.error (file:///tmp/cvg-aud0590-f07-20260929/checkout/node_modules/vite/dist/node/chunks/node.js:31144:14)
[WebServer]       at normalizeUrl (file:///tmp/cvg-aud0590-f07-20260929/checkout/node_modules/vite/dist/node/chunks/node.js:28083:18)
[WebServer]       at async file:///tmp/cvg-aud0590-f07-20260929/checkout/node_modules/vite/dist/node/chunks/node.js:28153:30
[WebServer]       at async Promise.all (index 0)
[WebServer]       at async TransformPluginContext.transform (file:///tmp/cvg-aud0590-f07-20260929/checkout/node_modules/vite/dist/node/chunks/node.js:28119:4)
[WebServer]       at async EnvironmentPluginContainer.transform (file:///tmp/cvg-aud0590-f07-20260929/checkout/node_modules/vite/dist/node/chunks/node.js:30932:14)
[WebServer]       at async loadAndTransform (file:///tmp/cvg-aud0590-f07-20260929/checkout/node_modules/vite/dist/node/chunks/node.js:20671:26)

[1A[2K[WebServer] 3:17:22 AM [vite] Internal server error: Failed to resolve import "@cvg/shared" from "apps/web/src/features/journeys/index.tsx". Does the file exist?
[WebServer]   Plugin: vite:import-analysis
[WebServer]   File: /tmp/cvg-aud0590-f07-20260929/checkout/apps/web/src/features/journeys/index.tsx:2:31
[WebServer]   1  |  import { useEffect, useRef, useState } from "react";
[WebServer]   2  |  import { createDomainId } from "@cvg/shared";
[WebServer]      |                                  ^
[WebServer]   3  |  import { apiClient } from "../../api/client.ts";
[WebServer]   4  |  var _jsxFileName = "/tmp/cvg-aud0590-f07-20260929/checkout/apps/web/src/features/journeys/index.tsx";
[WebServer]       at TransformPluginContext._formatLog (file:///tmp/cvg-aud0590-f07-20260929/checkout/node_modules/vite/dist/node/chunks/node.js:31147:39)
[WebServer]       at TransformPluginContext.error (file:///tmp/cvg-aud0590-f07-20260929/checkout/node_modules/vite/dist/node/chunks/node.js:31144:14)
[WebServer]       at normalizeUrl (file:///tmp/cvg-aud0590-f07-20260929/checkout/node_modules/vite/dist/node/chunks/node.js:28083:18)
[WebServer]       at async file:///tmp/cvg-aud0590-f07-20260929/checkout/node_modules/vite/dist/node/chunks/node.js:28153:30
[WebServer]       at async Promise.all (index 1)
[WebServer]       at async TransformPluginContext.transform (file:///tmp/cvg-aud0590-f07-20260929/checkout/node_modules/vite/dist/node/chunks/node.js:28119:4)
[WebServer]       at async EnvironmentPluginContainer.transform (file:///tmp/cvg-aud0590-f07-20260929/checkout/node_modules/vite/dist/node/chunks/node.js:30932:14)
[WebServer]       at async loadAndTransform (file:///tmp/cvg-aud0590-f07-20260929/checkout/node_modules/vite/dist/node/chunks/node.js:20671:26)
[WebServer]       at async viteTransformMiddleware (file:///tmp/cvg-aud0590-f07-20260929/checkout/node_modules/vite/dist/node/chunks/node.js:25205:20)

[1A[2K[WebServer] 3:17:22 AM [vite] Internal server error: Failed to resolve import "@cvg/shared" from "apps/web/src/features/platform/draft-helpers.ts". Does the file exist?
[WebServer]   Plugin: vite:import-analysis
[WebServer]   File: /tmp/cvg-aud0590-f07-20260929/checkout/apps/web/src/features/platform/draft-helpers.ts:9:36
[WebServer]   7  |  * platform characterization suite (unchanged behavior).
[WebServer]   8  |  */
[WebServer]   9  |  import { redactSensitiveText } from "@cvg/shared";
[WebServer]      |                                       ^
[WebServer]   10 |  import { parsePromptProfile, serializePromptBlocks, serializeResponseTemplates } from "./prompt-profile.ts";
[WebServer]   11 |  export const initialForm = {
[WebServer]       at TransformPluginContext._formatLog (file:///tmp/cvg-aud0590-f07-20260929/checkout/node_modules/vite/dist/node/chunks/node.js:31147:39)
[WebServer]       at TransformPluginContext.error (file:///tmp/cvg-aud0590-f07-20260929/checkout/node_modules/vite/dist/node/chunks/node.js:31144:14)
[WebServer]       at normalizeUrl (file:///tmp/cvg-aud0590-f07-20260929/checkout/node_modules/vite/dist/node/chunks/node.js:28083:18)
[WebServer]       at async file:///tmp/cvg-aud0590-f07-20260929/checkout/node_modules/vite/dist/node/chunks/node.js:28153:30
[WebServer]       at async Promise.all (index 0)
[WebServer]       at async TransformPluginContext.transform (file:///tmp/cvg-aud0590-f07-20260929/checkout/node_modules/vite/dist/node/chunks/node.js:28119:4)
[WebServer]       at async EnvironmentPluginContainer.transform (file:///tmp/cvg-aud0590-f07-20260929/checkout/node_modules/vite/dist/node/chunks/node.js:30932:14)
[WebServer]       at async loadAndTransform (file:///tmp/cvg-aud0590-f07-20260929/checkout/node_modules/vite/dist/node/chunks/node.js:20671:26)
[WebServer]       at async viteTransformMiddleware (file:///tmp/cvg-aud0590-f07-20260929/checkout/node_modules/vite/dist/node/chunks/node.js:25205:20)

[1A[2K  15) [webkit] › tests/e2e/rem21-014-qualification.spec.ts:331:7 › REM21-014 trusted browser qualification › tenant rotation clears the previous tenant fixture and keeps requests trusted 

    Error: [2mexpect([22m[31mlocator[39m[2m).[22mtoBeVisible[2m([22m[2m)[22m failed

    Locator: getByRole('heading', { name: 'CVG Agent Secretary' })
    Expected: visible
    Timeout: 5000ms
    Error: element(s) not found

    Call log:
    [2m  - Expect "toBeVisible" with timeout 5000ms[22m
    [2m  - waiting for getByRole('heading', { name: 'CVG Agent Secretary' })[22m


      75 |   await expect(
      76 |     page.getByRole('heading', { name: 'CVG Agent Secretary' })
    > 77 |   ).toBeVisible()
         |     ^
      78 |   await expect(
      79 |     page.getByText('Sessão confiável', { exact: true })
      80 |   ).toBeVisible()
        at openTrustedConsole (/tmp/cvg-aud0590-f07-20260929/checkout/tests/e2e/rem21-014-qualification.spec.ts:77:5)
        at /tmp/cvg-aud0590-f07-20260929/checkout/tests/e2e/rem21-014-qualification.spec.ts:371:5

    attachment #1: screenshot (image/png) ──────────────────────────────────────────────────────────
    ../test-results/rem21-014-qualification-RE-9179a--and-keeps-requests-trusted-webkit/test-failed-1.png
    ────────────────────────────────────────────────────────────────────────────────────────────────

    attachment #2: video (video/webm) ──────────────────────────────────────────────────────────────
    ../test-results/rem21-014-qualification-RE-9179a--and-keeps-requests-trusted-webkit/video.webm
    ────────────────────────────────────────────────────────────────────────────────────────────────

    Error Context: ../test-results/rem21-014-qualification-RE-9179a--and-keeps-requests-trusted-webkit/error-context.md

    attachment #4: trace (application/zip) ─────────────────────────────────────────────────────────
    ../test-results/rem21-014-qualification-RE-9179a--and-keeps-requests-trusted-webkit/trace.zip
    Usage:

        npx playwright show-trace ../test-results/rem21-014-qualification-RE-9179a--and-keeps-requests-trusted-webkit/trace.zip

    ────────────────────────────────────────────────────────────────────────────────────────────────


[1A[2K  15 failed
    [chromium] › tests/e2e/rem21-014-qualification.spec.ts:151:7 › REM21-014 trusted browser qualification › trusted login has no editable authority and passes axe WCAG A/AA 
    [chromium] › tests/e2e/rem21-014-qualification.spec.ts:163:7 › REM21-014 trusted browser qualification › keyboard, focus, contrast, reduced motion and responsive shell remain operable 
    [chromium] › tests/e2e/rem21-014-qualification.spec.ts:217:7 › REM21-014 trusted browser qualification › expiry restores focus and recovers with a new trusted bootstrap 
    [chromium] › tests/e2e/rem21-014-qualification.spec.ts:250:7 › REM21-014 trusted browser qualification › trusted role authorization keeps forbidden controls disabled 
    [chromium] › tests/e2e/rem21-014-qualification.spec.ts:331:7 › REM21-014 trusted browser qualification › tenant rotation clears the previous tenant fixture and keeps requests trusted 
    [firefox] › tests/e2e/rem21-014-qualification.spec.ts:151:7 › REM21-014 trusted browser qualification › trusted login has no editable authority and passes axe WCAG A/AA 
    [firefox] › tests/e2e/rem21-014-qualification.spec.ts:163:7 › REM21-014 trusted browser qualification › keyboard, focus, contrast, reduced motion and responsive shell remain operable 
    [firefox] › tests/e2e/rem21-014-qualification.spec.ts:217:7 › REM21-014 trusted browser qualification › expiry restores focus and recovers with a new trusted bootstrap 
    [firefox] › tests/e2e/rem21-014-qualification.spec.ts:250:7 › REM21-014 trusted browser qualification › trusted role authorization keeps forbidden controls disabled 
    [firefox] › tests/e2e/rem21-014-qualification.spec.ts:331:7 › REM21-014 trusted browser qualification › tenant rotation clears the previous tenant fixture and keeps requests trusted 
    [webkit] › tests/e2e/rem21-014-qualification.spec.ts:151:7 › REM21-014 trusted browser qualification › trusted login has no editable authority and passes axe WCAG A/AA 
    [webkit] › tests/e2e/rem21-014-qualification.spec.ts:163:7 › REM21-014 trusted browser qualification › keyboard, focus, contrast, reduced motion and responsive shell remain operable 
    [webkit] › tests/e2e/rem21-014-qualification.spec.ts:217:7 › REM21-014 trusted browser qualification › expiry restores focus and recovers with a new trusted bootstrap 
    [webkit] › tests/e2e/rem21-014-qualification.spec.ts:250:7 › REM21-014 trusted browser qualification › trusted role authorization keeps forbidden controls disabled 
    [webkit] › tests/e2e/rem21-014-qualification.spec.ts:331:7 › REM21-014 trusted browser qualification › tenant rotation clears the previous tenant fixture and keeps requests trusted 
